logical_event_id,score,anomaly_candidate,case_id,process_id,parent_process_id,process,timestamp,is_first_event,provenance,evidence_ids,evidence_traceable,experiment_id,experiment_name,model_type,feature_groups,feature_component_counts,feature_count,feature_columns,score_scale,fusion_alpha,temporal_component_score,graph_component_score,rank,top_5_candidate
LEVT-M57-Jean-PROCESS-1204-20091123165512,0.06781888490046095,True,M57-Jean,1204,3180,iexplore.exe,2009-11-23 16:55:12+00:00,0,Volatility 3 windows.pstree from M57-Jean memory image | Volatility 3 windows.pslist from M57-Jean memory image,M57-Jean-MEM-PSLIST-33;M57-Jean-MEM-PSTREE-43,True,E1,Temporal-only,single IsolationForest,A,"{""joint"":16}",16,gap_log_seconds;time_since_previous_event_seconds;events_prev_10s;events_next_10s;local_density_10s;events_prev_30s;events_next_30s;local_density_30s;events_prev_60s;events_next_60s;local_density_60s;process_changed;rapid_event;short_event_gap;medium_event_gap;long_event_gap,negative IsolationForest decision_function,,,,1,True
LEVT-M57-Jean-PROCESS-2080-20091123221633,0.0459236968011435,True,M57-Jean,2080,1944,swriter.exe,2009-11-23 22:16:33+00:00,0,Volatility 3 windows.pstree from M57-Jean memory image | Volatility 3 windows.pslist from M57-Jean memory image,M57-Jean-MEM-PSLIST-41;M57-Jean-MEM-PSTREE-31,True,E1,Temporal-only,single IsolationForest,A,"{""joint"":16}",16,gap_log_seconds;time_since_previous_event_seconds;events_prev_10s;events_next_10s;local_density_10s;events_prev_30s;events_next_30s;local_density_30s;events_prev_60s;events_next_60s;local_density_60s;process_changed;rapid_event;short_event_gap;medium_event_gap;long_event_gap,negative IsolationForest decision_function,,,,2,True
LEVT-M57-Jean-PROCESS-1572-20091121013258,0.02952937915981113,True,M57-Jean,1572,976,svchost.exe,2009-11-21 01:32:58+00:00,0,Volatility 3 windows.pstree from M57-Jean memory image | Volatility 3 windows.pslist from M57-Jean memory image,M57-Jean-MEM-PSLIST-16;M57-Jean-MEM-PSTREE-15,True,E1,Temporal-only,single IsolationForest,A,"{""joint"":16}",16,gap_log_seconds;time_since_previous_event_seconds;events_prev_10s;events_next_10s;local_density_10s;events_prev_30s;events_next_30s;local_density_30s;events_prev_60s;events_next_60s;local_density_60s;process_changed;rapid_event;short_event_gap;medium_event_gap;long_event_gap,negative IsolationForest decision_function,,,,3,True
LEVT-M57-Jean-PROCESS-3996-20091121013335,0.027788127838316523,True,M57-Jean,3996,976,alg.exe,2009-11-21 01:33:35+00:00,0,Volatility 3 windows.pstree from M57-Jean memory image | Volatility 3 windows.pslist from M57-Jean memory image,M57-Jean-MEM-PSLIST-31;M57-Jean-MEM-PSTREE-17,True,E1,Temporal-only,single IsolationForest,A,"{""joint"":16}",16,gap_log_seconds;time_since_previous_event_seconds;events_prev_10s;events_next_10s;local_density_10s;events_prev_30s;events_next_30s;local_density_30s;events_prev_60s;events_next_60s;local_density_60s;process_changed;rapid_event;short_event_gap;medium_event_gap;long_event_gap,negative IsolationForest decision_function,,,,4,True
LEVT-M57-Jean-PROCESS-3992-20091123170451,0.006122098469898751,True,M57-Jean,3992,3180,iexplore.exe,2009-11-23 17:04:51+00:00,0,Volatility 3 windows.pstree from M57-Jean memory image | Volatility 3 windows.pslist from M57-Jean memory image,M57-Jean-MEM-PSLIST-35;M57-Jean-MEM-PSTREE-44,True,E1,Temporal-only,single IsolationForest,A,"{""joint"":16}",16,gap_log_seconds;time_since_previous_event_seconds;events_prev_10s;events_next_10s;local_density_10s;events_prev_30s;events_next_30s;local_density_30s;events_prev_60s;events_next_60s;local_density_60s;process_changed;rapid_event;short_event_gap;medium_event_gap;long_event_gap,negative IsolationForest decision_function,,,,5,True
LEVT-M57-Jean-PROCESS-908-20091121013232,-0.006122098469898862,False,M57-Jean,908,812,csrss.exe,2009-11-21 01:32:32+00:00,0,Volatility 3 windows.pstree from M57-Jean memory image | Volatility 3 windows.pslist from M57-Jean memory image,M57-Jean-MEM-PSLIST-2;M57-Jean-MEM-PSTREE-28,True,E1,Temporal-only,single IsolationForest,A,"{""joint"":16}",16,gap_log_seconds;time_since_previous_event_seconds;events_prev_10s;events_next_10s;local_density_10s;events_prev_30s;events_next_30s;local_density_30s;events_prev_60s;events_next_60s;local_density_60s;process_changed;rapid_event;short_event_gap;medium_event_gap;long_event_gap,negative IsolationForest decision_function,,,,6,False
LEVT-M57-Jean-PROCESS-2840-20091123170451,-0.03012892417649249,False,M57-Jean,2840,3180,iexplore.exe,2009-11-23 17:04:51+00:00,0,Volatility 3 windows.pstree from M57-Jean memory image | Volatility 3 windows.pslist from M57-Jean memory image,M57-Jean-MEM-PSLIST-36;M57-Jean-MEM-PSTREE-45,True,E1,Temporal-only,single IsolationForest,A,"{""joint"":16}",16,gap_log_seconds;time_since_previous_event_seconds;events_prev_10s;events_next_10s;local_density_10s;events_prev_30s;events_next_30s;local_density_30s;events_prev_60s;events_next_60s;local_density_60s;process_changed;rapid_event;short_event_gap;medium_event_gap;long_event_gap,negative IsolationForest decision_function,,,,7,False
LEVT-M57-Jean-PROCESS-2004-20091123235245,-0.03255050833603412,False,M57-Jean,2004,1664,avgcmgr.exe,2009-11-23 23:52:45+00:00,0,Volatility 3 windows.pstree from M57-Jean memory image | Volatility 3 windows.pslist from M57-Jean memory image,M57-Jean-MEM-PSLIST-45;M57-Jean-MEM-PSTREE-9,True,E1,Temporal-only,single IsolationForest,A,"{""joint"":16}",16,gap_log_seconds;time_since_previous_event_seconds;events_prev_10s;events_next_10s;local_density_10s;events_prev_30s;events_next_30s;local_density_30s;events_prev_60s;events_next_60s;local_density_60s;process_changed;rapid_event;short_event_gap;medium_event_gap;long_event_gap,negative IsolationForest decision_function,,,,8,False
LEVT-M57-Jean-PROCESS-3560-20091123221635,-0.03706125800507909,False,M57-Jean,3560,3908,soffice.bin,2009-11-23 22:16:35+00:00,0,Volatility 3 windows.pstree from M57-Jean memory image | Volatility 3 windows.pslist from M57-Jean memory image,M57-Jean-MEM-PSLIST-43;M57-Jean-MEM-PSTREE-33,True,E1,Temporal-only,single IsolationForest,A,"{""joint"":16}",16,gap_log_seconds;time_since_previous_event_seconds;events_prev_10s;events_next_10s;local_density_10s;events_prev_30s;events_next_30s;local_density_30s;events_prev_60s;events_next_60s;local_density_60s;process_changed;rapid_event;short_event_gap;medium_event_gap;long_event_gap,negative IsolationForest decision_function,,,,9,False
LEVT-M57-Jean-PROCESS-2488-20091121013317,-0.038865385539392894,False,M57-Jean,2488,2132,avgcsrvx.exe,2009-11-21 01:33:17+00:00,0,Volatility 3 windows.pstree from M57-Jean memory image | Volatility 3 windows.pslist from M57-Jean memory image,M57-Jean-MEM-PSLIST-30;M57-Jean-MEM-PSTREE-21,True,E1,Temporal-only,single IsolationForest,A,"{""joint"":16}",16,gap_log_seconds;time_since_previous_event_seconds;events_prev_10s;events_next_10s;local_density_10s;events_prev_30s;events_next_30s;local_density_30s;events_prev_60s;events_next_60s;local_density_60s;process_changed;rapid_event;short_event_gap;medium_event_gap;long_event_gap,negative IsolationForest decision_function,,,,10,False
LEVT-M57-Jean-PROCESS-4028-20091123171439,-0.03911398204687555,False,M57-Jean,4028,3180,iexplore.exe,2009-11-23 17:14:39+00:00,0,Volatility 3 windows.pstree from M57-Jean memory image | Volatility 3 windows.pslist from M57-Jean memory image,M57-Jean-MEM-PSLIST-37;M57-Jean-MEM-PSTREE-46,True,E1,Temporal-only,single IsolationForest,A,"{""joint"":16}",16,gap_log_seconds;time_since_previous_event_seconds;events_prev_10s;events_next_10s;local_density_10s;events_prev_30s;events_next_30s;local_density_30s;events_prev_60s;events_next_60s;local_density_60s;process_changed;rapid_event;short_event_gap;medium_event_gap;long_event_gap,negative IsolationForest decision_function,,,,11,False
LEVT-M57-Jean-PROCESS-3908-20091123221634,-0.04200638388967015,False,M57-Jean,3908,2080,soffice.exe,2009-11-23 22:16:34+00:00,0,Volatility 3 windows.pstree from M57-Jean memory image | Volatility 3 windows.pslist from M57-Jean memory image,M57-Jean-MEM-PSLIST-42;M57-Jean-MEM-PSTREE-32,True,E1,Temporal-only,single IsolationForest,A,"{""joint"":16}",16,gap_log_seconds;time_since_previous_event_seconds;events_prev_10s;events_next_10s;local_density_10s;events_prev_30s;events_next_30s;local_density_30s;events_prev_60s;events_next_60s;local_density_60s;process_changed;rapid_event;short_event_gap;medium_event_gap;long_event_gap,negative IsolationForest decision_function,,,,12,False
LEVT-M57-Jean-PROCESS-208-20091123165519,-0.04282662468019116,False,M57-Jean,208,1944,msimn.exe,2009-11-23 16:55:19+00:00,0,Volatility 3 windows.pstree from M57-Jean memory image | Volatility 3 windows.pslist from M57-Jean memory image,M57-Jean-MEM-PSLIST-34;M57-Jean-MEM-PSTREE-41,True,E1,Temporal-only,single IsolationForest,A,"{""joint"":16}",16,gap_log_seconds;time_since_previous_event_seconds;events_prev_10s;events_next_10s;local_density_10s;events_prev_30s;events_next_30s;local_density_30s;events_prev_60s;events_next_60s;local_density_60s;process_changed;rapid_event;short_event_gap;medium_event_gap;long_event_gap,negative IsolationForest decision_function,,,,13,False
LEVT-M57-Jean-PROCESS-2892-20091123220335,-0.04868303780011651,False,M57-Jean,2892,1944,firefox.exe,2009-11-23 22:03:35+00:00,0,Volatility 3 windows.pstree from M57-Jean memory image | Volatility 3 windows.pslist from M57-Jean memory image,M57-Jean-MEM-PSLIST-39;M57-Jean-MEM-PSTREE-37,True,E1,Temporal-only,single IsolationForest,A,"{""joint"":16}",16,gap_log_seconds;time_since_previous_event_seconds;events_prev_10s;events_next_10s;local_density_10s;events_prev_30s;events_next_30s;local_density_30s;events_prev_60s;events_next_60s;local_density_60s;process_changed;rapid_event;short_event_gap;medium_event_gap;long_event_gap,negative IsolationForest decision_function,,,,14,False
LEVT-M57-Jean-PROCESS-932-20091121013232,-0.05601615546808125,False,M57-Jean,932,812,winlogon.exe,2009-11-21 01:32:32+00:00,0,Volatility 3 windows.pstree from M57-Jean memory image | Volatility 3 windows.pslist from M57-Jean memory image,M57-Jean-MEM-PSLIST-3;M57-Jean-MEM-PSTREE-2,True,E1,Temporal-only,single IsolationForest,A,"{""joint"":16}",16,gap_log_seconds;time_since_previous_event_seconds;events_prev_10s;events_next_10s;local_density_10s;events_prev_30s;events_next_30s;local_density_30s;events_prev_60s;events_next_60s;local_density_60s;process_changed;rapid_event;short_event_gap;medium_event_gap;long_event_gap,negative IsolationForest decision_function,,,,15,False
LEVT-M57-Jean-PROCESS-1248-20091121013234,-0.05604311908768145,False,M57-Jean,1248,976,svchost.exe,2009-11-21 01:32:34+00:00,0,Volatility 3 windows.pstree from M57-Jean memory image | Volatility 3 windows.pslist from M57-Jean memory image,M57-Jean-MEM-PSLIST-7;M57-Jean-MEM-PSTREE-5,True,E1,Temporal-only,single IsolationForest,A,"{""joint"":16}",16,gap_log_seconds;time_since_previous_event_seconds;events_prev_10s;events_next_10s;local_density_10s;events_prev_30s;events_next_30s;local_density_30s;events_prev_60s;events_next_60s;local_density_60s;process_changed;rapid_event;short_event_gap;medium_event_gap;long_event_gap,negative IsolationForest decision_function,,,,16,False
LEVT-M57-Jean-PROCESS-1372-20091121013235,-0.05974404551386281,False,M57-Jean,1372,976,svchost.exe,2009-11-21 01:32:35+00:00,0,Volatility 3 windows.pstree from M57-Jean memory image | Volatility 3 windows.pslist from M57-Jean memory image,M57-Jean-MEM-PSLIST-8;M57-Jean-MEM-PSTREE-23,True,E1,Temporal-only,single IsolationForest,A,"{""joint"":16}",16,gap_log_seconds;time_since_previous_event_seconds;events_prev_10s;events_next_10s;local_density_10s;events_prev_30s;events_next_30s;local_density_30s;events_prev_60s;events_next_60s;local_density_60s;process_changed;rapid_event;short_event_gap;medium_event_gap;long_event_gap,negative IsolationForest decision_function,,,,17,False
LEVT-M57-Jean-PROCESS-2992-20091124000124,-0.06156398451078271,False,M57-Jean,2992,620,mdd_1.3.exe,2009-11-24 00:01:24+00:00,0,Volatility 3 windows.pstree from M57-Jean memory image | Volatility 3 windows.pslist from M57-Jean memory image,M57-Jean-MEM-PSLIST-47;M57-Jean-MEM-PSTREE-39,True,E1,Temporal-only,single IsolationForest,A,"{""joint"":16}",16,gap_log_seconds;time_since_previous_event_seconds;events_prev_10s;events_next_10s;local_density_10s;events_prev_30s;events_next_30s;local_density_30s;events_prev_60s;events_next_60s;local_density_60s;process_changed;rapid_event;short_event_gap;medium_event_gap;long_event_gap,negative IsolationForest decision_function,,,,18,False
LEVT-M57-Jean-PROCESS-1356-20091121013448,-0.06437844836802609,False,M57-Jean,1356,2296,avgcsrvx.exe,2009-11-21 01:34:48+00:00,0,Volatility 3 windows.pstree from M57-Jean memory image | Volatility 3 windows.pslist from M57-Jean memory image,M57-Jean-MEM-PSLIST-32;M57-Jean-MEM-PSTREE-11,True,E1,Temporal-only,single IsolationForest,A,"{""joint"":16}",16,gap_log_seconds;time_since_previous_event_seconds;events_prev_10s;events_next_10s;local_density_10s;events_prev_30s;events_next_30s;local_density_30s;events_prev_60s;events_next_60s;local_density_60s;process_changed;rapid_event;short_event_gap;medium_event_gap;long_event_gap,negative IsolationForest decision_function,,,,19,False
LEVT-M57-Jean-PROCESS-1432-20091121013235,-0.07428812726992706,False,M57-Jean,1432,976,svchost.exe,2009-11-21 01:32:35+00:00,0,Volatility 3 windows.pstree from M57-Jean memory image | Volatility 3 windows.pslist from M57-Jean memory image,M57-Jean-MEM-PSLIST-9;M57-Jean-MEM-PSTREE-22,True,E1,Temporal-only,single IsolationForest,A,"{""joint"":16}",16,gap_log_seconds;time_since_previous_event_seconds;events_prev_10s;events_next_10s;local_density_10s;events_prev_30s;events_next_30s;local_density_30s;events_prev_60s;events_next_60s;local_density_60s;process_changed;rapid_event;short_event_gap;medium_event_gap;long_event_gap,negative IsolationForest decision_function,,,,20,False
LEVT-M57-Jean-PROCESS-1996-20091121013242,-0.08010903108757528,False,M57-Jean,1996,976,spoolsv.exe,2009-11-21 01:32:42+00:00,0,Volatility 3 windows.pstree from M57-Jean memory image | Volatility 3 windows.pslist from M57-Jean memory image,M57-Jean-MEM-PSLIST-14;M57-Jean-MEM-PSTREE-18,True,E1,Temporal-only,single IsolationForest,A,"{""joint"":16}",16,gap_log_seconds;time_since_previous_event_seconds;events_prev_10s;events_next_10s;local_density_10s;events_prev_30s;events_next_30s;local_density_30s;events_prev_60s;events_next_60s;local_density_60s;process_changed;rapid_event;short_event_gap;medium_event_gap;long_event_gap,negative IsolationForest decision_function,,,,21,False
LEVT-M57-Jean-PROCESS-976-20091121013232,-0.08264444474569987,False,M57-Jean,976,932,services.exe,2009-11-21 01:32:32+00:00,0,Volatility 3 windows.pstree from M57-Jean memory image | Volatility 3 windows.pslist from M57-Jean memory image,M57-Jean-MEM-PSLIST-4;M57-Jean-MEM-PSTREE-3,True,E1,Temporal-only,single IsolationForest,A,"{""joint"":16}",16,gap_log_seconds;time_since_previous_event_seconds;events_prev_10s;events_next_10s;local_density_10s;events_prev_30s;events_next_30s;local_density_30s;events_prev_60s;events_next_60s;local_density_60s;process_changed;rapid_event;short_event_gap;medium_event_gap;long_event_gap,negative IsolationForest decision_function,,,,22,False
LEVT-M57-Jean-PROCESS-2296-20091121013314,-0.08380069845566901,False,M57-Jean,2296,1664,avgnsx.exe,2009-11-21 01:33:14+00:00,0,Volatility 3 windows.pstree from M57-Jean memory image | Volatility 3 windows.pslist from M57-Jean memory image,M57-Jean-MEM-PSLIST-29;M57-Jean-MEM-PSTREE-10,True,E1,Temporal-only,single IsolationForest,A,"{""joint"":16}",16,gap_log_seconds;time_since_previous_event_seconds;events_prev_10s;events_next_10s;local_density_10s;events_prev_30s;events_next_30s;local_density_30s;events_prev_60s;events_next_60s;local_density_60s;process_changed;rapid_event;short_event_gap;medium_event_gap;long_event_gap,negative IsolationForest decision_function,,,,23,False
LEVT-M57-Jean-PROCESS-2028-20091121013242,-0.08510334908325329,False,M57-Jean,2028,976,AVGIDSAgent.exe,2009-11-21 01:32:42+00:00,0,Volatility 3 windows.pstree from M57-Jean memory image | Volatility 3 windows.pslist from M57-Jean memory image,M57-Jean-MEM-PSLIST-15;M57-Jean-MEM-PSTREE-19,True,E1,Temporal-only,single IsolationForest,A,"{""joint"":16}",16,gap_log_seconds;time_since_previous_event_seconds;events_prev_10s;events_next_10s;local_density_10s;events_prev_30s;events_next_30s;local_density_30s;events_prev_60s;events_next_60s;local_density_60s;process_changed;rapid_event;short_event_gap;medium_event_gap;long_event_gap,negative IsolationForest decision_function,,,,24,False
LEVT-M57-Jean-PROCESS-1152-20091121013234,-0.08684587637490954,False,M57-Jean,1152,976,svchost.exe,2009-11-21 01:32:34+00:00,0,Volatility 3 windows.pstree from M57-Jean memory image | Volatility 3 windows.pslist from M57-Jean memory image,M57-Jean-MEM-PSLIST-6;M57-Jean-MEM-PSTREE-4,True,E1,Temporal-only,single IsolationForest,A,"{""joint"":16}",16,gap_log_seconds;time_since_previous_event_seconds;events_prev_10s;events_next_10s;local_density_10s;events_prev_30s;events_next_30s;local_density_30s;events_prev_60s;events_next_60s;local_density_60s;process_changed;rapid_event;short_event_gap;medium_event_gap;long_event_gap,negative IsolationForest decision_function,,,,25,False
LEVT-M57-Jean-PROCESS-344-20091121013301,-0.08783791869604829,False,M57-Jean,344,976,jqs.exe,2009-11-21 01:33:01+00:00,0,Volatility 3 windows.pstree from M57-Jean memory image | Volatility 3 windows.pslist from M57-Jean memory image,M57-Jean-MEM-PSLIST-19;M57-Jean-MEM-PSTREE-13,True,E1,Temporal-only,single IsolationForest,A,"{""joint"":16}",16,gap_log_seconds;time_since_previous_event_seconds;events_prev_10s;events_next_10s;local_density_10s;events_prev_30s;events_next_30s;local_density_30s;events_prev_60s;events_next_60s;local_density_60s;process_changed;rapid_event;short_event_gap;medium_event_gap;long_event_gap,negative IsolationForest decision_function,,,,26,False
LEVT-M57-Jean-PROCESS-1664-20091121013258,-0.09134622944427978,False,M57-Jean,1664,976,avgwdsvc.exe,2009-11-21 01:32:58+00:00,0,Volatility 3 windows.pstree from M57-Jean memory image | Volatility 3 windows.pslist from M57-Jean memory image,M57-Jean-MEM-PSLIST-17;M57-Jean-MEM-PSTREE-6,True,E1,Temporal-only,single IsolationForest,A,"{""joint"":16}",16,gap_log_seconds;time_since_previous_event_seconds;events_prev_10s;events_next_10s;local_density_10s;events_prev_30s;events_next_30s;local_density_30s;events_prev_60s;events_next_60s;local_density_60s;process_changed;rapid_event;short_event_gap;medium_event_gap;long_event_gap,negative IsolationForest decision_function,,,,27,False
LEVT-M57-Jean-PROCESS-2244-20091121013313,-0.09394335638396484,False,M57-Jean,2244,1664,avgam.exe,2009-11-21 01:33:13+00:00,0,Volatility 3 windows.pstree from M57-Jean memory image | Volatility 3 windows.pslist from M57-Jean memory image,M57-Jean-MEM-PSLIST-28;M57-Jean-MEM-PSTREE-8,True,E1,Temporal-only,single IsolationForest,A,"{""joint"":16}",16,gap_log_seconds;time_since_previous_event_seconds;events_prev_10s;events_next_10s;local_density_10s;events_prev_30s;events_next_30s;local_density_30s;events_prev_60s;events_next_60s;local_density_60s;process_changed;rapid_event;short_event_gap;medium_event_gap;long_event_gap,negative IsolationForest decision_function,,,,28,False
LEVT-M57-Jean-PROCESS-988-20091121013232,-0.09594777295525292,False,M57-Jean,988,932,lsass.exe,2009-11-21 01:32:32+00:00,0,Volatility 3 windows.pstree from M57-Jean memory image | Volatility 3 windows.pslist from M57-Jean memory image,M57-Jean-MEM-PSLIST-5;M57-Jean-MEM-PSTREE-24,True,E1,Temporal-only,single IsolationForest,A,"{""joint"":16}",16,gap_log_seconds;time_since_previous_event_seconds;events_prev_10s;events_next_10s;local_density_10s;events_prev_30s;events_next_30s;local_density_30s;events_prev_60s;events_next_60s;local_density_60s;process_changed;rapid_event;short_event_gap;medium_event_gap;long_event_gap,negative IsolationForest decision_function,,,,29,False
LEVT-M57-Jean-PROCESS-2132-20091121013311,-0.10034441412321604,False,M57-Jean,2132,976,avgemc.exe,2009-11-21 01:33:11+00:00,0,Volatility 3 windows.pstree from M57-Jean memory image | Volatility 3 windows.pslist from M57-Jean memory image,M57-Jean-MEM-PSLIST-27;M57-Jean-MEM-PSTREE-20,True,E1,Temporal-only,single IsolationForest,A,"{""joint"":16}",16,gap_log_seconds;time_since_previous_event_seconds;events_prev_10s;events_next_10s;local_density_10s;events_prev_30s;events_next_30s;local_density_30s;events_prev_60s;events_next_60s;local_density_60s;process_changed;rapid_event;short_event_gap;medium_event_gap;long_event_gap,negative IsolationForest decision_function,,,,30,False
LEVT-M57-Jean-PROCESS-1944-20091121013301,-0.10117487145018977,False,M57-Jean,1944,1972,explorer.exe,2009-11-21 01:33:01+00:00,0,Volatility 3 windows.pstree from M57-Jean memory image | Volatility 3 windows.pslist from M57-Jean memory image,M57-Jean-MEM-PSLIST-20;M57-Jean-MEM-PSTREE-29,True,E1,Temporal-only,single IsolationForest,A,"{""joint"":16}",16,gap_log_seconds;time_since_previous_event_seconds;events_prev_10s;events_next_10s;local_density_10s;events_prev_30s;events_next_30s;local_density_30s;events_prev_60s;events_next_60s;local_density_60s;process_changed;rapid_event;short_event_gap;medium_event_gap;long_event_gap,negative IsolationForest decision_function,,,,31,False
LEVT-M57-Jean-PROCESS-1504-20091121013305,-0.10160601495341304,False,M57-Jean,1504,1944,hkcmd.exe,2009-11-21 01:33:05+00:00,0,Volatility 3 windows.pstree from M57-Jean memory image | Volatility 3 windows.pslist from M57-Jean memory image,M57-Jean-MEM-PSLIST-21;M57-Jean-MEM-PSTREE-30,True,E1,Temporal-only,single IsolationForest,A,"{""joint"":16}",16,gap_log_seconds;time_since_previous_event_seconds;events_prev_10s;events_next_10s;local_density_10s;events_prev_30s;events_next_30s;local_density_30s;events_prev_60s;events_next_60s;local_density_60s;process_changed;rapid_event;short_event_gap;medium_event_gap;long_event_gap,negative IsolationForest decision_function,,,,32,False
LEVT-M57-Jean-PROCESS-1796-20091121013301,-0.10679618611875386,False,M57-Jean,1796,976,avgfws9.exe,2009-11-21 01:33:01+00:00,0,Volatility 3 windows.pstree from M57-Jean memory image | Volatility 3 windows.pslist from M57-Jean memory image,M57-Jean-MEM-PSLIST-18;M57-Jean-MEM-PSTREE-16,True,E1,Temporal-only,single IsolationForest,A,"{""joint"":16}",16,gap_log_seconds;time_since_previous_event_seconds;events_prev_10s;events_next_10s;local_density_10s;events_prev_30s;events_next_30s;local_density_30s;events_prev_60s;events_next_60s;local_density_60s;process_changed;rapid_event;short_event_gap;medium_event_gap;long_event_gap,negative IsolationForest decision_function,,,,33,False
LEVT-M57-Jean-PROCESS-3196-20091123182209,-0.10796640566712828,False,M57-Jean,3196,1664,avgsrmax.exe,2009-11-23 18:22:09+00:00,0,Volatility 3 windows.pstree from M57-Jean memory image | Volatility 3 windows.pslist from M57-Jean memory image,M57-Jean-MEM-PSLIST-38;M57-Jean-MEM-PSTREE-12,True,E1,Temporal-only,single IsolationForest,A,"{""joint"":16}",16,gap_log_seconds;time_since_previous_event_seconds;events_prev_10s;events_next_10s;local_density_10s;events_prev_30s;events_next_30s;local_density_30s;events_prev_60s;events_next_60s;local_density_60s;process_changed;rapid_event;short_event_gap;medium_event_gap;long_event_gap,negative IsolationForest decision_function,,,,34,False
LEVT-M57-Jean-PROCESS-1836-20091121013308,-0.10917346492660707,False,M57-Jean,1836,1508,AVGIDSMonitor.e,2009-11-21 01:33:08+00:00,0,Volatility 3 windows.pstree from M57-Jean memory image | Volatility 3 windows.pslist from M57-Jean memory image,M57-Jean-MEM-PSLIST-26;M57-Jean-MEM-PSTREE-35,True,E1,Temporal-only,single IsolationForest,A,"{""joint"":16}",16,gap_log_seconds;time_since_previous_event_seconds;events_prev_10s;events_next_10s;local_density_10s;events_prev_30s;events_next_30s;local_density_30s;events_prev_60s;events_next_60s;local_density_60s;process_changed;rapid_event;short_event_gap;medium_event_gap;long_event_gap,negative IsolationForest decision_function,,,,35,False
LEVT-M57-Jean-PROCESS-2576-20091123220845,-0.1093183797114079,False,M57-Jean,2576,176,iexplore.exe,2009-11-23 22:08:45+00:00,0,Volatility 3 windows.pstree from M57-Jean memory image | Volatility 3 windows.pslist from M57-Jean memory image,M57-Jean-MEM-PSLIST-40;M57-Jean-MEM-PSTREE-47,True,E1,Temporal-only,single IsolationForest,A,"{""joint"":16}",16,gap_log_seconds;time_since_previous_event_seconds;events_prev_10s;events_next_10s;local_density_10s;events_prev_30s;events_next_30s;local_density_30s;events_prev_60s;events_next_60s;local_density_60s;process_changed;rapid_event;short_event_gap;medium_event_gap;long_event_gap,negative IsolationForest decision_function,,,,36,False
LEVT-M57-Jean-PROCESS-2308-20091123225441,-0.11257876847248999,False,M57-Jean,2308,1664,avgcmgr.exe,2009-11-23 22:54:41+00:00,0,Volatility 3 windows.pstree from M57-Jean memory image | Volatility 3 windows.pslist from M57-Jean memory image,M57-Jean-MEM-PSLIST-44;M57-Jean-MEM-PSTREE-7,True,E1,Temporal-only,single IsolationForest,A,"{""joint"":16}",16,gap_log_seconds;time_since_previous_event_seconds;events_prev_10s;events_next_10s;local_density_10s;events_prev_30s;events_next_30s;local_density_30s;events_prev_60s;events_next_60s;local_density_60s;process_changed;rapid_event;short_event_gap;medium_event_gap;long_event_gap,negative IsolationForest decision_function,,,,37,False
LEVT-M57-Jean-PROCESS-1760-20091121013238,-0.11461867006737592,False,M57-Jean,1760,1620,avgcsrvx.exe,2009-11-21 01:32:38+00:00,0,Volatility 3 windows.pstree from M57-Jean memory image | Volatility 3 windows.pslist from M57-Jean memory image,M57-Jean-MEM-PSLIST-13;M57-Jean-MEM-PSTREE-26,True,E1,Temporal-only,single IsolationForest,A,"{""joint"":16}",16,gap_log_seconds;time_since_previous_event_seconds;events_prev_10s;events_next_10s;local_density_10s;events_prev_30s;events_next_30s;local_density_30s;events_prev_60s;events_next_60s;local_density_60s;process_changed;rapid_event;short_event_gap;medium_event_gap;long_event_gap,negative IsolationForest decision_function,,,,38,False
LEVT-M57-Jean-PROCESS-1732-20091121013237,-0.11574495993211681,False,M57-Jean,1732,976,svchost.exe,2009-11-21 01:32:37+00:00,0,Volatility 3 windows.pstree from M57-Jean memory image | Volatility 3 windows.pslist from M57-Jean memory image,M57-Jean-MEM-PSLIST-12;M57-Jean-MEM-PSTREE-14,True,E1,Temporal-only,single IsolationForest,A,"{""joint"":16}",16,gap_log_seconds;time_since_previous_event_seconds;events_prev_10s;events_next_10s;local_density_10s;events_prev_30s;events_next_30s;local_density_30s;events_prev_60s;events_next_60s;local_density_60s;process_changed;rapid_event;short_event_gap;medium_event_gap;long_event_gap,negative IsolationForest decision_function,,,,39,False
LEVT-M57-Jean-PROCESS-620-20091123235925,-0.11698145548544103,False,M57-Jean,620,1944,cmd.exe,2009-11-23 23:59:25+00:00,0,Volatility 3 windows.pstree from M57-Jean memory image | Volatility 3 windows.pslist from M57-Jean memory image,M57-Jean-MEM-PSLIST-46;M57-Jean-MEM-PSTREE-38,True,E1,Temporal-only,single IsolationForest,A,"{""joint"":16}",16,gap_log_seconds;time_since_previous_event_seconds;events_prev_10s;events_next_10s;local_density_10s;events_prev_30s;events_next_30s;local_density_30s;events_prev_60s;events_next_60s;local_density_60s;process_changed;rapid_event;short_event_gap;medium_event_gap;long_event_gap,negative IsolationForest decision_function,,,,40,False
LEVT-M57-Jean-PROCESS-1752-20091121013306,-0.12488475073001959,False,M57-Jean,1752,1944,msmsgs.exe,2009-11-21 01:33:06+00:00,0,Volatility 3 windows.pstree from M57-Jean memory image | Volatility 3 windows.pslist from M57-Jean memory image,M57-Jean-MEM-PSLIST-25;M57-Jean-MEM-PSTREE-40,True,E1,Temporal-only,single IsolationForest,A,"{""joint"":16}",16,gap_log_seconds;time_since_previous_event_seconds;events_prev_10s;events_next_10s;local_density_10s;events_prev_30s;events_next_30s;local_density_30s;events_prev_60s;events_next_60s;local_density_60s;process_changed;rapid_event;short_event_gap;medium_event_gap;long_event_gap,negative IsolationForest decision_function,,,,41,False
LEVT-M57-Jean-PROCESS-1620-20091121013235,-0.12721757311313026,False,M57-Jean,1620,932,avgrsx.exe,2009-11-21 01:32:35+00:00,0,Volatility 3 windows.pstree from M57-Jean memory image | Volatility 3 windows.pslist from M57-Jean memory image,M57-Jean-MEM-PSLIST-11;M57-Jean-MEM-PSTREE-25,True,E1,Temporal-only,single IsolationForest,A,"{""joint"":16}",16,gap_log_seconds;time_since_previous_event_seconds;events_prev_10s;events_next_10s;local_density_10s;events_prev_30s;events_next_30s;local_density_30s;events_prev_60s;events_next_60s;local_density_60s;process_changed;rapid_event;short_event_gap;medium_event_gap;long_event_gap,negative IsolationForest decision_function,,,,42,False
LEVT-M57-Jean-PROCESS-1528-20091121013305,-0.12963102150624156,False,M57-Jean,1528,1944,jusched.exe,2009-11-21 01:33:05+00:00,0,Volatility 3 windows.pstree from M57-Jean memory image | Volatility 3 windows.pslist from M57-Jean memory image,M57-Jean-MEM-PSLIST-23;M57-Jean-MEM-PSTREE-42,True,E1,Temporal-only,single IsolationForest,A,"{""joint"":16}",16,gap_log_seconds;time_since_previous_event_seconds;events_prev_10s;events_next_10s;local_density_10s;events_prev_30s;events_next_30s;local_density_30s;events_prev_60s;events_next_60s;local_density_60s;process_changed;rapid_event;short_event_gap;medium_event_gap;long_event_gap,negative IsolationForest decision_function,,,,43,False
LEVT-M57-Jean-PROCESS-1676-20091121013306,-0.13040843325884982,False,M57-Jean,1676,1944,ctfmon.exe,2009-11-21 01:33:06+00:00,0,Volatility 3 windows.pstree from M57-Jean memory image | Volatility 3 windows.pslist from M57-Jean memory image,M57-Jean-MEM-PSLIST-24;M57-Jean-MEM-PSTREE-36,True,E1,Temporal-only,single IsolationForest,A,"{""joint"":16}",16,gap_log_seconds;time_since_previous_event_seconds;events_prev_10s;events_next_10s;local_density_10s;events_prev_30s;events_next_30s;local_density_30s;events_prev_60s;events_next_60s;local_density_60s;process_changed;rapid_event;short_event_gap;medium_event_gap;long_event_gap,negative IsolationForest decision_function,,,,44,False
LEVT-M57-Jean-PROCESS-1612-20091121013235,-0.13260591625819113,False,M57-Jean,1612,932,avgchsvx.exe,2009-11-21 01:32:35+00:00,0,Volatility 3 windows.pstree from M57-Jean memory image | Volatility 3 windows.pslist from M57-Jean memory image,M57-Jean-MEM-PSLIST-10;M57-Jean-MEM-PSTREE-27,True,E1,Temporal-only,single IsolationForest,A,"{""joint"":16}",16,gap_log_seconds;time_since_previous_event_seconds;events_prev_10s;events_next_10s;local_density_10s;events_prev_30s;events_next_30s;local_density_30s;events_prev_60s;events_next_60s;local_density_60s;process_changed;rapid_event;short_event_gap;medium_event_gap;long_event_gap,negative IsolationForest decision_function,,,,45,False
LEVT-M57-Jean-PROCESS-1508-20091121013305,-0.13847422383202834,False,M57-Jean,1508,1944,avgtray.exe,2009-11-21 01:33:05+00:00,0,Volatility 3 windows.pstree from M57-Jean memory image | Volatility 3 windows.pslist from M57-Jean memory image,M57-Jean-MEM-PSLIST-22;M57-Jean-MEM-PSTREE-34,True,E1,Temporal-only,single IsolationForest,A,"{""joint"":16}",16,gap_log_seconds;time_since_previous_event_seconds;events_prev_10s;events_next_10s;local_density_10s;events_prev_30s;events_next_30s;local_density_30s;events_prev_60s;events_next_60s;local_density_60s;process_changed;rapid_event;short_event_gap;medium_event_gap;long_event_gap,negative IsolationForest decision_function,,,,46,False
LEVT-M57-Jean-PROCESS-3560-20091123221635,0.13238472636452991,True,M57-Jean,3560,3908,soffice.bin,2009-11-23 22:16:35+00:00,0,Volatility 3 windows.pstree from M57-Jean memory image | Volatility 3 windows.pslist from M57-Jean memory image,M57-Jean-MEM-PSLIST-43;M57-Jean-MEM-PSTREE-33,True,E2,Graph-Structural-only,single IsolationForest,B,"{""joint"":5}",5,parent_count;child_count;graph_degree;in_degree;out_degree,negative IsolationForest decision_function,,,,1,True
LEVT-M57-Jean-PROCESS-1944-20091121013301,0.11599728412537047,True,M57-Jean,1944,1972,explorer.exe,2009-11-21 01:33:01+00:00,0,Volatility 3 windows.pstree from M57-Jean memory image | Volatility 3 windows.pslist from M57-Jean memory image,M57-Jean-MEM-PSLIST-20;M57-Jean-MEM-PSTREE-29,True,E2,Graph-Structural-only,single IsolationForest,B,"{""joint"":5}",5,parent_count;child_count;graph_degree;in_degree;out_degree,negative IsolationForest decision_function,,,,2,True
LEVT-M57-Jean-PROCESS-976-20091121013232,0.10031903219880411,True,M57-Jean,976,932,services.exe,2009-11-21 01:32:32+00:00,0,Volatility 3 windows.pstree from M57-Jean memory image | Volatility 3 windows.pslist from M57-Jean memory image,M57-Jean-MEM-PSLIST-4;M57-Jean-MEM-PSTREE-3,True,E2,Graph-Structural-only,single IsolationForest,B,"{""joint"":5}",5,parent_count;child_count;graph_degree;in_degree;out_degree,negative IsolationForest decision_function,,,,3,True
LEVT-M57-Jean-PROCESS-1372-20091121013235,0.08153301886699116,True,M57-Jean,1372,976,svchost.exe,2009-11-21 01:32:35+00:00,0,Volatility 3 windows.pstree from M57-Jean memory image | Volatility 3 windows.pslist from M57-Jean memory image,M57-Jean-MEM-PSLIST-8;M57-Jean-MEM-PSTREE-23,True,E2,Graph-Structural-only,single IsolationForest,B,"{""joint"":5}",5,parent_count;child_count;graph_degree;in_degree;out_degree,negative IsolationForest decision_function,,,,4,True
LEVT-M57-Jean-PROCESS-932-20091121013232,0.0033359924364415594,True,M57-Jean,932,812,winlogon.exe,2009-11-21 01:32:32+00:00,0,Volatility 3 windows.pstree from M57-Jean memory image | Volatility 3 windows.pslist from M57-Jean memory image,M57-Jean-MEM-PSLIST-3;M57-Jean-MEM-PSTREE-2,True,E2,Graph-Structural-only,single IsolationForest,B,"{""joint"":5}",5,parent_count;child_count;graph_degree;in_degree;out_degree,negative IsolationForest decision_function,,,,5,True
LEVT-M57-Jean-PROCESS-1664-20091121013258,-0.0033359924364416704,False,M57-Jean,1664,976,avgwdsvc.exe,2009-11-21 01:32:58+00:00,0,Volatility 3 windows.pstree from M57-Jean memory image | Volatility 3 windows.pslist from M57-Jean memory image,M57-Jean-MEM-PSLIST-17;M57-Jean-MEM-PSTREE-6,True,E2,Graph-Structural-only,single IsolationForest,B,"{""joint"":5}",5,parent_count;child_count;graph_degree;in_degree;out_degree,negative IsolationForest decision_function,,,,6,False
LEVT-M57-Jean-PROCESS-2892-20091123220335,-0.05176594126403666,False,M57-Jean,2892,1944,firefox.exe,2009-11-23 22:03:35+00:00,0,Volatility 3 windows.pstree from M57-Jean memory image | Volatility 3 windows.pslist from M57-Jean memory image,M57-Jean-MEM-PSLIST-39;M57-Jean-MEM-PSTREE-37,True,E2,Graph-Structural-only,single IsolationForest,B,"{""joint"":5}",5,parent_count;child_count;graph_degree;in_degree;out_degree,negative IsolationForest decision_function,,,,7,False
LEVT-M57-Jean-PROCESS-2132-20091121013311,-0.061454917979695045,False,M57-Jean,2132,976,avgemc.exe,2009-11-21 01:33:11+00:00,0,Volatility 3 windows.pstree from M57-Jean memory image | Volatility 3 windows.pslist from M57-Jean memory image,M57-Jean-MEM-PSLIST-27;M57-Jean-MEM-PSTREE-20,True,E2,Graph-Structural-only,single IsolationForest,B,"{""joint"":5}",5,parent_count;child_count;graph_degree;in_degree;out_degree,negative IsolationForest decision_function,,,,8,False
LEVT-M57-Jean-PROCESS-1796-20091121013301,-0.07853525859199695,False,M57-Jean,1796,976,avgfws9.exe,2009-11-21 01:33:01+00:00,0,Volatility 3 windows.pstree from M57-Jean memory image | Volatility 3 windows.pslist from M57-Jean memory image,M57-Jean-MEM-PSLIST-18;M57-Jean-MEM-PSTREE-16,True,E2,Graph-Structural-only,single IsolationForest,B,"{""joint"":5}",5,parent_count;child_count;graph_degree;in_degree;out_degree,negative IsolationForest decision_function,,,,9,False
LEVT-M57-Jean-PROCESS-1620-20091121013235,-0.09551412122062636,False,M57-Jean,1620,932,avgrsx.exe,2009-11-21 01:32:35+00:00,0,Volatility 3 windows.pstree from M57-Jean memory image | Volatility 3 windows.pslist from M57-Jean memory image,M57-Jean-MEM-PSLIST-11;M57-Jean-MEM-PSTREE-25,True,E2,Graph-Structural-only,single IsolationForest,B,"{""joint"":5}",5,parent_count;child_count;graph_degree;in_degree;out_degree,negative IsolationForest decision_function,,,,10,False
LEVT-M57-Jean-PROCESS-208-20091123165519,-0.09568088344383913,False,M57-Jean,208,1944,msimn.exe,2009-11-23 16:55:19+00:00,0,Volatility 3 windows.pstree from M57-Jean memory image | Volatility 3 windows.pslist from M57-Jean memory image,M57-Jean-MEM-PSLIST-34;M57-Jean-MEM-PSTREE-41,True,E2,Graph-Structural-only,single IsolationForest,B,"{""joint"":5}",5,parent_count;child_count;graph_degree;in_degree;out_degree,negative IsolationForest decision_function,,,,11,False
LEVT-M57-Jean-PROCESS-620-20091123235925,-0.11438182261637314,False,M57-Jean,620,1944,cmd.exe,2009-11-23 23:59:25+00:00,0,Volatility 3 windows.pstree from M57-Jean memory image | Volatility 3 windows.pslist from M57-Jean memory image,M57-Jean-MEM-PSLIST-46;M57-Jean-MEM-PSTREE-38,True,E2,Graph-Structural-only,single IsolationForest,B,"{""joint"":5}",5,parent_count;child_count;graph_degree;in_degree;out_degree,negative IsolationForest decision_function,,,,12,False
LEVT-M57-Jean-PROCESS-2080-20091123221633,-0.12353361038327204,False,M57-Jean,2080,1944,swriter.exe,2009-11-23 22:16:33+00:00,0,Volatility 3 windows.pstree from M57-Jean memory image | Volatility 3 windows.pslist from M57-Jean memory image,M57-Jean-MEM-PSLIST-41;M57-Jean-MEM-PSTREE-31,True,E2,Graph-Structural-only,single IsolationForest,B,"{""joint"":5}",5,parent_count;child_count;graph_degree;in_degree;out_degree,negative IsolationForest decision_function,,,,13,False
LEVT-M57-Jean-PROCESS-2028-20091121013242,-0.12569809185714087,False,M57-Jean,2028,976,AVGIDSAgent.exe,2009-11-21 01:32:42+00:00,0,Volatility 3 windows.pstree from M57-Jean memory image | Volatility 3 windows.pslist from M57-Jean memory image,M57-Jean-MEM-PSLIST-15;M57-Jean-MEM-PSTREE-19,True,E2,Graph-Structural-only,single IsolationForest,B,"{""joint"":5}",5,parent_count;child_count;graph_degree;in_degree;out_degree,negative IsolationForest decision_function,,,,14,False
LEVT-M57-Jean-PROCESS-3908-20091123221634,-0.13000139569921854,False,M57-Jean,3908,2080,soffice.exe,2009-11-23 22:16:34+00:00,0,Volatility 3 windows.pstree from M57-Jean memory image | Volatility 3 windows.pslist from M57-Jean memory image,M57-Jean-MEM-PSLIST-42;M57-Jean-MEM-PSTREE-32,True,E2,Graph-Structural-only,single IsolationForest,B,"{""joint"":5}",5,parent_count;child_count;graph_degree;in_degree;out_degree,negative IsolationForest decision_function,,,,15,False
LEVT-M57-Jean-PROCESS-1508-20091121013305,-0.13209761448807733,False,M57-Jean,1508,1944,avgtray.exe,2009-11-21 01:33:05+00:00,0,Volatility 3 windows.pstree from M57-Jean memory image | Volatility 3 windows.pslist from M57-Jean memory image,M57-Jean-MEM-PSLIST-22;M57-Jean-MEM-PSTREE-34,True,E2,Graph-Structural-only,single IsolationForest,B,"{""joint"":5}",5,parent_count;child_count;graph_degree;in_degree;out_degree,negative IsolationForest decision_function,,,,16,False
LEVT-M57-Jean-PROCESS-988-20091121013232,-0.1362032264614484,False,M57-Jean,988,932,lsass.exe,2009-11-21 01:32:32+00:00,0,Volatility 3 windows.pstree from M57-Jean memory image | Volatility 3 windows.pslist from M57-Jean memory image,M57-Jean-MEM-PSLIST-5;M57-Jean-MEM-PSTREE-24,True,E2,Graph-Structural-only,single IsolationForest,B,"{""joint"":5}",5,parent_count;child_count;graph_degree;in_degree;out_degree,negative IsolationForest decision_function,,,,17,False
LEVT-M57-Jean-PROCESS-2296-20091121013314,-0.13861126273835506,False,M57-Jean,2296,1664,avgnsx.exe,2009-11-21 01:33:14+00:00,0,Volatility 3 windows.pstree from M57-Jean memory image | Volatility 3 windows.pslist from M57-Jean memory image,M57-Jean-MEM-PSLIST-29;M57-Jean-MEM-PSTREE-10,True,E2,Graph-Structural-only,single IsolationForest,B,"{""joint"":5}",5,parent_count;child_count;graph_degree;in_degree;out_degree,negative IsolationForest decision_function,,,,18,False
LEVT-M57-Jean-PROCESS-2992-20091124000124,-0.14237003735470483,False,M57-Jean,2992,620,mdd_1.3.exe,2009-11-24 00:01:24+00:00,0,Volatility 3 windows.pstree from M57-Jean memory image | Volatility 3 windows.pslist from M57-Jean memory image,M57-Jean-MEM-PSLIST-47;M57-Jean-MEM-PSTREE-39,True,E2,Graph-Structural-only,single IsolationForest,B,"{""joint"":5}",5,parent_count;child_count;graph_degree;in_degree;out_degree,negative IsolationForest decision_function,,,,19,False
LEVT-M57-Jean-PROCESS-3996-20091121013335,-0.1442386861537363,False,M57-Jean,3996,976,alg.exe,2009-11-21 01:33:35+00:00,0,Volatility 3 windows.pstree from M57-Jean memory image | Volatility 3 windows.pslist from M57-Jean memory image,M57-Jean-MEM-PSLIST-31;M57-Jean-MEM-PSTREE-17,True,E2,Graph-Structural-only,single IsolationForest,B,"{""joint"":5}",5,parent_count;child_count;graph_degree;in_degree;out_degree,negative IsolationForest decision_function,,,,20,False
LEVT-M57-Jean-PROCESS-908-20091121013232,-0.14903725488304015,False,M57-Jean,908,812,csrss.exe,2009-11-21 01:32:32+00:00,0,Volatility 3 windows.pstree from M57-Jean memory image | Volatility 3 windows.pslist from M57-Jean memory image,M57-Jean-MEM-PSLIST-2;M57-Jean-MEM-PSTREE-28,True,E2,Graph-Structural-only,single IsolationForest,B,"{""joint"":5}",5,parent_count;child_count;graph_degree;in_degree;out_degree,negative IsolationForest decision_function,,,,21,False
LEVT-M57-Jean-PROCESS-2244-20091121013313,-0.15756862989532772,False,M57-Jean,2244,1664,avgam.exe,2009-11-21 01:33:13+00:00,0,Volatility 3 windows.pstree from M57-Jean memory image | Volatility 3 windows.pslist from M57-Jean memory image,M57-Jean-MEM-PSLIST-28;M57-Jean-MEM-PSTREE-8,True,E2,Graph-Structural-only,single IsolationForest,B,"{""joint"":5}",5,parent_count;child_count;graph_degree;in_degree;out_degree,negative IsolationForest decision_function,,,,22,False
LEVT-M57-Jean-PROCESS-1836-20091121013308,-0.15787686341583357,False,M57-Jean,1836,1508,AVGIDSMonitor.e,2009-11-21 01:33:08+00:00,0,Volatility 3 windows.pstree from M57-Jean memory image | Volatility 3 windows.pslist from M57-Jean memory image,M57-Jean-MEM-PSLIST-26;M57-Jean-MEM-PSTREE-35,True,E2,Graph-Structural-only,single IsolationForest,B,"{""joint"":5}",5,parent_count;child_count;graph_degree;in_degree;out_degree,negative IsolationForest decision_function,,,,23,False
LEVT-M57-Jean-PROCESS-1996-20091121013242,-0.15937002617978607,False,M57-Jean,1996,976,spoolsv.exe,2009-11-21 01:32:42+00:00,0,Volatility 3 windows.pstree from M57-Jean memory image | Volatility 3 windows.pslist from M57-Jean memory image,M57-Jean-MEM-PSLIST-14;M57-Jean-MEM-PSTREE-18,True,E2,Graph-Structural-only,single IsolationForest,B,"{""joint"":5}",5,parent_count;child_count;graph_degree;in_degree;out_degree,negative IsolationForest decision_function,,,,24,False
LEVT-M57-Jean-PROCESS-1152-20091121013234,-0.16591655294845814,False,M57-Jean,1152,976,svchost.exe,2009-11-21 01:32:34+00:00,0,Volatility 3 windows.pstree from M57-Jean memory image | Volatility 3 windows.pslist from M57-Jean memory image,M57-Jean-MEM-PSLIST-6;M57-Jean-MEM-PSTREE-4,True,E2,Graph-Structural-only,single IsolationForest,B,"{""joint"":5}",5,parent_count;child_count;graph_degree;in_degree;out_degree,negative IsolationForest decision_function,,,,25,False
LEVT-M57-Jean-PROCESS-1752-20091121013306,-0.1716713064771817,False,M57-Jean,1752,1944,msmsgs.exe,2009-11-21 01:33:06+00:00,0,Volatility 3 windows.pstree from M57-Jean memory image | Volatility 3 windows.pslist from M57-Jean memory image,M57-Jean-MEM-PSLIST-25;M57-Jean-MEM-PSTREE-40,True,E2,Graph-Structural-only,single IsolationForest,B,"{""joint"":5}",5,parent_count;child_count;graph_degree;in_degree;out_degree,negative IsolationForest decision_function,,,,26,False
LEVT-M57-Jean-PROCESS-1732-20091121013237,-0.18199673089181867,False,M57-Jean,1732,976,svchost.exe,2009-11-21 01:32:37+00:00,0,Volatility 3 windows.pstree from M57-Jean memory image | Volatility 3 windows.pslist from M57-Jean memory image,M57-Jean-MEM-PSLIST-12;M57-Jean-MEM-PSTREE-14,True,E2,Graph-Structural-only,single IsolationForest,B,"{""joint"":5}",5,parent_count;child_count;graph_degree;in_degree;out_degree,negative IsolationForest decision_function,,,,27,False
LEVT-M57-Jean-PROCESS-1248-20091121013234,-0.18406063242288445,False,M57-Jean,1248,976,svchost.exe,2009-11-21 01:32:34+00:00,0,Volatility 3 windows.pstree from M57-Jean memory image | Volatility 3 windows.pslist from M57-Jean memory image,M57-Jean-MEM-PSLIST-7;M57-Jean-MEM-PSTREE-5,True,E2,Graph-Structural-only,single IsolationForest,B,"{""joint"":5}",5,parent_count;child_count;graph_degree;in_degree;out_degree,negative IsolationForest decision_function,,,,28,False
LEVT-M57-Jean-PROCESS-1572-20091121013258,-0.18844684664095468,False,M57-Jean,1572,976,svchost.exe,2009-11-21 01:32:58+00:00,0,Volatility 3 windows.pstree from M57-Jean memory image | Volatility 3 windows.pslist from M57-Jean memory image,M57-Jean-MEM-PSLIST-16;M57-Jean-MEM-PSTREE-15,True,E2,Graph-Structural-only,single IsolationForest,B,"{""joint"":5}",5,parent_count;child_count;graph_degree;in_degree;out_degree,negative IsolationForest decision_function,,,,29,False
LEVT-M57-Jean-PROCESS-1432-20091121013235,-0.1929674497021977,False,M57-Jean,1432,976,svchost.exe,2009-11-21 01:32:35+00:00,0,Volatility 3 windows.pstree from M57-Jean memory image | Volatility 3 windows.pslist from M57-Jean memory image,M57-Jean-MEM-PSLIST-9;M57-Jean-MEM-PSTREE-22,True,E2,Graph-Structural-only,single IsolationForest,B,"{""joint"":5}",5,parent_count;child_count;graph_degree;in_degree;out_degree,negative IsolationForest decision_function,,,,30,False
LEVT-M57-Jean-PROCESS-344-20091121013301,-0.1929674497021977,False,M57-Jean,344,976,jqs.exe,2009-11-21 01:33:01+00:00,0,Volatility 3 windows.pstree from M57-Jean memory image | Volatility 3 windows.pslist from M57-Jean memory image,M57-Jean-MEM-PSLIST-19;M57-Jean-MEM-PSTREE-13,True,E2,Graph-Structural-only,single IsolationForest,B,"{""joint"":5}",5,parent_count;child_count;graph_degree;in_degree;out_degree,negative IsolationForest decision_function,,,,31,False
LEVT-M57-Jean-PROCESS-1356-20091121013448,-0.2044307929988715,False,M57-Jean,1356,2296,avgcsrvx.exe,2009-11-21 01:34:48+00:00,0,Volatility 3 windows.pstree from M57-Jean memory image | Volatility 3 windows.pslist from M57-Jean memory image,M57-Jean-MEM-PSLIST-32;M57-Jean-MEM-PSTREE-11,True,E2,Graph-Structural-only,single IsolationForest,B,"{""joint"":5}",5,parent_count;child_count;graph_degree;in_degree;out_degree,negative IsolationForest decision_function,,,,32,False
LEVT-M57-Jean-PROCESS-1504-20091121013305,-0.2044307929988715,False,M57-Jean,1504,1944,hkcmd.exe,2009-11-21 01:33:05+00:00,0,Volatility 3 windows.pstree from M57-Jean memory image | Volatility 3 windows.pslist from M57-Jean memory image,M57-Jean-MEM-PSLIST-21;M57-Jean-MEM-PSTREE-30,True,E2,Graph-Structural-only,single IsolationForest,B,"{""joint"":5}",5,parent_count;child_count;graph_degree;in_degree;out_degree,negative IsolationForest decision_function,,,,33,False
LEVT-M57-Jean-PROCESS-1528-20091121013305,-0.2044307929988715,False,M57-Jean,1528,1944,jusched.exe,2009-11-21 01:33:05+00:00,0,Volatility 3 windows.pstree from M57-Jean memory image | Volatility 3 windows.pslist from M57-Jean memory image,M57-Jean-MEM-PSLIST-23;M57-Jean-MEM-PSTREE-42,True,E2,Graph-Structural-only,single IsolationForest,B,"{""joint"":5}",5,parent_count;child_count;graph_degree;in_degree;out_degree,negative IsolationForest decision_function,,,,34,False
LEVT-M57-Jean-PROCESS-1676-20091121013306,-0.2044307929988715,False,M57-Jean,1676,1944,ctfmon.exe,2009-11-21 01:33:06+00:00,0,Volatility 3 windows.pstree from M57-Jean memory image | Volatility 3 windows.pslist from M57-Jean memory image,M57-Jean-MEM-PSLIST-24;M57-Jean-MEM-PSTREE-36,True,E2,Graph-Structural-only,single IsolationForest,B,"{""joint"":5}",5,parent_count;child_count;graph_degree;in_degree;out_degree,negative IsolationForest decision_function,,,,35,False
LEVT-M57-Jean-PROCESS-1760-20091121013238,-0.2044307929988715,False,M57-Jean,1760,1620,avgcsrvx.exe,2009-11-21 01:32:38+00:00,0,Volatility 3 windows.pstree from M57-Jean memory image | Volatility 3 windows.pslist from M57-Jean memory image,M57-Jean-MEM-PSLIST-13;M57-Jean-MEM-PSTREE-26,True,E2,Graph-Structural-only,single IsolationForest,B,"{""joint"":5}",5,parent_count;child_count;graph_degree;in_degree;out_degree,negative IsolationForest decision_function,,,,36,False
LEVT-M57-Jean-PROCESS-1204-20091123165512,-0.21806649668139877,False,M57-Jean,1204,3180,iexplore.exe,2009-11-23 16:55:12+00:00,0,Volatility 3 windows.pstree from M57-Jean memory image | Volatility 3 windows.pslist from M57-Jean memory image,M57-Jean-MEM-PSLIST-33;M57-Jean-MEM-PSTREE-43,True,E2,Graph-Structural-only,single IsolationForest,B,"{""joint"":5}",5,parent_count;child_count;graph_degree;in_degree;out_degree,negative IsolationForest decision_function,,,,37,False
LEVT-M57-Jean-PROCESS-1612-20091121013235,-0.21806649668139877,False,M57-Jean,1612,932,avgchsvx.exe,2009-11-21 01:32:35+00:00,0,Volatility 3 windows.pstree from M57-Jean memory image | Volatility 3 windows.pslist from M57-Jean memory image,M57-Jean-MEM-PSLIST-10;M57-Jean-MEM-PSTREE-27,True,E2,Graph-Structural-only,single IsolationForest,B,"{""joint"":5}",5,parent_count;child_count;graph_degree;in_degree;out_degree,negative IsolationForest decision_function,,,,38,False
LEVT-M57-Jean-PROCESS-2004-20091123235245,-0.21806649668139877,False,M57-Jean,2004,1664,avgcmgr.exe,2009-11-23 23:52:45+00:00,0,Volatility 3 windows.pstree from M57-Jean memory image | Volatility 3 windows.pslist from M57-Jean memory image,M57-Jean-MEM-PSLIST-45;M57-Jean-MEM-PSTREE-9,True,E2,Graph-Structural-only,single IsolationForest,B,"{""joint"":5}",5,parent_count;child_count;graph_degree;in_degree;out_degree,negative IsolationForest decision_function,,,,39,False
LEVT-M57-Jean-PROCESS-2308-20091123225441,-0.21806649668139877,False,M57-Jean,2308,1664,avgcmgr.exe,2009-11-23 22:54:41+00:00,0,Volatility 3 windows.pstree from M57-Jean memory image | Volatility 3 windows.pslist from M57-Jean memory image,M57-Jean-MEM-PSLIST-44;M57-Jean-MEM-PSTREE-7,True,E2,Graph-Structural-only,single IsolationForest,B,"{""joint"":5}",5,parent_count;child_count;graph_degree;in_degree;out_degree,negative IsolationForest decision_function,,,,40,False
LEVT-M57-Jean-PROCESS-2488-20091121013317,-0.21806649668139877,False,M57-Jean,2488,2132,avgcsrvx.exe,2009-11-21 01:33:17+00:00,0,Volatility 3 windows.pstree from M57-Jean memory image | Volatility 3 windows.pslist from M57-Jean memory image,M57-Jean-MEM-PSLIST-30;M57-Jean-MEM-PSTREE-21,True,E2,Graph-Structural-only,single IsolationForest,B,"{""joint"":5}",5,parent_count;child_count;graph_degree;in_degree;out_degree,negative IsolationForest decision_function,,,,41,False
LEVT-M57-Jean-PROCESS-2576-20091123220845,-0.21806649668139877,False,M57-Jean,2576,176,iexplore.exe,2009-11-23 22:08:45+00:00,0,Volatility 3 windows.pstree from M57-Jean memory image | Volatility 3 windows.pslist from M57-Jean memory image,M57-Jean-MEM-PSLIST-40;M57-Jean-MEM-PSTREE-47,True,E2,Graph-Structural-only,single IsolationForest,B,"{""joint"":5}",5,parent_count;child_count;graph_degree;in_degree;out_degree,negative IsolationForest decision_function,,,,42,False
LEVT-M57-Jean-PROCESS-2840-20091123170451,-0.21806649668139877,False,M57-Jean,2840,3180,iexplore.exe,2009-11-23 17:04:51+00:00,0,Volatility 3 windows.pstree from M57-Jean memory image | Volatility 3 windows.pslist from M57-Jean memory image,M57-Jean-MEM-PSLIST-36;M57-Jean-MEM-PSTREE-45,True,E2,Graph-Structural-only,single IsolationForest,B,"{""joint"":5}",5,parent_count;child_count;graph_degree;in_degree;out_degree,negative IsolationForest decision_function,,,,43,False
LEVT-M57-Jean-PROCESS-3196-20091123182209,-0.21806649668139877,False,M57-Jean,3196,1664,avgsrmax.exe,2009-11-23 18:22:09+00:00,0,Volatility 3 windows.pstree from M57-Jean memory image | Volatility 3 windows.pslist from M57-Jean memory image,M57-Jean-MEM-PSLIST-38;M57-Jean-MEM-PSTREE-12,True,E2,Graph-Structural-only,single IsolationForest,B,"{""joint"":5}",5,parent_count;child_count;graph_degree;in_degree;out_degree,negative IsolationForest decision_function,,,,44,False
LEVT-M57-Jean-PROCESS-3992-20091123170451,-0.21806649668139877,False,M57-Jean,3992,3180,iexplore.exe,2009-11-23 17:04:51+00:00,0,Volatility 3 windows.pstree from M57-Jean memory image | Volatility 3 windows.pslist from M57-Jean memory image,M57-Jean-MEM-PSLIST-35;M57-Jean-MEM-PSTREE-44,True,E2,Graph-Structural-only,single IsolationForest,B,"{""joint"":5}",5,parent_count;child_count;graph_degree;in_degree;out_degree,negative IsolationForest decision_function,,,,45,False
LEVT-M57-Jean-PROCESS-4028-20091123171439,-0.21806649668139877,False,M57-Jean,4028,3180,iexplore.exe,2009-11-23 17:14:39+00:00,0,Volatility 3 windows.pstree from M57-Jean memory image | Volatility 3 windows.pslist from M57-Jean memory image,M57-Jean-MEM-PSLIST-37;M57-Jean-MEM-PSTREE-46,True,E2,Graph-Structural-only,single IsolationForest,B,"{""joint"":5}",5,parent_count;child_count;graph_degree;in_degree;out_degree,negative IsolationForest decision_function,,,,46,False
LEVT-M57-Jean-PROCESS-3560-20091123221635,0.09933120164826303,True,M57-Jean,3560,3908,soffice.bin,2009-11-23 22:16:35+00:00,0,Volatility 3 windows.pstree from M57-Jean memory image | Volatility 3 windows.pslist from M57-Jean memory image,M57-Jean-MEM-PSLIST-43;M57-Jean-MEM-PSTREE-33,True,E3,Graph-Full,single IsolationForest,B+C,"{""joint"":9}",9,parent_count;child_count;graph_degree;in_degree;out_degree;command_line_count;module_count;memory_region_count;relationship_type_count,negative IsolationForest decision_function,,,,1,True
LEVT-M57-Jean-PROCESS-1944-20091121013301,0.03889556828715113,True,M57-Jean,1944,1972,explorer.exe,2009-11-21 01:33:01+00:00,0,Volatility 3 windows.pstree from M57-Jean memory image | Volatility 3 windows.pslist from M57-Jean memory image,M57-Jean-MEM-PSLIST-20;M57-Jean-MEM-PSTREE-29,True,E3,Graph-Full,single IsolationForest,B+C,"{""joint"":9}",9,parent_count;child_count;graph_degree;in_degree;out_degree;command_line_count;module_count;memory_region_count;relationship_type_count,negative IsolationForest decision_function,,,,2,True
LEVT-M57-Jean-PROCESS-1372-20091121013235,0.03725318507348152,True,M57-Jean,1372,976,svchost.exe,2009-11-21 01:32:35+00:00,0,Volatility 3 windows.pstree from M57-Jean memory image | Volatility 3 windows.pslist from M57-Jean memory image,M57-Jean-MEM-PSLIST-8;M57-Jean-MEM-PSTREE-23,True,E3,Graph-Full,single IsolationForest,B+C,"{""joint"":9}",9,parent_count;child_count;graph_degree;in_degree;out_degree;command_line_count;module_count;memory_region_count;relationship_type_count,negative IsolationForest decision_function,,,,3,True
LEVT-M57-Jean-PROCESS-2892-20091123220335,0.022733141198667095,True,M57-Jean,2892,1944,firefox.exe,2009-11-23 22:03:35+00:00,0,Volatility 3 windows.pstree from M57-Jean memory image | Volatility 3 windows.pslist from M57-Jean memory image,M57-Jean-MEM-PSLIST-39;M57-Jean-MEM-PSTREE-37,True,E3,Graph-Full,single IsolationForest,B+C,"{""joint"":9}",9,parent_count;child_count;graph_degree;in_degree;out_degree;command_line_count;module_count;memory_region_count;relationship_type_count,negative IsolationForest decision_function,,,,4,True
LEVT-M57-Jean-PROCESS-1836-20091121013308,0.008541600165659635,True,M57-Jean,1836,1508,AVGIDSMonitor.e,2009-11-21 01:33:08+00:00,0,Volatility 3 windows.pstree from M57-Jean memory image | Volatility 3 windows.pslist from M57-Jean memory image,M57-Jean-MEM-PSLIST-26;M57-Jean-MEM-PSTREE-35,True,E3,Graph-Full,single IsolationForest,B+C,"{""joint"":9}",9,parent_count;child_count;graph_degree;in_degree;out_degree;command_line_count;module_count;memory_region_count;relationship_type_count,negative IsolationForest decision_function,,,,5,True
LEVT-M57-Jean-PROCESS-1572-20091121013258,-0.008541600165659635,False,M57-Jean,1572,976,svchost.exe,2009-11-21 01:32:58+00:00,0,Volatility 3 windows.pstree from M57-Jean memory image | Volatility 3 windows.pslist from M57-Jean memory image,M57-Jean-MEM-PSLIST-16;M57-Jean-MEM-PSTREE-15,True,E3,Graph-Full,single IsolationForest,B+C,"{""joint"":9}",9,parent_count;child_count;graph_degree;in_degree;out_degree;command_line_count;module_count;memory_region_count;relationship_type_count,negative IsolationForest decision_function,,,,6,False
LEVT-M57-Jean-PROCESS-976-20091121013232,-0.02371157833793547,False,M57-Jean,976,932,services.exe,2009-11-21 01:32:32+00:00,0,Volatility 3 windows.pstree from M57-Jean memory image | Volatility 3 windows.pslist from M57-Jean memory image,M57-Jean-MEM-PSLIST-4;M57-Jean-MEM-PSTREE-3,True,E3,Graph-Full,single IsolationForest,B+C,"{""joint"":9}",9,parent_count;child_count;graph_degree;in_degree;out_degree;command_line_count;module_count;memory_region_count;relationship_type_count,negative IsolationForest decision_function,,,,7,False
LEVT-M57-Jean-PROCESS-1796-20091121013301,-0.043082572618710846,False,M57-Jean,1796,976,avgfws9.exe,2009-11-21 01:33:01+00:00,0,Volatility 3 windows.pstree from M57-Jean memory image | Volatility 3 windows.pslist from M57-Jean memory image,M57-Jean-MEM-PSLIST-18;M57-Jean-MEM-PSTREE-16,True,E3,Graph-Full,single IsolationForest,B+C,"{""joint"":9}",9,parent_count;child_count;graph_degree;in_degree;out_degree;command_line_count;module_count;memory_region_count;relationship_type_count,negative IsolationForest decision_function,,,,8,False
LEVT-M57-Jean-PROCESS-932-20091121013232,-0.0776073146787194,False,M57-Jean,932,812,winlogon.exe,2009-11-21 01:32:32+00:00,0,Volatility 3 windows.pstree from M57-Jean memory image | Volatility 3 windows.pslist from M57-Jean memory image,M57-Jean-MEM-PSLIST-3;M57-Jean-MEM-PSTREE-2,True,E3,Graph-Full,single IsolationForest,B+C,"{""joint"":9}",9,parent_count;child_count;graph_degree;in_degree;out_degree;command_line_count;module_count;memory_region_count;relationship_type_count,negative IsolationForest decision_function,,,,9,False
LEVT-M57-Jean-PROCESS-2132-20091121013311,-0.09104775090348527,False,M57-Jean,2132,976,avgemc.exe,2009-11-21 01:33:11+00:00,0,Volatility 3 windows.pstree from M57-Jean memory image | Volatility 3 windows.pslist from M57-Jean memory image,M57-Jean-MEM-PSLIST-27;M57-Jean-MEM-PSTREE-20,True,E3,Graph-Full,single IsolationForest,B+C,"{""joint"":9}",9,parent_count;child_count;graph_degree;in_degree;out_degree;command_line_count;module_count;memory_region_count;relationship_type_count,negative IsolationForest decision_function,,,,10,False
LEVT-M57-Jean-PROCESS-1504-20091121013305,-0.09451811369768959,False,M57-Jean,1504,1944,hkcmd.exe,2009-11-21 01:33:05+00:00,0,Volatility 3 windows.pstree from M57-Jean memory image | Volatility 3 windows.pslist from M57-Jean memory image,M57-Jean-MEM-PSLIST-21;M57-Jean-MEM-PSTREE-30,True,E3,Graph-Full,single IsolationForest,B+C,"{""joint"":9}",9,parent_count;child_count;graph_degree;in_degree;out_degree;command_line_count;module_count;memory_region_count;relationship_type_count,negative IsolationForest decision_function,,,,11,False
LEVT-M57-Jean-PROCESS-1528-20091121013305,-0.09451811369768959,False,M57-Jean,1528,1944,jusched.exe,2009-11-21 01:33:05+00:00,0,Volatility 3 windows.pstree from M57-Jean memory image | Volatility 3 windows.pslist from M57-Jean memory image,M57-Jean-MEM-PSLIST-23;M57-Jean-MEM-PSTREE-42,True,E3,Graph-Full,single IsolationForest,B+C,"{""joint"":9}",9,parent_count;child_count;graph_degree;in_degree;out_degree;command_line_count;module_count;memory_region_count;relationship_type_count,negative IsolationForest decision_function,,,,12,False
LEVT-M57-Jean-PROCESS-1676-20091121013306,-0.09451811369768959,False,M57-Jean,1676,1944,ctfmon.exe,2009-11-21 01:33:06+00:00,0,Volatility 3 windows.pstree from M57-Jean memory image | Volatility 3 windows.pslist from M57-Jean memory image,M57-Jean-MEM-PSLIST-24;M57-Jean-MEM-PSTREE-36,True,E3,Graph-Full,single IsolationForest,B+C,"{""joint"":9}",9,parent_count;child_count;graph_degree;in_degree;out_degree;command_line_count;module_count;memory_region_count;relationship_type_count,negative IsolationForest decision_function,,,,13,False
LEVT-M57-Jean-PROCESS-1664-20091121013258,-0.10169902307223772,False,M57-Jean,1664,976,avgwdsvc.exe,2009-11-21 01:32:58+00:00,0,Volatility 3 windows.pstree from M57-Jean memory image | Volatility 3 windows.pslist from M57-Jean memory image,M57-Jean-MEM-PSLIST-17;M57-Jean-MEM-PSTREE-6,True,E3,Graph-Full,single IsolationForest,B+C,"{""joint"":9}",9,parent_count;child_count;graph_degree;in_degree;out_degree;command_line_count;module_count;memory_region_count;relationship_type_count,negative IsolationForest decision_function,,,,14,False
LEVT-M57-Jean-PROCESS-1356-20091121013448,-0.10395762818862048,False,M57-Jean,1356,2296,avgcsrvx.exe,2009-11-21 01:34:48+00:00,0,Volatility 3 windows.pstree from M57-Jean memory image | Volatility 3 windows.pslist from M57-Jean memory image,M57-Jean-MEM-PSLIST-32;M57-Jean-MEM-PSTREE-11,True,E3,Graph-Full,single IsolationForest,B+C,"{""joint"":9}",9,parent_count;child_count;graph_degree;in_degree;out_degree;command_line_count;module_count;memory_region_count;relationship_type_count,negative IsolationForest decision_function,,,,15,False
LEVT-M57-Jean-PROCESS-1760-20091121013238,-0.10395762818862048,False,M57-Jean,1760,1620,avgcsrvx.exe,2009-11-21 01:32:38+00:00,0,Volatility 3 windows.pstree from M57-Jean memory image | Volatility 3 windows.pslist from M57-Jean memory image,M57-Jean-MEM-PSLIST-13;M57-Jean-MEM-PSTREE-26,True,E3,Graph-Full,single IsolationForest,B+C,"{""joint"":9}",9,parent_count;child_count;graph_degree;in_degree;out_degree;command_line_count;module_count;memory_region_count;relationship_type_count,negative IsolationForest decision_function,,,,16,False
LEVT-M57-Jean-PROCESS-3996-20091121013335,-0.11989490554052806,False,M57-Jean,3996,976,alg.exe,2009-11-21 01:33:35+00:00,0,Volatility 3 windows.pstree from M57-Jean memory image | Volatility 3 windows.pslist from M57-Jean memory image,M57-Jean-MEM-PSLIST-31;M57-Jean-MEM-PSTREE-17,True,E3,Graph-Full,single IsolationForest,B+C,"{""joint"":9}",9,parent_count;child_count;graph_degree;in_degree;out_degree;command_line_count;module_count;memory_region_count;relationship_type_count,negative IsolationForest decision_function,,,,17,False
LEVT-M57-Jean-PROCESS-208-20091123165519,-0.12005322614998726,False,M57-Jean,208,1944,msimn.exe,2009-11-23 16:55:19+00:00,0,Volatility 3 windows.pstree from M57-Jean memory image | Volatility 3 windows.pslist from M57-Jean memory image,M57-Jean-MEM-PSLIST-34;M57-Jean-MEM-PSTREE-41,True,E3,Graph-Full,single IsolationForest,B+C,"{""joint"":9}",9,parent_count;child_count;graph_degree;in_degree;out_degree;command_line_count;module_count;memory_region_count;relationship_type_count,negative IsolationForest decision_function,,,,18,False
LEVT-M57-Jean-PROCESS-2028-20091121013242,-0.1204617692317338,False,M57-Jean,2028,976,AVGIDSAgent.exe,2009-11-21 01:32:42+00:00,0,Volatility 3 windows.pstree from M57-Jean memory image | Volatility 3 windows.pslist from M57-Jean memory image,M57-Jean-MEM-PSLIST-15;M57-Jean-MEM-PSTREE-19,True,E3,Graph-Full,single IsolationForest,B+C,"{""joint"":9}",9,parent_count;child_count;graph_degree;in_degree;out_degree;command_line_count;module_count;memory_region_count;relationship_type_count,negative IsolationForest decision_function,,,,19,False
LEVT-M57-Jean-PROCESS-1620-20091121013235,-0.1242587302300559,False,M57-Jean,1620,932,avgrsx.exe,2009-11-21 01:32:35+00:00,0,Volatility 3 windows.pstree from M57-Jean memory image | Volatility 3 windows.pslist from M57-Jean memory image,M57-Jean-MEM-PSLIST-11;M57-Jean-MEM-PSTREE-25,True,E3,Graph-Full,single IsolationForest,B+C,"{""joint"":9}",9,parent_count;child_count;graph_degree;in_degree;out_degree;command_line_count;module_count;memory_region_count;relationship_type_count,negative IsolationForest decision_function,,,,20,False
LEVT-M57-Jean-PROCESS-908-20091121013232,-0.13210806734583047,False,M57-Jean,908,812,csrss.exe,2009-11-21 01:32:32+00:00,0,Volatility 3 windows.pstree from M57-Jean memory image | Volatility 3 windows.pslist from M57-Jean memory image,M57-Jean-MEM-PSLIST-2;M57-Jean-MEM-PSTREE-28,True,E3,Graph-Full,single IsolationForest,B+C,"{""joint"":9}",9,parent_count;child_count;graph_degree;in_degree;out_degree;command_line_count;module_count;memory_region_count;relationship_type_count,negative IsolationForest decision_function,,,,21,False
LEVT-M57-Jean-PROCESS-1204-20091123165512,-0.1445054346080965,False,M57-Jean,1204,3180,iexplore.exe,2009-11-23 16:55:12+00:00,0,Volatility 3 windows.pstree from M57-Jean memory image | Volatility 3 windows.pslist from M57-Jean memory image,M57-Jean-MEM-PSLIST-33;M57-Jean-MEM-PSTREE-43,True,E3,Graph-Full,single IsolationForest,B+C,"{""joint"":9}",9,parent_count;child_count;graph_degree;in_degree;out_degree;command_line_count;module_count;memory_region_count;relationship_type_count,negative IsolationForest decision_function,,,,22,False
LEVT-M57-Jean-PROCESS-1612-20091121013235,-0.1445054346080965,False,M57-Jean,1612,932,avgchsvx.exe,2009-11-21 01:32:35+00:00,0,Volatility 3 windows.pstree from M57-Jean memory image | Volatility 3 windows.pslist from M57-Jean memory image,M57-Jean-MEM-PSLIST-10;M57-Jean-MEM-PSTREE-27,True,E3,Graph-Full,single IsolationForest,B+C,"{""joint"":9}",9,parent_count;child_count;graph_degree;in_degree;out_degree;command_line_count;module_count;memory_region_count;relationship_type_count,negative IsolationForest decision_function,,,,23,False
LEVT-M57-Jean-PROCESS-2004-20091123235245,-0.1445054346080965,False,M57-Jean,2004,1664,avgcmgr.exe,2009-11-23 23:52:45+00:00,0,Volatility 3 windows.pstree from M57-Jean memory image | Volatility 3 windows.pslist from M57-Jean memory image,M57-Jean-MEM-PSLIST-45;M57-Jean-MEM-PSTREE-9,True,E3,Graph-Full,single IsolationForest,B+C,"{""joint"":9}",9,parent_count;child_count;graph_degree;in_degree;out_degree;command_line_count;module_count;memory_region_count;relationship_type_count,negative IsolationForest decision_function,,,,24,False
LEVT-M57-Jean-PROCESS-2308-20091123225441,-0.1445054346080965,False,M57-Jean,2308,1664,avgcmgr.exe,2009-11-23 22:54:41+00:00,0,Volatility 3 windows.pstree from M57-Jean memory image | Volatility 3 windows.pslist from M57-Jean memory image,M57-Jean-MEM-PSLIST-44;M57-Jean-MEM-PSTREE-7,True,E3,Graph-Full,single IsolationForest,B+C,"{""joint"":9}",9,parent_count;child_count;graph_degree;in_degree;out_degree;command_line_count;module_count;memory_region_count;relationship_type_count,negative IsolationForest decision_function,,,,25,False
LEVT-M57-Jean-PROCESS-2488-20091121013317,-0.1445054346080965,False,M57-Jean,2488,2132,avgcsrvx.exe,2009-11-21 01:33:17+00:00,0,Volatility 3 windows.pstree from M57-Jean memory image | Volatility 3 windows.pslist from M57-Jean memory image,M57-Jean-MEM-PSLIST-30;M57-Jean-MEM-PSTREE-21,True,E3,Graph-Full,single IsolationForest,B+C,"{""joint"":9}",9,parent_count;child_count;graph_degree;in_degree;out_degree;command_line_count;module_count;memory_region_count;relationship_type_count,negative IsolationForest decision_function,,,,26,False
LEVT-M57-Jean-PROCESS-2576-20091123220845,-0.1445054346080965,False,M57-Jean,2576,176,iexplore.exe,2009-11-23 22:08:45+00:00,0,Volatility 3 windows.pstree from M57-Jean memory image | Volatility 3 windows.pslist from M57-Jean memory image,M57-Jean-MEM-PSLIST-40;M57-Jean-MEM-PSTREE-47,True,E3,Graph-Full,single IsolationForest,B+C,"{""joint"":9}",9,parent_count;child_count;graph_degree;in_degree;out_degree;command_line_count;module_count;memory_region_count;relationship_type_count,negative IsolationForest decision_function,,,,27,False
LEVT-M57-Jean-PROCESS-2840-20091123170451,-0.1445054346080965,False,M57-Jean,2840,3180,iexplore.exe,2009-11-23 17:04:51+00:00,0,Volatility 3 windows.pstree from M57-Jean memory image | Volatility 3 windows.pslist from M57-Jean memory image,M57-Jean-MEM-PSLIST-36;M57-Jean-MEM-PSTREE-45,True,E3,Graph-Full,single IsolationForest,B+C,"{""joint"":9}",9,parent_count;child_count;graph_degree;in_degree;out_degree;command_line_count;module_count;memory_region_count;relationship_type_count,negative IsolationForest decision_function,,,,28,False
LEVT-M57-Jean-PROCESS-3196-20091123182209,-0.1445054346080965,False,M57-Jean,3196,1664,avgsrmax.exe,2009-11-23 18:22:09+00:00,0,Volatility 3 windows.pstree from M57-Jean memory image | Volatility 3 windows.pslist from M57-Jean memory image,M57-Jean-MEM-PSLIST-38;M57-Jean-MEM-PSTREE-12,True,E3,Graph-Full,single IsolationForest,B+C,"{""joint"":9}",9,parent_count;child_count;graph_degree;in_degree;out_degree;command_line_count;module_count;memory_region_count;relationship_type_count,negative IsolationForest decision_function,,,,29,False
LEVT-M57-Jean-PROCESS-3992-20091123170451,-0.1445054346080965,False,M57-Jean,3992,3180,iexplore.exe,2009-11-23 17:04:51+00:00,0,Volatility 3 windows.pstree from M57-Jean memory image | Volatility 3 windows.pslist from M57-Jean memory image,M57-Jean-MEM-PSLIST-35;M57-Jean-MEM-PSTREE-44,True,E3,Graph-Full,single IsolationForest,B+C,"{""joint"":9}",9,parent_count;child_count;graph_degree;in_degree;out_degree;command_line_count;module_count;memory_region_count;relationship_type_count,negative IsolationForest decision_function,,,,30,False
LEVT-M57-Jean-PROCESS-4028-20091123171439,-0.1445054346080965,False,M57-Jean,4028,3180,iexplore.exe,2009-11-23 17:14:39+00:00,0,Volatility 3 windows.pstree from M57-Jean memory image | Volatility 3 windows.pslist from M57-Jean memory image,M57-Jean-MEM-PSLIST-37;M57-Jean-MEM-PSTREE-46,True,E3,Graph-Full,single IsolationForest,B+C,"{""joint"":9}",9,parent_count;child_count;graph_degree;in_degree;out_degree;command_line_count;module_count;memory_region_count;relationship_type_count,negative IsolationForest decision_function,,,,31,False
LEVT-M57-Jean-PROCESS-2296-20091121013314,-0.14495573340604923,False,M57-Jean,2296,1664,avgnsx.exe,2009-11-21 01:33:14+00:00,0,Volatility 3 windows.pstree from M57-Jean memory image | Volatility 3 windows.pslist from M57-Jean memory image,M57-Jean-MEM-PSLIST-29;M57-Jean-MEM-PSTREE-10,True,E3,Graph-Full,single IsolationForest,B+C,"{""joint"":9}",9,parent_count;child_count;graph_degree;in_degree;out_degree;command_line_count;module_count;memory_region_count;relationship_type_count,negative IsolationForest decision_function,,,,32,False
LEVT-M57-Jean-PROCESS-620-20091123235925,-0.1466845123128257,False,M57-Jean,620,1944,cmd.exe,2009-11-23 23:59:25+00:00,0,Volatility 3 windows.pstree from M57-Jean memory image | Volatility 3 windows.pslist from M57-Jean memory image,M57-Jean-MEM-PSLIST-46;M57-Jean-MEM-PSTREE-38,True,E3,Graph-Full,single IsolationForest,B+C,"{""joint"":9}",9,parent_count;child_count;graph_degree;in_degree;out_degree;command_line_count;module_count;memory_region_count;relationship_type_count,negative IsolationForest decision_function,,,,33,False
LEVT-M57-Jean-PROCESS-2080-20091123221633,-0.14910372944653544,False,M57-Jean,2080,1944,swriter.exe,2009-11-23 22:16:33+00:00,0,Volatility 3 windows.pstree from M57-Jean memory image | Volatility 3 windows.pslist from M57-Jean memory image,M57-Jean-MEM-PSLIST-41;M57-Jean-MEM-PSTREE-31,True,E3,Graph-Full,single IsolationForest,B+C,"{""joint"":9}",9,parent_count;child_count;graph_degree;in_degree;out_degree;command_line_count;module_count;memory_region_count;relationship_type_count,negative IsolationForest decision_function,,,,34,False
LEVT-M57-Jean-PROCESS-1508-20091121013305,-0.15217019732787118,False,M57-Jean,1508,1944,avgtray.exe,2009-11-21 01:33:05+00:00,0,Volatility 3 windows.pstree from M57-Jean memory image | Volatility 3 windows.pslist from M57-Jean memory image,M57-Jean-MEM-PSLIST-22;M57-Jean-MEM-PSTREE-34,True,E3,Graph-Full,single IsolationForest,B+C,"{""joint"":9}",9,parent_count;child_count;graph_degree;in_degree;out_degree;command_line_count;module_count;memory_region_count;relationship_type_count,negative IsolationForest decision_function,,,,35,False
LEVT-M57-Jean-PROCESS-3908-20091123221634,-0.15254847337470262,False,M57-Jean,3908,2080,soffice.exe,2009-11-23 22:16:34+00:00,0,Volatility 3 windows.pstree from M57-Jean memory image | Volatility 3 windows.pslist from M57-Jean memory image,M57-Jean-MEM-PSLIST-42;M57-Jean-MEM-PSTREE-32,True,E3,Graph-Full,single IsolationForest,B+C,"{""joint"":9}",9,parent_count;child_count;graph_degree;in_degree;out_degree;command_line_count;module_count;memory_region_count;relationship_type_count,negative IsolationForest decision_function,,,,36,False
LEVT-M57-Jean-PROCESS-2992-20091124000124,-0.1540371543304747,False,M57-Jean,2992,620,mdd_1.3.exe,2009-11-24 00:01:24+00:00,0,Volatility 3 windows.pstree from M57-Jean memory image | Volatility 3 windows.pslist from M57-Jean memory image,M57-Jean-MEM-PSLIST-47;M57-Jean-MEM-PSTREE-39,True,E3,Graph-Full,single IsolationForest,B+C,"{""joint"":9}",9,parent_count;child_count;graph_degree;in_degree;out_degree;command_line_count;module_count;memory_region_count;relationship_type_count,negative IsolationForest decision_function,,,,37,False
LEVT-M57-Jean-PROCESS-988-20091121013232,-0.1594961243583578,False,M57-Jean,988,932,lsass.exe,2009-11-21 01:32:32+00:00,0,Volatility 3 windows.pstree from M57-Jean memory image | Volatility 3 windows.pslist from M57-Jean memory image,M57-Jean-MEM-PSLIST-5;M57-Jean-MEM-PSTREE-24,True,E3,Graph-Full,single IsolationForest,B+C,"{""joint"":9}",9,parent_count;child_count;graph_degree;in_degree;out_degree;command_line_count;module_count;memory_region_count;relationship_type_count,negative IsolationForest decision_function,,,,38,False
LEVT-M57-Jean-PROCESS-2244-20091121013313,-0.15952998562276793,False,M57-Jean,2244,1664,avgam.exe,2009-11-21 01:33:13+00:00,0,Volatility 3 windows.pstree from M57-Jean memory image | Volatility 3 windows.pslist from M57-Jean memory image,M57-Jean-MEM-PSLIST-28;M57-Jean-MEM-PSTREE-8,True,E3,Graph-Full,single IsolationForest,B+C,"{""joint"":9}",9,parent_count;child_count;graph_degree;in_degree;out_degree;command_line_count;module_count;memory_region_count;relationship_type_count,negative IsolationForest decision_function,,,,39,False
LEVT-M57-Jean-PROCESS-344-20091121013301,-0.16302383769010564,False,M57-Jean,344,976,jqs.exe,2009-11-21 01:33:01+00:00,0,Volatility 3 windows.pstree from M57-Jean memory image | Volatility 3 windows.pslist from M57-Jean memory image,M57-Jean-MEM-PSLIST-19;M57-Jean-MEM-PSTREE-13,True,E3,Graph-Full,single IsolationForest,B+C,"{""joint"":9}",9,parent_count;child_count;graph_degree;in_degree;out_degree;command_line_count;module_count;memory_region_count;relationship_type_count,negative IsolationForest decision_function,,,,40,False
LEVT-M57-Jean-PROCESS-1752-20091121013306,-0.17133820235753655,False,M57-Jean,1752,1944,msmsgs.exe,2009-11-21 01:33:06+00:00,0,Volatility 3 windows.pstree from M57-Jean memory image | Volatility 3 windows.pslist from M57-Jean memory image,M57-Jean-MEM-PSLIST-25;M57-Jean-MEM-PSTREE-40,True,E3,Graph-Full,single IsolationForest,B+C,"{""joint"":9}",9,parent_count;child_count;graph_degree;in_degree;out_degree;command_line_count;module_count;memory_region_count;relationship_type_count,negative IsolationForest decision_function,,,,41,False
LEVT-M57-Jean-PROCESS-1996-20091121013242,-0.17759115555128668,False,M57-Jean,1996,976,spoolsv.exe,2009-11-21 01:32:42+00:00,0,Volatility 3 windows.pstree from M57-Jean memory image | Volatility 3 windows.pslist from M57-Jean memory image,M57-Jean-MEM-PSLIST-14;M57-Jean-MEM-PSTREE-18,True,E3,Graph-Full,single IsolationForest,B+C,"{""joint"":9}",9,parent_count;child_count;graph_degree;in_degree;out_degree;command_line_count;module_count;memory_region_count;relationship_type_count,negative IsolationForest decision_function,,,,42,False
LEVT-M57-Jean-PROCESS-1152-20091121013234,-0.17926312962845475,False,M57-Jean,1152,976,svchost.exe,2009-11-21 01:32:34+00:00,0,Volatility 3 windows.pstree from M57-Jean memory image | Volatility 3 windows.pslist from M57-Jean memory image,M57-Jean-MEM-PSLIST-6;M57-Jean-MEM-PSTREE-4,True,E3,Graph-Full,single IsolationForest,B+C,"{""joint"":9}",9,parent_count;child_count;graph_degree;in_degree;out_degree;command_line_count;module_count;memory_region_count;relationship_type_count,negative IsolationForest decision_function,,,,43,False
LEVT-M57-Jean-PROCESS-1432-20091121013235,-0.1850616475726582,False,M57-Jean,1432,976,svchost.exe,2009-11-21 01:32:35+00:00,0,Volatility 3 windows.pstree from M57-Jean memory image | Volatility 3 windows.pslist from M57-Jean memory image,M57-Jean-MEM-PSLIST-9;M57-Jean-MEM-PSTREE-22,True,E3,Graph-Full,single IsolationForest,B+C,"{""joint"":9}",9,parent_count;child_count;graph_degree;in_degree;out_degree;command_line_count;module_count;memory_region_count;relationship_type_count,negative IsolationForest decision_function,,,,44,False
LEVT-M57-Jean-PROCESS-1732-20091121013237,-0.1877759898777847,False,M57-Jean,1732,976,svchost.exe,2009-11-21 01:32:37+00:00,0,Volatility 3 windows.pstree from M57-Jean memory image | Volatility 3 windows.pslist from M57-Jean memory image,M57-Jean-MEM-PSLIST-12;M57-Jean-MEM-PSTREE-14,True,E3,Graph-Full,single IsolationForest,B+C,"{""joint"":9}",9,parent_count;child_count;graph_degree;in_degree;out_degree;command_line_count;module_count;memory_region_count;relationship_type_count,negative IsolationForest decision_function,,,,45,False
LEVT-M57-Jean-PROCESS-1248-20091121013234,-0.18836316223101884,False,M57-Jean,1248,976,svchost.exe,2009-11-21 01:32:34+00:00,0,Volatility 3 windows.pstree from M57-Jean memory image | Volatility 3 windows.pslist from M57-Jean memory image,M57-Jean-MEM-PSLIST-7;M57-Jean-MEM-PSTREE-5,True,E3,Graph-Full,single IsolationForest,B+C,"{""joint"":9}",9,parent_count;child_count;graph_degree;in_degree;out_degree;command_line_count;module_count;memory_region_count;relationship_type_count,negative IsolationForest decision_function,,,,46,False
LEVT-M57-Jean-PROCESS-2892-20091123220335,0.06404407466718731,True,M57-Jean,2892,1944,firefox.exe,2009-11-23 22:03:35+00:00,0,Volatility 3 windows.pstree from M57-Jean memory image | Volatility 3 windows.pslist from M57-Jean memory image,M57-Jean-MEM-PSLIST-39;M57-Jean-MEM-PSTREE-37,True,E4,Graph-aware Combined IF,joint feature-space IsolationForest,A+B+C,"{""joint"":25}",25,gap_log_seconds;time_since_previous_event_seconds;events_prev_10s;events_next_10s;local_density_10s;events_prev_30s;events_next_30s;local_density_30s;events_prev_60s;events_next_60s;local_density_60s;process_changed;rapid_event;short_event_gap;medium_event_gap;long_event_gap;parent_count;child_count;graph_degree;in_degree;out_degree;command_line_count;module_count;memory_region_count;relationship_type_count,negative IsolationForest decision_function,,,,1,True
LEVT-M57-Jean-PROCESS-1204-20091123165512,0.03692892763556721,True,M57-Jean,1204,3180,iexplore.exe,2009-11-23 16:55:12+00:00,0,Volatility 3 windows.pstree from M57-Jean memory image | Volatility 3 windows.pslist from M57-Jean memory image,M57-Jean-MEM-PSLIST-33;M57-Jean-MEM-PSTREE-43,True,E4,Graph-aware Combined IF,joint feature-space IsolationForest,A+B+C,"{""joint"":25}",25,gap_log_seconds;time_since_previous_event_seconds;events_prev_10s;events_next_10s;local_density_10s;events_prev_30s;events_next_30s;local_density_30s;events_prev_60s;events_next_60s;local_density_60s;process_changed;rapid_event;short_event_gap;medium_event_gap;long_event_gap;parent_count;child_count;graph_degree;in_degree;out_degree;command_line_count;module_count;memory_region_count;relationship_type_count,negative IsolationForest decision_function,,,,2,True
LEVT-M57-Jean-PROCESS-3560-20091123221635,0.029170408983168805,True,M57-Jean,3560,3908,soffice.bin,2009-11-23 22:16:35+00:00,0,Volatility 3 windows.pstree from M57-Jean memory image | Volatility 3 windows.pslist from M57-Jean memory image,M57-Jean-MEM-PSLIST-43;M57-Jean-MEM-PSTREE-33,True,E4,Graph-aware Combined IF,joint feature-space IsolationForest,A+B+C,"{""joint"":25}",25,gap_log_seconds;time_since_previous_event_seconds;events_prev_10s;events_next_10s;local_density_10s;events_prev_30s;events_next_30s;local_density_30s;events_prev_60s;events_next_60s;local_density_60s;process_changed;rapid_event;short_event_gap;medium_event_gap;long_event_gap;parent_count;child_count;graph_degree;in_degree;out_degree;command_line_count;module_count;memory_region_count;relationship_type_count,negative IsolationForest decision_function,,,,3,True
LEVT-M57-Jean-PROCESS-2080-20091123221633,0.0182450371179258,True,M57-Jean,2080,1944,swriter.exe,2009-11-23 22:16:33+00:00,0,Volatility 3 windows.pstree from M57-Jean memory image | Volatility 3 windows.pslist from M57-Jean memory image,M57-Jean-MEM-PSLIST-41;M57-Jean-MEM-PSTREE-31,True,E4,Graph-aware Combined IF,joint feature-space IsolationForest,A+B+C,"{""joint"":25}",25,gap_log_seconds;time_since_previous_event_seconds;events_prev_10s;events_next_10s;local_density_10s;events_prev_30s;events_next_30s;local_density_30s;events_prev_60s;events_next_60s;local_density_60s;process_changed;rapid_event;short_event_gap;medium_event_gap;long_event_gap;parent_count;child_count;graph_degree;in_degree;out_degree;command_line_count;module_count;memory_region_count;relationship_type_count,negative IsolationForest decision_function,,,,4,True
LEVT-M57-Jean-PROCESS-1372-20091121013235,0.0006075115742610881,True,M57-Jean,1372,976,svchost.exe,2009-11-21 01:32:35+00:00,0,Volatility 3 windows.pstree from M57-Jean memory image | Volatility 3 windows.pslist from M57-Jean memory image,M57-Jean-MEM-PSLIST-8;M57-Jean-MEM-PSTREE-23,True,E4,Graph-aware Combined IF,joint feature-space IsolationForest,A+B+C,"{""joint"":25}",25,gap_log_seconds;time_since_previous_event_seconds;events_prev_10s;events_next_10s;local_density_10s;events_prev_30s;events_next_30s;local_density_30s;events_prev_60s;events_next_60s;local_density_60s;process_changed;rapid_event;short_event_gap;medium_event_gap;long_event_gap;parent_count;child_count;graph_degree;in_degree;out_degree;command_line_count;module_count;memory_region_count;relationship_type_count,negative IsolationForest decision_function,,,,5,True
LEVT-M57-Jean-PROCESS-3992-20091123170451,-0.0006075115742610881,False,M57-Jean,3992,3180,iexplore.exe,2009-11-23 17:04:51+00:00,0,Volatility 3 windows.pstree from M57-Jean memory image | Volatility 3 windows.pslist from M57-Jean memory image,M57-Jean-MEM-PSLIST-35;M57-Jean-MEM-PSTREE-44,True,E4,Graph-aware Combined IF,joint feature-space IsolationForest,A+B+C,"{""joint"":25}",25,gap_log_seconds;time_since_previous_event_seconds;events_prev_10s;events_next_10s;local_density_10s;events_prev_30s;events_next_30s;local_density_30s;events_prev_60s;events_next_60s;local_density_60s;process_changed;rapid_event;short_event_gap;medium_event_gap;long_event_gap;parent_count;child_count;graph_degree;in_degree;out_degree;command_line_count;module_count;memory_region_count;relationship_type_count,negative IsolationForest decision_function,,,,6,False
LEVT-M57-Jean-PROCESS-1572-20091121013258,-0.0025462409995401503,False,M57-Jean,1572,976,svchost.exe,2009-11-21 01:32:58+00:00,0,Volatility 3 windows.pstree from M57-Jean memory image | Volatility 3 windows.pslist from M57-Jean memory image,M57-Jean-MEM-PSLIST-16;M57-Jean-MEM-PSTREE-15,True,E4,Graph-aware Combined IF,joint feature-space IsolationForest,A+B+C,"{""joint"":25}",25,gap_log_seconds;time_since_previous_event_seconds;events_prev_10s;events_next_10s;local_density_10s;events_prev_30s;events_next_30s;local_density_30s;events_prev_60s;events_next_60s;local_density_60s;process_changed;rapid_event;short_event_gap;medium_event_gap;long_event_gap;parent_count;child_count;graph_degree;in_degree;out_degree;command_line_count;module_count;memory_region_count;relationship_type_count,negative IsolationForest decision_function,,,,7,False
LEVT-M57-Jean-PROCESS-1944-20091121013301,-0.01930464048438163,False,M57-Jean,1944,1972,explorer.exe,2009-11-21 01:33:01+00:00,0,Volatility 3 windows.pstree from M57-Jean memory image | Volatility 3 windows.pslist from M57-Jean memory image,M57-Jean-MEM-PSLIST-20;M57-Jean-MEM-PSTREE-29,True,E4,Graph-aware Combined IF,joint feature-space IsolationForest,A+B+C,"{""joint"":25}",25,gap_log_seconds;time_since_previous_event_seconds;events_prev_10s;events_next_10s;local_density_10s;events_prev_30s;events_next_30s;local_density_30s;events_prev_60s;events_next_60s;local_density_60s;process_changed;rapid_event;short_event_gap;medium_event_gap;long_event_gap;parent_count;child_count;graph_degree;in_degree;out_degree;command_line_count;module_count;memory_region_count;relationship_type_count,negative IsolationForest decision_function,,,,8,False
LEVT-M57-Jean-PROCESS-208-20091123165519,-0.022458354339797593,False,M57-Jean,208,1944,msimn.exe,2009-11-23 16:55:19+00:00,0,Volatility 3 windows.pstree from M57-Jean memory image | Volatility 3 windows.pslist from M57-Jean memory image,M57-Jean-MEM-PSLIST-34;M57-Jean-MEM-PSTREE-41,True,E4,Graph-aware Combined IF,joint feature-space IsolationForest,A+B+C,"{""joint"":25}",25,gap_log_seconds;time_since_previous_event_seconds;events_prev_10s;events_next_10s;local_density_10s;events_prev_30s;events_next_30s;local_density_30s;events_prev_60s;events_next_60s;local_density_60s;process_changed;rapid_event;short_event_gap;medium_event_gap;long_event_gap;parent_count;child_count;graph_degree;in_degree;out_degree;command_line_count;module_count;memory_region_count;relationship_type_count,negative IsolationForest decision_function,,,,9,False
LEVT-M57-Jean-PROCESS-3996-20091121013335,-0.025752650402481203,False,M57-Jean,3996,976,alg.exe,2009-11-21 01:33:35+00:00,0,Volatility 3 windows.pstree from M57-Jean memory image | Volatility 3 windows.pslist from M57-Jean memory image,M57-Jean-MEM-PSLIST-31;M57-Jean-MEM-PSTREE-17,True,E4,Graph-aware Combined IF,joint feature-space IsolationForest,A+B+C,"{""joint"":25}",25,gap_log_seconds;time_since_previous_event_seconds;events_prev_10s;events_next_10s;local_density_10s;events_prev_30s;events_next_30s;local_density_30s;events_prev_60s;events_next_60s;local_density_60s;process_changed;rapid_event;short_event_gap;medium_event_gap;long_event_gap;parent_count;child_count;graph_degree;in_degree;out_degree;command_line_count;module_count;memory_region_count;relationship_type_count,negative IsolationForest decision_function,,,,10,False
LEVT-M57-Jean-PROCESS-2488-20091121013317,-0.0351427855570271,False,M57-Jean,2488,2132,avgcsrvx.exe,2009-11-21 01:33:17+00:00,0,Volatility 3 windows.pstree from M57-Jean memory image | Volatility 3 windows.pslist from M57-Jean memory image,M57-Jean-MEM-PSLIST-30;M57-Jean-MEM-PSTREE-21,True,E4,Graph-aware Combined IF,joint feature-space IsolationForest,A+B+C,"{""joint"":25}",25,gap_log_seconds;time_since_previous_event_seconds;events_prev_10s;events_next_10s;local_density_10s;events_prev_30s;events_next_30s;local_density_30s;events_prev_60s;events_next_60s;local_density_60s;process_changed;rapid_event;short_event_gap;medium_event_gap;long_event_gap;parent_count;child_count;graph_degree;in_degree;out_degree;command_line_count;module_count;memory_region_count;relationship_type_count,negative IsolationForest decision_function,,,,11,False
LEVT-M57-Jean-PROCESS-620-20091123235925,-0.03883267407083202,False,M57-Jean,620,1944,cmd.exe,2009-11-23 23:59:25+00:00,0,Volatility 3 windows.pstree from M57-Jean memory image | Volatility 3 windows.pslist from M57-Jean memory image,M57-Jean-MEM-PSLIST-46;M57-Jean-MEM-PSTREE-38,True,E4,Graph-aware Combined IF,joint feature-space IsolationForest,A+B+C,"{""joint"":25}",25,gap_log_seconds;time_since_previous_event_seconds;events_prev_10s;events_next_10s;local_density_10s;events_prev_30s;events_next_30s;local_density_30s;events_prev_60s;events_next_60s;local_density_60s;process_changed;rapid_event;short_event_gap;medium_event_gap;long_event_gap;parent_count;child_count;graph_degree;in_degree;out_degree;command_line_count;module_count;memory_region_count;relationship_type_count,negative IsolationForest decision_function,,,,12,False
LEVT-M57-Jean-PROCESS-2840-20091123170451,-0.04555925467558619,False,M57-Jean,2840,3180,iexplore.exe,2009-11-23 17:04:51+00:00,0,Volatility 3 windows.pstree from M57-Jean memory image | Volatility 3 windows.pslist from M57-Jean memory image,M57-Jean-MEM-PSLIST-36;M57-Jean-MEM-PSTREE-45,True,E4,Graph-aware Combined IF,joint feature-space IsolationForest,A+B+C,"{""joint"":25}",25,gap_log_seconds;time_since_previous_event_seconds;events_prev_10s;events_next_10s;local_density_10s;events_prev_30s;events_next_30s;local_density_30s;events_prev_60s;events_next_60s;local_density_60s;process_changed;rapid_event;short_event_gap;medium_event_gap;long_event_gap;parent_count;child_count;graph_degree;in_degree;out_degree;command_line_count;module_count;memory_region_count;relationship_type_count,negative IsolationForest decision_function,,,,13,False
LEVT-M57-Jean-PROCESS-932-20091121013232,-0.053277780557863086,False,M57-Jean,932,812,winlogon.exe,2009-11-21 01:32:32+00:00,0,Volatility 3 windows.pstree from M57-Jean memory image | Volatility 3 windows.pslist from M57-Jean memory image,M57-Jean-MEM-PSLIST-3;M57-Jean-MEM-PSTREE-2,True,E4,Graph-aware Combined IF,joint feature-space IsolationForest,A+B+C,"{""joint"":25}",25,gap_log_seconds;time_since_previous_event_seconds;events_prev_10s;events_next_10s;local_density_10s;events_prev_30s;events_next_30s;local_density_30s;events_prev_60s;events_next_60s;local_density_60s;process_changed;rapid_event;short_event_gap;medium_event_gap;long_event_gap;parent_count;child_count;graph_degree;in_degree;out_degree;command_line_count;module_count;memory_region_count;relationship_type_count,negative IsolationForest decision_function,,,,14,False
LEVT-M57-Jean-PROCESS-908-20091121013232,-0.05442229943971111,False,M57-Jean,908,812,csrss.exe,2009-11-21 01:32:32+00:00,0,Volatility 3 windows.pstree from M57-Jean memory image | Volatility 3 windows.pslist from M57-Jean memory image,M57-Jean-MEM-PSLIST-2;M57-Jean-MEM-PSTREE-28,True,E4,Graph-aware Combined IF,joint feature-space IsolationForest,A+B+C,"{""joint"":25}",25,gap_log_seconds;time_since_previous_event_seconds;events_prev_10s;events_next_10s;local_density_10s;events_prev_30s;events_next_30s;local_density_30s;events_prev_60s;events_next_60s;local_density_60s;process_changed;rapid_event;short_event_gap;medium_event_gap;long_event_gap;parent_count;child_count;graph_degree;in_degree;out_degree;command_line_count;module_count;memory_region_count;relationship_type_count,negative IsolationForest decision_function,,,,15,False
LEVT-M57-Jean-PROCESS-3908-20091123221634,-0.05784999781443084,False,M57-Jean,3908,2080,soffice.exe,2009-11-23 22:16:34+00:00,0,Volatility 3 windows.pstree from M57-Jean memory image | Volatility 3 windows.pslist from M57-Jean memory image,M57-Jean-MEM-PSLIST-42;M57-Jean-MEM-PSTREE-32,True,E4,Graph-aware Combined IF,joint feature-space IsolationForest,A+B+C,"{""joint"":25}",25,gap_log_seconds;time_since_previous_event_seconds;events_prev_10s;events_next_10s;local_density_10s;events_prev_30s;events_next_30s;local_density_30s;events_prev_60s;events_next_60s;local_density_60s;process_changed;rapid_event;short_event_gap;medium_event_gap;long_event_gap;parent_count;child_count;graph_degree;in_degree;out_degree;command_line_count;module_count;memory_region_count;relationship_type_count,negative IsolationForest decision_function,,,,16,False
LEVT-M57-Jean-PROCESS-2004-20091123235245,-0.0618931456819094,False,M57-Jean,2004,1664,avgcmgr.exe,2009-11-23 23:52:45+00:00,0,Volatility 3 windows.pstree from M57-Jean memory image | Volatility 3 windows.pslist from M57-Jean memory image,M57-Jean-MEM-PSLIST-45;M57-Jean-MEM-PSTREE-9,True,E4,Graph-aware Combined IF,joint feature-space IsolationForest,A+B+C,"{""joint"":25}",25,gap_log_seconds;time_since_previous_event_seconds;events_prev_10s;events_next_10s;local_density_10s;events_prev_30s;events_next_30s;local_density_30s;events_prev_60s;events_next_60s;local_density_60s;process_changed;rapid_event;short_event_gap;medium_event_gap;long_event_gap;parent_count;child_count;graph_degree;in_degree;out_degree;command_line_count;module_count;memory_region_count;relationship_type_count,negative IsolationForest decision_function,,,,17,False
LEVT-M57-Jean-PROCESS-1612-20091121013235,-0.06256000539221329,False,M57-Jean,1612,932,avgchsvx.exe,2009-11-21 01:32:35+00:00,0,Volatility 3 windows.pstree from M57-Jean memory image | Volatility 3 windows.pslist from M57-Jean memory image,M57-Jean-MEM-PSLIST-10;M57-Jean-MEM-PSTREE-27,True,E4,Graph-aware Combined IF,joint feature-space IsolationForest,A+B+C,"{""joint"":25}",25,gap_log_seconds;time_since_previous_event_seconds;events_prev_10s;events_next_10s;local_density_10s;events_prev_30s;events_next_30s;local_density_30s;events_prev_60s;events_next_60s;local_density_60s;process_changed;rapid_event;short_event_gap;medium_event_gap;long_event_gap;parent_count;child_count;graph_degree;in_degree;out_degree;command_line_count;module_count;memory_region_count;relationship_type_count,negative IsolationForest decision_function,,,,18,False
LEVT-M57-Jean-PROCESS-2992-20091124000124,-0.0638451654009829,False,M57-Jean,2992,620,mdd_1.3.exe,2009-11-24 00:01:24+00:00,0,Volatility 3 windows.pstree from M57-Jean memory image | Volatility 3 windows.pslist from M57-Jean memory image,M57-Jean-MEM-PSLIST-47;M57-Jean-MEM-PSTREE-39,True,E4,Graph-aware Combined IF,joint feature-space IsolationForest,A+B+C,"{""joint"":25}",25,gap_log_seconds;time_since_previous_event_seconds;events_prev_10s;events_next_10s;local_density_10s;events_prev_30s;events_next_30s;local_density_30s;events_prev_60s;events_next_60s;local_density_60s;process_changed;rapid_event;short_event_gap;medium_event_gap;long_event_gap;parent_count;child_count;graph_degree;in_degree;out_degree;command_line_count;module_count;memory_region_count;relationship_type_count,negative IsolationForest decision_function,,,,19,False
LEVT-M57-Jean-PROCESS-1836-20091121013308,-0.06399170342519267,False,M57-Jean,1836,1508,AVGIDSMonitor.e,2009-11-21 01:33:08+00:00,0,Volatility 3 windows.pstree from M57-Jean memory image | Volatility 3 windows.pslist from M57-Jean memory image,M57-Jean-MEM-PSLIST-26;M57-Jean-MEM-PSTREE-35,True,E4,Graph-aware Combined IF,joint feature-space IsolationForest,A+B+C,"{""joint"":25}",25,gap_log_seconds;time_since_previous_event_seconds;events_prev_10s;events_next_10s;local_density_10s;events_prev_30s;events_next_30s;local_density_30s;events_prev_60s;events_next_60s;local_density_60s;process_changed;rapid_event;short_event_gap;medium_event_gap;long_event_gap;parent_count;child_count;graph_degree;in_degree;out_degree;command_line_count;module_count;memory_region_count;relationship_type_count,negative IsolationForest decision_function,,,,20,False
LEVT-M57-Jean-PROCESS-4028-20091123171439,-0.06486629470180899,False,M57-Jean,4028,3180,iexplore.exe,2009-11-23 17:14:39+00:00,0,Volatility 3 windows.pstree from M57-Jean memory image | Volatility 3 windows.pslist from M57-Jean memory image,M57-Jean-MEM-PSLIST-37;M57-Jean-MEM-PSTREE-46,True,E4,Graph-aware Combined IF,joint feature-space IsolationForest,A+B+C,"{""joint"":25}",25,gap_log_seconds;time_since_previous_event_seconds;events_prev_10s;events_next_10s;local_density_10s;events_prev_30s;events_next_30s;local_density_30s;events_prev_60s;events_next_60s;local_density_60s;process_changed;rapid_event;short_event_gap;medium_event_gap;long_event_gap;parent_count;child_count;graph_degree;in_degree;out_degree;command_line_count;module_count;memory_region_count;relationship_type_count,negative IsolationForest decision_function,,,,21,False
LEVT-M57-Jean-PROCESS-1356-20091121013448,-0.06578649150402127,False,M57-Jean,1356,2296,avgcsrvx.exe,2009-11-21 01:34:48+00:00,0,Volatility 3 windows.pstree from M57-Jean memory image | Volatility 3 windows.pslist from M57-Jean memory image,M57-Jean-MEM-PSLIST-32;M57-Jean-MEM-PSTREE-11,True,E4,Graph-aware Combined IF,joint feature-space IsolationForest,A+B+C,"{""joint"":25}",25,gap_log_seconds;time_since_previous_event_seconds;events_prev_10s;events_next_10s;local_density_10s;events_prev_30s;events_next_30s;local_density_30s;events_prev_60s;events_next_60s;local_density_60s;process_changed;rapid_event;short_event_gap;medium_event_gap;long_event_gap;parent_count;child_count;graph_degree;in_degree;out_degree;command_line_count;module_count;memory_region_count;relationship_type_count,negative IsolationForest decision_function,,,,22,False
LEVT-M57-Jean-PROCESS-976-20091121013232,-0.06685566594263093,False,M57-Jean,976,932,services.exe,2009-11-21 01:32:32+00:00,0,Volatility 3 windows.pstree from M57-Jean memory image | Volatility 3 windows.pslist from M57-Jean memory image,M57-Jean-MEM-PSLIST-4;M57-Jean-MEM-PSTREE-3,True,E4,Graph-aware Combined IF,joint feature-space IsolationForest,A+B+C,"{""joint"":25}",25,gap_log_seconds;time_since_previous_event_seconds;events_prev_10s;events_next_10s;local_density_10s;events_prev_30s;events_next_30s;local_density_30s;events_prev_60s;events_next_60s;local_density_60s;process_changed;rapid_event;short_event_gap;medium_event_gap;long_event_gap;parent_count;child_count;graph_degree;in_degree;out_degree;command_line_count;module_count;memory_region_count;relationship_type_count,negative IsolationForest decision_function,,,,23,False
LEVT-M57-Jean-PROCESS-1796-20091121013301,-0.08303564259518087,False,M57-Jean,1796,976,avgfws9.exe,2009-11-21 01:33:01+00:00,0,Volatility 3 windows.pstree from M57-Jean memory image | Volatility 3 windows.pslist from M57-Jean memory image,M57-Jean-MEM-PSLIST-18;M57-Jean-MEM-PSTREE-16,True,E4,Graph-aware Combined IF,joint feature-space IsolationForest,A+B+C,"{""joint"":25}",25,gap_log_seconds;time_since_previous_event_seconds;events_prev_10s;events_next_10s;local_density_10s;events_prev_30s;events_next_30s;local_density_30s;events_prev_60s;events_next_60s;local_density_60s;process_changed;rapid_event;short_event_gap;medium_event_gap;long_event_gap;parent_count;child_count;graph_degree;in_degree;out_degree;command_line_count;module_count;memory_region_count;relationship_type_count,negative IsolationForest decision_function,,,,24,False
LEVT-M57-Jean-PROCESS-2296-20091121013314,-0.08527787375659857,False,M57-Jean,2296,1664,avgnsx.exe,2009-11-21 01:33:14+00:00,0,Volatility 3 windows.pstree from M57-Jean memory image | Volatility 3 windows.pslist from M57-Jean memory image,M57-Jean-MEM-PSLIST-29;M57-Jean-MEM-PSTREE-10,True,E4,Graph-aware Combined IF,joint feature-space IsolationForest,A+B+C,"{""joint"":25}",25,gap_log_seconds;time_since_previous_event_seconds;events_prev_10s;events_next_10s;local_density_10s;events_prev_30s;events_next_30s;local_density_30s;events_prev_60s;events_next_60s;local_density_60s;process_changed;rapid_event;short_event_gap;medium_event_gap;long_event_gap;parent_count;child_count;graph_degree;in_degree;out_degree;command_line_count;module_count;memory_region_count;relationship_type_count,negative IsolationForest decision_function,,,,25,False
LEVT-M57-Jean-PROCESS-1248-20091121013234,-0.08935682112939958,False,M57-Jean,1248,976,svchost.exe,2009-11-21 01:32:34+00:00,0,Volatility 3 windows.pstree from M57-Jean memory image | Volatility 3 windows.pslist from M57-Jean memory image,M57-Jean-MEM-PSLIST-7;M57-Jean-MEM-PSTREE-5,True,E4,Graph-aware Combined IF,joint feature-space IsolationForest,A+B+C,"{""joint"":25}",25,gap_log_seconds;time_since_previous_event_seconds;events_prev_10s;events_next_10s;local_density_10s;events_prev_30s;events_next_30s;local_density_30s;events_prev_60s;events_next_60s;local_density_60s;process_changed;rapid_event;short_event_gap;medium_event_gap;long_event_gap;parent_count;child_count;graph_degree;in_degree;out_degree;command_line_count;module_count;memory_region_count;relationship_type_count,negative IsolationForest decision_function,,,,26,False
LEVT-M57-Jean-PROCESS-2132-20091121013311,-0.09090609123885074,False,M57-Jean,2132,976,avgemc.exe,2009-11-21 01:33:11+00:00,0,Volatility 3 windows.pstree from M57-Jean memory image | Volatility 3 windows.pslist from M57-Jean memory image,M57-Jean-MEM-PSLIST-27;M57-Jean-MEM-PSTREE-20,True,E4,Graph-aware Combined IF,joint feature-space IsolationForest,A+B+C,"{""joint"":25}",25,gap_log_seconds;time_since_previous_event_seconds;events_prev_10s;events_next_10s;local_density_10s;events_prev_30s;events_next_30s;local_density_30s;events_prev_60s;events_next_60s;local_density_60s;process_changed;rapid_event;short_event_gap;medium_event_gap;long_event_gap;parent_count;child_count;graph_degree;in_degree;out_degree;command_line_count;module_count;memory_region_count;relationship_type_count,negative IsolationForest decision_function,,,,27,False
LEVT-M57-Jean-PROCESS-2028-20091121013242,-0.09315271190835755,False,M57-Jean,2028,976,AVGIDSAgent.exe,2009-11-21 01:32:42+00:00,0,Volatility 3 windows.pstree from M57-Jean memory image | Volatility 3 windows.pslist from M57-Jean memory image,M57-Jean-MEM-PSLIST-15;M57-Jean-MEM-PSTREE-19,True,E4,Graph-aware Combined IF,joint feature-space IsolationForest,A+B+C,"{""joint"":25}",25,gap_log_seconds;time_since_previous_event_seconds;events_prev_10s;events_next_10s;local_density_10s;events_prev_30s;events_next_30s;local_density_30s;events_prev_60s;events_next_60s;local_density_60s;process_changed;rapid_event;short_event_gap;medium_event_gap;long_event_gap;parent_count;child_count;graph_degree;in_degree;out_degree;command_line_count;module_count;memory_region_count;relationship_type_count,negative IsolationForest decision_function,,,,28,False
LEVT-M57-Jean-PROCESS-1664-20091121013258,-0.09343275717230859,False,M57-Jean,1664,976,avgwdsvc.exe,2009-11-21 01:32:58+00:00,0,Volatility 3 windows.pstree from M57-Jean memory image | Volatility 3 windows.pslist from M57-Jean memory image,M57-Jean-MEM-PSLIST-17;M57-Jean-MEM-PSTREE-6,True,E4,Graph-aware Combined IF,joint feature-space IsolationForest,A+B+C,"{""joint"":25}",25,gap_log_seconds;time_since_previous_event_seconds;events_prev_10s;events_next_10s;local_density_10s;events_prev_30s;events_next_30s;local_density_30s;events_prev_60s;events_next_60s;local_density_60s;process_changed;rapid_event;short_event_gap;medium_event_gap;long_event_gap;parent_count;child_count;graph_degree;in_degree;out_degree;command_line_count;module_count;memory_region_count;relationship_type_count,negative IsolationForest decision_function,,,,29,False
LEVT-M57-Jean-PROCESS-1432-20091121013235,-0.09585153538119584,False,M57-Jean,1432,976,svchost.exe,2009-11-21 01:32:35+00:00,0,Volatility 3 windows.pstree from M57-Jean memory image | Volatility 3 windows.pslist from M57-Jean memory image,M57-Jean-MEM-PSLIST-9;M57-Jean-MEM-PSTREE-22,True,E4,Graph-aware Combined IF,joint feature-space IsolationForest,A+B+C,"{""joint"":25}",25,gap_log_seconds;time_since_previous_event_seconds;events_prev_10s;events_next_10s;local_density_10s;events_prev_30s;events_next_30s;local_density_30s;events_prev_60s;events_next_60s;local_density_60s;process_changed;rapid_event;short_event_gap;medium_event_gap;long_event_gap;parent_count;child_count;graph_degree;in_degree;out_degree;command_line_count;module_count;memory_region_count;relationship_type_count,negative IsolationForest decision_function,,,,30,False
LEVT-M57-Jean-PROCESS-1504-20091121013305,-0.09712749551401395,False,M57-Jean,1504,1944,hkcmd.exe,2009-11-21 01:33:05+00:00,0,Volatility 3 windows.pstree from M57-Jean memory image | Volatility 3 windows.pslist from M57-Jean memory image,M57-Jean-MEM-PSLIST-21;M57-Jean-MEM-PSTREE-30,True,E4,Graph-aware Combined IF,joint feature-space IsolationForest,A+B+C,"{""joint"":25}",25,gap_log_seconds;time_since_previous_event_seconds;events_prev_10s;events_next_10s;local_density_10s;events_prev_30s;events_next_30s;local_density_30s;events_prev_60s;events_next_60s;local_density_60s;process_changed;rapid_event;short_event_gap;medium_event_gap;long_event_gap;parent_count;child_count;graph_degree;in_degree;out_degree;command_line_count;module_count;memory_region_count;relationship_type_count,negative IsolationForest decision_function,,,,31,False
LEVT-M57-Jean-PROCESS-3196-20091123182209,-0.0975577035357062,False,M57-Jean,3196,1664,avgsrmax.exe,2009-11-23 18:22:09+00:00,0,Volatility 3 windows.pstree from M57-Jean memory image | Volatility 3 windows.pslist from M57-Jean memory image,M57-Jean-MEM-PSLIST-38;M57-Jean-MEM-PSTREE-12,True,E4,Graph-aware Combined IF,joint feature-space IsolationForest,A+B+C,"{""joint"":25}",25,gap_log_seconds;time_since_previous_event_seconds;events_prev_10s;events_next_10s;local_density_10s;events_prev_30s;events_next_30s;local_density_30s;events_prev_60s;events_next_60s;local_density_60s;process_changed;rapid_event;short_event_gap;medium_event_gap;long_event_gap;parent_count;child_count;graph_degree;in_degree;out_degree;command_line_count;module_count;memory_region_count;relationship_type_count,negative IsolationForest decision_function,,,,32,False
LEVT-M57-Jean-PROCESS-1760-20091121013238,-0.10089326755787192,False,M57-Jean,1760,1620,avgcsrvx.exe,2009-11-21 01:32:38+00:00,0,Volatility 3 windows.pstree from M57-Jean memory image | Volatility 3 windows.pslist from M57-Jean memory image,M57-Jean-MEM-PSLIST-13;M57-Jean-MEM-PSTREE-26,True,E4,Graph-aware Combined IF,joint feature-space IsolationForest,A+B+C,"{""joint"":25}",25,gap_log_seconds;time_since_previous_event_seconds;events_prev_10s;events_next_10s;local_density_10s;events_prev_30s;events_next_30s;local_density_30s;events_prev_60s;events_next_60s;local_density_60s;process_changed;rapid_event;short_event_gap;medium_event_gap;long_event_gap;parent_count;child_count;graph_degree;in_degree;out_degree;command_line_count;module_count;memory_region_count;relationship_type_count,negative IsolationForest decision_function,,,,33,False
LEVT-M57-Jean-PROCESS-2576-20091123220845,-0.10178933013952401,False,M57-Jean,2576,176,iexplore.exe,2009-11-23 22:08:45+00:00,0,Volatility 3 windows.pstree from M57-Jean memory image | Volatility 3 windows.pslist from M57-Jean memory image,M57-Jean-MEM-PSLIST-40;M57-Jean-MEM-PSTREE-47,True,E4,Graph-aware Combined IF,joint feature-space IsolationForest,A+B+C,"{""joint"":25}",25,gap_log_seconds;time_since_previous_event_seconds;events_prev_10s;events_next_10s;local_density_10s;events_prev_30s;events_next_30s;local_density_30s;events_prev_60s;events_next_60s;local_density_60s;process_changed;rapid_event;short_event_gap;medium_event_gap;long_event_gap;parent_count;child_count;graph_degree;in_degree;out_degree;command_line_count;module_count;memory_region_count;relationship_type_count,negative IsolationForest decision_function,,,,34,False
LEVT-M57-Jean-PROCESS-1528-20091121013305,-0.10247756507765221,False,M57-Jean,1528,1944,jusched.exe,2009-11-21 01:33:05+00:00,0,Volatility 3 windows.pstree from M57-Jean memory image | Volatility 3 windows.pslist from M57-Jean memory image,M57-Jean-MEM-PSLIST-23;M57-Jean-MEM-PSTREE-42,True,E4,Graph-aware Combined IF,joint feature-space IsolationForest,A+B+C,"{""joint"":25}",25,gap_log_seconds;time_since_previous_event_seconds;events_prev_10s;events_next_10s;local_density_10s;events_prev_30s;events_next_30s;local_density_30s;events_prev_60s;events_next_60s;local_density_60s;process_changed;rapid_event;short_event_gap;medium_event_gap;long_event_gap;parent_count;child_count;graph_degree;in_degree;out_degree;command_line_count;module_count;memory_region_count;relationship_type_count,negative IsolationForest decision_function,,,,35,False
LEVT-M57-Jean-PROCESS-2308-20091123225441,-0.10517349603720921,False,M57-Jean,2308,1664,avgcmgr.exe,2009-11-23 22:54:41+00:00,0,Volatility 3 windows.pstree from M57-Jean memory image | Volatility 3 windows.pslist from M57-Jean memory image,M57-Jean-MEM-PSLIST-44;M57-Jean-MEM-PSTREE-7,True,E4,Graph-aware Combined IF,joint feature-space IsolationForest,A+B+C,"{""joint"":25}",25,gap_log_seconds;time_since_previous_event_seconds;events_prev_10s;events_next_10s;local_density_10s;events_prev_30s;events_next_30s;local_density_30s;events_prev_60s;events_next_60s;local_density_60s;process_changed;rapid_event;short_event_gap;medium_event_gap;long_event_gap;parent_count;child_count;graph_degree;in_degree;out_degree;command_line_count;module_count;memory_region_count;relationship_type_count,negative IsolationForest decision_function,,,,36,False
LEVT-M57-Jean-PROCESS-2244-20091121013313,-0.1063621939280881,False,M57-Jean,2244,1664,avgam.exe,2009-11-21 01:33:13+00:00,0,Volatility 3 windows.pstree from M57-Jean memory image | Volatility 3 windows.pslist from M57-Jean memory image,M57-Jean-MEM-PSLIST-28;M57-Jean-MEM-PSTREE-8,True,E4,Graph-aware Combined IF,joint feature-space IsolationForest,A+B+C,"{""joint"":25}",25,gap_log_seconds;time_since_previous_event_seconds;events_prev_10s;events_next_10s;local_density_10s;events_prev_30s;events_next_30s;local_density_30s;events_prev_60s;events_next_60s;local_density_60s;process_changed;rapid_event;short_event_gap;medium_event_gap;long_event_gap;parent_count;child_count;graph_degree;in_degree;out_degree;command_line_count;module_count;memory_region_count;relationship_type_count,negative IsolationForest decision_function,,,,37,False
LEVT-M57-Jean-PROCESS-1996-20091121013242,-0.10877322205174755,False,M57-Jean,1996,976,spoolsv.exe,2009-11-21 01:32:42+00:00,0,Volatility 3 windows.pstree from M57-Jean memory image | Volatility 3 windows.pslist from M57-Jean memory image,M57-Jean-MEM-PSLIST-14;M57-Jean-MEM-PSTREE-18,True,E4,Graph-aware Combined IF,joint feature-space IsolationForest,A+B+C,"{""joint"":25}",25,gap_log_seconds;time_since_previous_event_seconds;events_prev_10s;events_next_10s;local_density_10s;events_prev_30s;events_next_30s;local_density_30s;events_prev_60s;events_next_60s;local_density_60s;process_changed;rapid_event;short_event_gap;medium_event_gap;long_event_gap;parent_count;child_count;graph_degree;in_degree;out_degree;command_line_count;module_count;memory_region_count;relationship_type_count,negative IsolationForest decision_function,,,,38,False
LEVT-M57-Jean-PROCESS-1676-20091121013306,-0.11094346464208549,False,M57-Jean,1676,1944,ctfmon.exe,2009-11-21 01:33:06+00:00,0,Volatility 3 windows.pstree from M57-Jean memory image | Volatility 3 windows.pslist from M57-Jean memory image,M57-Jean-MEM-PSLIST-24;M57-Jean-MEM-PSTREE-36,True,E4,Graph-aware Combined IF,joint feature-space IsolationForest,A+B+C,"{""joint"":25}",25,gap_log_seconds;time_since_previous_event_seconds;events_prev_10s;events_next_10s;local_density_10s;events_prev_30s;events_next_30s;local_density_30s;events_prev_60s;events_next_60s;local_density_60s;process_changed;rapid_event;short_event_gap;medium_event_gap;long_event_gap;parent_count;child_count;graph_degree;in_degree;out_degree;command_line_count;module_count;memory_region_count;relationship_type_count,negative IsolationForest decision_function,,,,39,False
LEVT-M57-Jean-PROCESS-1620-20091121013235,-0.11182971980693174,False,M57-Jean,1620,932,avgrsx.exe,2009-11-21 01:32:35+00:00,0,Volatility 3 windows.pstree from M57-Jean memory image | Volatility 3 windows.pslist from M57-Jean memory image,M57-Jean-MEM-PSLIST-11;M57-Jean-MEM-PSTREE-25,True,E4,Graph-aware Combined IF,joint feature-space IsolationForest,A+B+C,"{""joint"":25}",25,gap_log_seconds;time_since_previous_event_seconds;events_prev_10s;events_next_10s;local_density_10s;events_prev_30s;events_next_30s;local_density_30s;events_prev_60s;events_next_60s;local_density_60s;process_changed;rapid_event;short_event_gap;medium_event_gap;long_event_gap;parent_count;child_count;graph_degree;in_degree;out_degree;command_line_count;module_count;memory_region_count;relationship_type_count,negative IsolationForest decision_function,,,,40,False
LEVT-M57-Jean-PROCESS-344-20091121013301,-0.11438134610222961,False,M57-Jean,344,976,jqs.exe,2009-11-21 01:33:01+00:00,0,Volatility 3 windows.pstree from M57-Jean memory image | Volatility 3 windows.pslist from M57-Jean memory image,M57-Jean-MEM-PSLIST-19;M57-Jean-MEM-PSTREE-13,True,E4,Graph-aware Combined IF,joint feature-space IsolationForest,A+B+C,"{""joint"":25}",25,gap_log_seconds;time_since_previous_event_seconds;events_prev_10s;events_next_10s;local_density_10s;events_prev_30s;events_next_30s;local_density_30s;events_prev_60s;events_next_60s;local_density_60s;process_changed;rapid_event;short_event_gap;medium_event_gap;long_event_gap;parent_count;child_count;graph_degree;in_degree;out_degree;command_line_count;module_count;memory_region_count;relationship_type_count,negative IsolationForest decision_function,,,,41,False
LEVT-M57-Jean-PROCESS-1752-20091121013306,-0.11584767497181586,False,M57-Jean,1752,1944,msmsgs.exe,2009-11-21 01:33:06+00:00,0,Volatility 3 windows.pstree from M57-Jean memory image | Volatility 3 windows.pslist from M57-Jean memory image,M57-Jean-MEM-PSLIST-25;M57-Jean-MEM-PSTREE-40,True,E4,Graph-aware Combined IF,joint feature-space IsolationForest,A+B+C,"{""joint"":25}",25,gap_log_seconds;time_since_previous_event_seconds;events_prev_10s;events_next_10s;local_density_10s;events_prev_30s;events_next_30s;local_density_30s;events_prev_60s;events_next_60s;local_density_60s;process_changed;rapid_event;short_event_gap;medium_event_gap;long_event_gap;parent_count;child_count;graph_degree;in_degree;out_degree;command_line_count;module_count;memory_region_count;relationship_type_count,negative IsolationForest decision_function,,,,42,False
LEVT-M57-Jean-PROCESS-988-20091121013232,-0.11866566068846557,False,M57-Jean,988,932,lsass.exe,2009-11-21 01:32:32+00:00,0,Volatility 3 windows.pstree from M57-Jean memory image | Volatility 3 windows.pslist from M57-Jean memory image,M57-Jean-MEM-PSLIST-5;M57-Jean-MEM-PSTREE-24,True,E4,Graph-aware Combined IF,joint feature-space IsolationForest,A+B+C,"{""joint"":25}",25,gap_log_seconds;time_since_previous_event_seconds;events_prev_10s;events_next_10s;local_density_10s;events_prev_30s;events_next_30s;local_density_30s;events_prev_60s;events_next_60s;local_density_60s;process_changed;rapid_event;short_event_gap;medium_event_gap;long_event_gap;parent_count;child_count;graph_degree;in_degree;out_degree;command_line_count;module_count;memory_region_count;relationship_type_count,negative IsolationForest decision_function,,,,43,False
LEVT-M57-Jean-PROCESS-1152-20091121013234,-0.12293761571656092,False,M57-Jean,1152,976,svchost.exe,2009-11-21 01:32:34+00:00,0,Volatility 3 windows.pstree from M57-Jean memory image | Volatility 3 windows.pslist from M57-Jean memory image,M57-Jean-MEM-PSLIST-6;M57-Jean-MEM-PSTREE-4,True,E4,Graph-aware Combined IF,joint feature-space IsolationForest,A+B+C,"{""joint"":25}",25,gap_log_seconds;time_since_previous_event_seconds;events_prev_10s;events_next_10s;local_density_10s;events_prev_30s;events_next_30s;local_density_30s;events_prev_60s;events_next_60s;local_density_60s;process_changed;rapid_event;short_event_gap;medium_event_gap;long_event_gap;parent_count;child_count;graph_degree;in_degree;out_degree;command_line_count;module_count;memory_region_count;relationship_type_count,negative IsolationForest decision_function,,,,44,False
LEVT-M57-Jean-PROCESS-1508-20091121013305,-0.13054469672728852,False,M57-Jean,1508,1944,avgtray.exe,2009-11-21 01:33:05+00:00,0,Volatility 3 windows.pstree from M57-Jean memory image | Volatility 3 windows.pslist from M57-Jean memory image,M57-Jean-MEM-PSLIST-22;M57-Jean-MEM-PSTREE-34,True,E4,Graph-aware Combined IF,joint feature-space IsolationForest,A+B+C,"{""joint"":25}",25,gap_log_seconds;time_since_previous_event_seconds;events_prev_10s;events_next_10s;local_density_10s;events_prev_30s;events_next_30s;local_density_30s;events_prev_60s;events_next_60s;local_density_60s;process_changed;rapid_event;short_event_gap;medium_event_gap;long_event_gap;parent_count;child_count;graph_degree;in_degree;out_degree;command_line_count;module_count;memory_region_count;relationship_type_count,negative IsolationForest decision_function,,,,45,False
LEVT-M57-Jean-PROCESS-1732-20091121013237,-0.13137453255195397,False,M57-Jean,1732,976,svchost.exe,2009-11-21 01:32:37+00:00,0,Volatility 3 windows.pstree from M57-Jean memory image | Volatility 3 windows.pslist from M57-Jean memory image,M57-Jean-MEM-PSLIST-12;M57-Jean-MEM-PSTREE-14,True,E4,Graph-aware Combined IF,joint feature-space IsolationForest,A+B+C,"{""joint"":25}",25,gap_log_seconds;time_since_previous_event_seconds;events_prev_10s;events_next_10s;local_density_10s;events_prev_30s;events_next_30s;local_density_30s;events_prev_60s;events_next_60s;local_density_60s;process_changed;rapid_event;short_event_gap;medium_event_gap;long_event_gap;parent_count;child_count;graph_degree;in_degree;out_degree;command_line_count;module_count;memory_region_count;relationship_type_count,negative IsolationForest decision_function,,,,46,False
LEVT-M57-Jean-PROCESS-3560-20091123221635,0.7457982393354122,True,M57-Jean,3560,3908,soffice.bin,2009-11-23 22:16:35+00:00,0,Volatility 3 windows.pstree from M57-Jean memory image | Volatility 3 windows.pslist from M57-Jean memory image,M57-Jean-MEM-PSLIST-43;M57-Jean-MEM-PSTREE-33,True,E5,Temporal + Graph-Structural Fused,score-level fusion,A+B,"{""graph"":5,""temporal"":16}",21,temporal:gap_log_seconds;time_since_previous_event_seconds;events_prev_10s;events_next_10s;local_density_10s;events_prev_30s;events_next_30s;local_density_30s;events_prev_60s;events_next_60s;local_density_60s;process_changed;rapid_event;short_event_gap;medium_event_gap;long_event_gap|graph:parent_count;child_count;graph_degree;in_degree;out_degree,weighted average of min-max normalized component scores,0.5,0.4915964786708245,1.0,1,True
LEVT-M57-Jean-PROCESS-1372-20091121013235,0.6182693923669972,True,M57-Jean,1372,976,svchost.exe,2009-11-21 01:32:35+00:00,0,Volatility 3 windows.pstree from M57-Jean memory image | Volatility 3 windows.pslist from M57-Jean memory image,M57-Jean-MEM-PSLIST-8;M57-Jean-MEM-PSTREE-23,True,E5,Temporal + Graph-Structural Fused,score-level fusion,A+B,"{""graph"":5,""temporal"":16}",21,temporal:gap_log_seconds;time_since_previous_event_seconds;events_prev_10s;events_next_10s;local_density_10s;events_prev_30s;events_next_30s;local_density_30s;events_prev_60s;events_next_60s;local_density_60s;process_changed;rapid_event;short_event_gap;medium_event_gap;long_event_gap|graph:parent_count;child_count;graph_degree;in_degree;out_degree,weighted average of min-max normalized component scores,0.5,0.3816423088580188,0.8548964758759756,2,True
LEVT-M57-Jean-PROCESS-976-20091121013232,0.5895674818768987,True,M57-Jean,976,932,services.exe,2009-11-21 01:32:32+00:00,0,Volatility 3 windows.pstree from M57-Jean memory image | Volatility 3 windows.pslist from M57-Jean memory image,M57-Jean-MEM-PSLIST-4;M57-Jean-MEM-PSTREE-3,True,E5,Temporal + Graph-Structural Fused,score-level fusion,A+B,"{""graph"":5,""temporal"":16}",21,temporal:gap_log_seconds;time_since_previous_event_seconds;events_prev_10s;events_next_10s;local_density_10s;events_prev_30s;events_next_30s;local_density_30s;events_prev_60s;events_next_60s;local_density_60s;process_changed;rapid_event;short_event_gap;medium_event_gap;long_event_gap|graph:parent_count;child_count;graph_degree;in_degree;out_degree,weighted average of min-max normalized component scores,0.5,0.27063327238296536,0.9085016913708319,3,True
LEVT-M57-Jean-PROCESS-2080-20091123221633,0.5818049488559035,True,M57-Jean,2080,1944,swriter.exe,2009-11-23 22:16:33+00:00,0,Volatility 3 windows.pstree from M57-Jean memory image | Volatility 3 windows.pslist from M57-Jean memory image,M57-Jean-MEM-PSLIST-41;M57-Jean-MEM-PSTREE-31,True,E5,Temporal + Graph-Structural Fused,score-level fusion,A+B,"{""graph"":5,""temporal"":16}",21,temporal:gap_log_seconds;time_since_previous_event_seconds;events_prev_10s;events_next_10s;local_density_10s;events_prev_30s;events_next_30s;local_density_30s;events_prev_60s;events_next_60s;local_density_60s;process_changed;rapid_event;short_event_gap;medium_event_gap;long_event_gap|graph:parent_count;child_count;graph_degree;in_degree;out_degree,weighted average of min-max normalized component scores,0.5,0.893863696010757,0.26974620170104996,4,True
LEVT-M57-Jean-PROCESS-1944-20091121013301,0.5670232875235377,True,M57-Jean,1944,1972,explorer.exe,2009-11-21 01:33:01+00:00,0,Volatility 3 windows.pstree from M57-Jean memory image | Volatility 3 windows.pslist from M57-Jean memory image,M57-Jean-MEM-PSLIST-20;M57-Jean-MEM-PSTREE-29,True,E5,Temporal + Graph-Structural Fused,score-level fusion,A+B,"{""graph"":5,""temporal"":16}",21,temporal:gap_log_seconds;time_since_previous_event_seconds;events_prev_10s;events_next_10s;local_density_10s;events_prev_30s;events_next_30s;local_density_30s;events_prev_60s;events_next_60s;local_density_60s;process_changed;rapid_event;short_event_gap;medium_event_gap;long_event_gap|graph:parent_count;child_count;graph_degree;in_degree;out_degree,weighted average of min-max normalized component scores,0.5,0.1808075539266148,0.9532390211204606,5,True
LEVT-M57-Jean-PROCESS-932-20091121013232,0.5157386074225128,False,M57-Jean,932,812,winlogon.exe,2009-11-21 01:32:32+00:00,0,Volatility 3 windows.pstree from M57-Jean memory image | Volatility 3 windows.pslist from M57-Jean memory image,M57-Jean-MEM-PSLIST-3;M57-Jean-MEM-PSTREE-2,True,E5,Temporal + Graph-Structural Fused,score-level fusion,A+B,"{""graph"":5,""temporal"":16}",21,temporal:gap_log_seconds;time_since_previous_event_seconds;events_prev_10s;events_next_10s;local_density_10s;events_prev_30s;events_next_30s;local_density_30s;events_prev_60s;events_next_60s;local_density_60s;process_changed;rapid_event;short_event_gap;medium_event_gap;long_event_gap|graph:parent_count;child_count;graph_degree;in_degree;out_degree,weighted average of min-max normalized component scores,0.5,0.3997131502384534,0.6317640646065722,6,False
LEVT-M57-Jean-PROCESS-3996-20091121013335,0.5083085248065787,False,M57-Jean,3996,976,alg.exe,2009-11-21 01:33:35+00:00,0,Volatility 3 windows.pstree from M57-Jean memory image | Volatility 3 windows.pslist from M57-Jean memory image,M57-Jean-MEM-PSLIST-31;M57-Jean-MEM-PSTREE-17,True,E5,Temporal + Graph-Structural Fused,score-level fusion,A+B,"{""graph"":5,""temporal"":16}",21,temporal:gap_log_seconds;time_since_previous_event_seconds;events_prev_10s;events_next_10s;local_density_10s;events_prev_30s;events_next_30s;local_density_30s;events_prev_60s;events_next_60s;local_density_60s;process_changed;rapid_event;short_event_gap;medium_event_gap;long_event_gap|graph:parent_count;child_count;graph_degree;in_degree;out_degree,weighted average of min-max normalized component scores,0.5,0.8059520392702292,0.21066501034292837,7,False
LEVT-M57-Jean-PROCESS-1204-20091123165512,0.5,False,M57-Jean,1204,3180,iexplore.exe,2009-11-23 16:55:12+00:00,0,Volatility 3 windows.pstree from M57-Jean memory image | Volatility 3 windows.pslist from M57-Jean memory image,M57-Jean-MEM-PSLIST-33;M57-Jean-MEM-PSTREE-43,True,E5,Temporal + Graph-Structural Fused,score-level fusion,A+B,"{""graph"":5,""temporal"":16}",21,temporal:gap_log_seconds;time_since_previous_event_seconds;events_prev_10s;events_next_10s;local_density_10s;events_prev_30s;events_next_30s;local_density_30s;events_prev_60s;events_next_60s;local_density_60s;process_changed;rapid_event;short_event_gap;medium_event_gap;long_event_gap|graph:parent_count;child_count;graph_degree;in_degree;out_degree,weighted average of min-max normalized component scores,0.5,1.0,0.0,8,False
LEVT-M57-Jean-PROCESS-2892-20091123220335,0.4548964513873944,False,M57-Jean,2892,1944,firefox.exe,2009-11-23 22:03:35+00:00,0,Volatility 3 windows.pstree from M57-Jean memory image | Volatility 3 windows.pslist from M57-Jean memory image,M57-Jean-MEM-PSLIST-39;M57-Jean-MEM-PSTREE-37,True,E5,Temporal + Graph-Structural Fused,score-level fusion,A+B,"{""graph"":5,""temporal"":16}",21,temporal:gap_log_seconds;time_since_previous_event_seconds;events_prev_10s;events_next_10s;local_density_10s;events_prev_30s;events_next_30s;local_density_30s;events_prev_60s;events_next_60s;local_density_60s;process_changed;rapid_event;short_event_gap;medium_event_gap;long_event_gap|graph:parent_count;child_count;graph_degree;in_degree;out_degree,weighted average of min-max normalized component scores,0.5,0.43526023037613243,0.4745326723986563,9,False
LEVT-M57-Jean-PROCESS-1572-20091121013258,0.44945565756817335,False,M57-Jean,1572,976,svchost.exe,2009-11-21 01:32:58+00:00,0,Volatility 3 windows.pstree from M57-Jean memory image | Volatility 3 windows.pslist from M57-Jean memory image,M57-Jean-MEM-PSLIST-16;M57-Jean-MEM-PSTREE-15,True,E5,Temporal + Graph-Structural Fused,score-level fusion,A+B,"{""graph"":5,""temporal"":16}",21,temporal:gap_log_seconds;time_since_previous_event_seconds;events_prev_10s;events_next_10s;local_density_10s;events_prev_30s;events_next_30s;local_density_30s;events_prev_60s;events_next_60s;local_density_60s;process_changed;rapid_event;short_event_gap;medium_event_gap;long_event_gap|graph:parent_count;child_count;graph_degree;in_degree;out_degree,weighted average of min-max normalized component scores,0.5,0.8143927057190177,0.08451860941732899,10,False
LEVT-M57-Jean-PROCESS-1664-20091121013258,0.4205887062888062,False,M57-Jean,1664,976,avgwdsvc.exe,2009-11-21 01:32:58+00:00,0,Volatility 3 windows.pstree from M57-Jean memory image | Volatility 3 windows.pslist from M57-Jean memory image,M57-Jean-MEM-PSLIST-17;M57-Jean-MEM-PSTREE-6,True,E5,Temporal + Graph-Structural Fused,score-level fusion,A+B,"{""graph"":5,""temporal"":16}",21,temporal:gap_log_seconds;time_since_previous_event_seconds;events_prev_10s;events_next_10s;local_density_10s;events_prev_30s;events_next_30s;local_density_30s;events_prev_60s;events_next_60s;local_density_60s;process_changed;rapid_event;short_event_gap;medium_event_gap;long_event_gap|graph:parent_count;child_count;graph_degree;in_degree;out_degree,weighted average of min-max normalized component scores,0.5,0.22845161759068655,0.6127257949869258,11,False
LEVT-M57-Jean-PROCESS-908-20091121013232,0.41927282224341444,False,M57-Jean,908,812,csrss.exe,2009-11-21 01:32:32+00:00,0,Volatility 3 windows.pstree from M57-Jean memory image | Volatility 3 windows.pslist from M57-Jean memory image,M57-Jean-MEM-PSLIST-2;M57-Jean-MEM-PSTREE-28,True,E5,Temporal + Graph-Structural Fused,score-level fusion,A+B,"{""graph"":5,""temporal"":16}",21,temporal:gap_log_seconds;time_since_previous_event_seconds;events_prev_10s;events_next_10s;local_density_10s;events_prev_30s;events_next_30s;local_density_30s;events_prev_60s;events_next_60s;local_density_60s;process_changed;rapid_event;short_event_gap;medium_event_gap;long_event_gap|graph:parent_count;child_count;graph_degree;in_degree;out_degree,weighted average of min-max normalized component scores,0.5,0.6415731779666822,0.1969724665201466,12,False
LEVT-M57-Jean-PROCESS-208-20091123165519,0.40643599322733637,False,M57-Jean,208,1944,msimn.exe,2009-11-23 16:55:19+00:00,0,Volatility 3 windows.pstree from M57-Jean memory image | Volatility 3 windows.pslist from M57-Jean memory image,M57-Jean-MEM-PSLIST-34;M57-Jean-MEM-PSTREE-41,True,E5,Temporal + Graph-Structural Fused,score-level fusion,A+B,"{""graph"":5,""temporal"":16}",21,temporal:gap_log_seconds;time_since_previous_event_seconds;events_prev_10s;events_next_10s;local_density_10s;events_prev_30s;events_next_30s;local_density_30s;events_prev_60s;events_next_60s;local_density_60s;process_changed;rapid_event;short_event_gap;medium_event_gap;long_event_gap|graph:parent_count;child_count;graph_degree;in_degree;out_degree,weighted average of min-max normalized component scores,0.5,0.46364902705435623,0.34922295940031656,13,False
LEVT-M57-Jean-PROCESS-3908-20091123221634,0.359457864621812,False,M57-Jean,3908,2080,soffice.exe,2009-11-23 22:16:34+00:00,0,Volatility 3 windows.pstree from M57-Jean memory image | Volatility 3 windows.pslist from M57-Jean memory image,M57-Jean-MEM-PSLIST-42;M57-Jean-MEM-PSTREE-32,True,E5,Temporal + Graph-Structural Fused,score-level fusion,A+B,"{""graph"":5,""temporal"":16}",21,temporal:gap_log_seconds;time_since_previous_event_seconds;events_prev_10s;events_next_10s;local_density_10s;events_prev_30s;events_next_30s;local_density_30s;events_prev_60s;events_next_60s;local_density_60s;process_changed;rapid_event;short_event_gap;medium_event_gap;long_event_gap|graph:parent_count;child_count;graph_degree;in_degree;out_degree,weighted average of min-max normalized component scores,0.5,0.46762512104780446,0.25129060819581955,14,False
LEVT-M57-Jean-PROCESS-3992-20091123170451,0.35046328786831277,False,M57-Jean,3992,3180,iexplore.exe,2009-11-23 17:04:51+00:00,0,Volatility 3 windows.pstree from M57-Jean memory image | Volatility 3 windows.pslist from M57-Jean memory image,M57-Jean-MEM-PSLIST-35;M57-Jean-MEM-PSTREE-44,True,E5,Temporal + Graph-Structural Fused,score-level fusion,A+B,"{""graph"":5,""temporal"":16}",21,temporal:gap_log_seconds;time_since_previous_event_seconds;events_prev_10s;events_next_10s;local_density_10s;events_prev_30s;events_next_30s;local_density_30s;events_prev_60s;events_next_60s;local_density_60s;process_changed;rapid_event;short_event_gap;medium_event_gap;long_event_gap|graph:parent_count;child_count;graph_degree;in_degree;out_degree,weighted average of min-max normalized component scores,0.5,0.7009265757366255,0.0,15,False
LEVT-M57-Jean-PROCESS-2132-20091121013311,0.3158593485084706,False,M57-Jean,2132,976,avgemc.exe,2009-11-21 01:33:11+00:00,0,Volatility 3 windows.pstree from M57-Jean memory image | Volatility 3 windows.pslist from M57-Jean memory image,M57-Jean-MEM-PSLIST-27;M57-Jean-MEM-PSTREE-20,True,E5,Temporal + Graph-Structural Fused,score-level fusion,A+B,"{""graph"":5,""temporal"":16}",21,temporal:gap_log_seconds;time_since_previous_event_seconds;events_prev_10s;events_next_10s;local_density_10s;events_prev_30s;events_next_30s;local_density_30s;events_prev_60s;events_next_60s;local_density_60s;process_changed;rapid_event;short_event_gap;medium_event_gap;long_event_gap|graph:parent_count;child_count;graph_degree;in_degree;out_degree,weighted average of min-max normalized component scores,0.5,0.1848331722910684,0.4468855247258728,16,False
LEVT-M57-Jean-PROCESS-2992-20091124000124,0.2944086694124968,False,M57-Jean,2992,620,mdd_1.3.exe,2009-11-24 00:01:24+00:00,0,Volatility 3 windows.pstree from M57-Jean memory image | Volatility 3 windows.pslist from M57-Jean memory image,M57-Jean-MEM-PSLIST-47;M57-Jean-MEM-PSTREE-39,True,E5,Temporal + Graph-Structural Fused,score-level fusion,A+B,"{""graph"":5,""temporal"":16}",21,temporal:gap_log_seconds;time_since_previous_event_seconds;events_prev_10s;events_next_10s;local_density_10s;events_prev_30s;events_next_30s;local_density_30s;events_prev_60s;events_next_60s;local_density_60s;process_changed;rapid_event;short_event_gap;medium_event_gap;long_event_gap|graph:parent_count;child_count;graph_degree;in_degree;out_degree,weighted average of min-max normalized component scores,0.5,0.3728202061319413,0.21599713269305235,17,False
LEVT-M57-Jean-PROCESS-1796-20091121013301,0.27585288775610317,False,M57-Jean,1796,976,avgfws9.exe,2009-11-21 01:33:01+00:00,0,Volatility 3 windows.pstree from M57-Jean memory image | Volatility 3 windows.pslist from M57-Jean memory image,M57-Jean-MEM-PSLIST-18;M57-Jean-MEM-PSTREE-16,True,E5,Temporal + Graph-Structural Fused,score-level fusion,A+B,"{""graph"":5,""temporal"":16}",21,temporal:gap_log_seconds;time_since_previous_event_seconds;events_prev_10s;events_next_10s;local_density_10s;events_prev_30s;events_next_30s;local_density_30s;events_prev_60s;events_next_60s;local_density_60s;process_changed;rapid_event;short_event_gap;medium_event_gap;long_event_gap|graph:parent_count;child_count;graph_degree;in_degree;out_degree,weighted average of min-max normalized component scores,0.5,0.1535583903306872,0.3981473851815191,18,False
LEVT-M57-Jean-PROCESS-2840-20091123170451,0.2626003852509506,False,M57-Jean,2840,3180,iexplore.exe,2009-11-23 17:04:51+00:00,0,Volatility 3 windows.pstree from M57-Jean memory image | Volatility 3 windows.pslist from M57-Jean memory image,M57-Jean-MEM-PSLIST-36;M57-Jean-MEM-PSTREE-45,True,E5,Temporal + Graph-Structural Fused,score-level fusion,A+B,"{""graph"":5,""temporal"":16}",21,temporal:gap_log_seconds;time_since_previous_event_seconds;events_prev_10s;events_next_10s;local_density_10s;events_prev_30s;events_next_30s;local_density_30s;events_prev_60s;events_next_60s;local_density_60s;process_changed;rapid_event;short_event_gap;medium_event_gap;long_event_gap|graph:parent_count;child_count;graph_degree;in_degree;out_degree,weighted average of min-max normalized component scores,0.5,0.5252007705019012,0.0,19,False
LEVT-M57-Jean-PROCESS-2028-20091121013242,0.2611418673454694,False,M57-Jean,2028,976,AVGIDSAgent.exe,2009-11-21 01:32:42+00:00,0,Volatility 3 windows.pstree from M57-Jean memory image | Volatility 3 windows.pslist from M57-Jean memory image,M57-Jean-MEM-PSLIST-15;M57-Jean-MEM-PSTREE-19,True,E5,Temporal + Graph-Structural Fused,score-level fusion,A+B,"{""graph"":5,""temporal"":16}",21,temporal:gap_log_seconds;time_since_previous_event_seconds;events_prev_10s;events_next_10s;local_density_10s;events_prev_30s;events_next_30s;local_density_30s;events_prev_60s;events_next_60s;local_density_60s;process_changed;rapid_event;short_event_gap;medium_event_gap;long_event_gap|graph:parent_count;child_count;graph_degree;in_degree;out_degree,weighted average of min-max normalized component scores,0.5,0.2587138032709748,0.26356993141996393,20,False
LEVT-M57-Jean-PROCESS-2004-20091123235245,0.2567311049477442,False,M57-Jean,2004,1664,avgcmgr.exe,2009-11-23 23:52:45+00:00,0,Volatility 3 windows.pstree from M57-Jean memory image | Volatility 3 windows.pslist from M57-Jean memory image,M57-Jean-MEM-PSLIST-45;M57-Jean-MEM-PSTREE-9,True,E5,Temporal + Graph-Structural Fused,score-level fusion,A+B,"{""graph"":5,""temporal"":16}",21,temporal:gap_log_seconds;time_since_previous_event_seconds;events_prev_10s;events_next_10s;local_density_10s;events_prev_30s;events_next_30s;local_density_30s;events_prev_60s;events_next_60s;local_density_60s;process_changed;rapid_event;short_event_gap;medium_event_gap;long_event_gap|graph:parent_count;child_count;graph_degree;in_degree;out_degree,weighted average of min-max normalized component scores,0.5,0.5134622098954884,0.0,21,False
LEVT-M57-Jean-PROCESS-1248-20091121013234,0.24830847964154334,False,M57-Jean,1248,976,svchost.exe,2009-11-21 01:32:34+00:00,0,Volatility 3 windows.pstree from M57-Jean memory image | Volatility 3 windows.pslist from M57-Jean memory image,M57-Jean-MEM-PSLIST-7;M57-Jean-MEM-PSTREE-5,True,E5,Temporal + Graph-Structural Fused,score-level fusion,A+B,"{""graph"":5,""temporal"":16}",21,temporal:gap_log_seconds;time_since_previous_event_seconds;events_prev_10s;events_next_10s;local_density_10s;events_prev_30s;events_next_30s;local_density_30s;events_prev_60s;events_next_60s;local_density_60s;process_changed;rapid_event;short_event_gap;medium_event_gap;long_event_gap|graph:parent_count;child_count;graph_degree;in_degree;out_degree,weighted average of min-max normalized component scores,0.5,0.3995824448563596,0.09703451442672709,22,False
LEVT-M57-Jean-PROCESS-2296-20091121013314,0.24587551328858698,False,M57-Jean,2296,1664,avgnsx.exe,2009-11-21 01:33:14+00:00,0,Volatility 3 windows.pstree from M57-Jean memory image | Volatility 3 windows.pslist from M57-Jean memory image,M57-Jean-MEM-PSLIST-29;M57-Jean-MEM-PSTREE-10,True,E5,Temporal + Graph-Structural Fused,score-level fusion,A+B,"{""graph"":5,""temporal"":16}",21,temporal:gap_log_seconds;time_since_previous_event_seconds;events_prev_10s;events_next_10s;local_density_10s;events_prev_30s;events_next_30s;local_density_30s;events_prev_60s;events_next_60s;local_density_60s;process_changed;rapid_event;short_event_gap;medium_event_gap;long_event_gap|graph:parent_count;child_count;graph_degree;in_degree;out_degree,weighted average of min-max normalized component scores,0.5,0.26502836528222207,0.22672266129495186,23,False
LEVT-M57-Jean-PROCESS-2488-20091121013317,0.24142551078088426,False,M57-Jean,2488,2132,avgcsrvx.exe,2009-11-21 01:33:17+00:00,0,Volatility 3 windows.pstree from M57-Jean memory image | Volatility 3 windows.pslist from M57-Jean memory image,M57-Jean-MEM-PSLIST-30;M57-Jean-MEM-PSTREE-21,True,E5,Temporal + Graph-Structural Fused,score-level fusion,A+B,"{""graph"":5,""temporal"":16}",21,temporal:gap_log_seconds;time_since_previous_event_seconds;events_prev_10s;events_next_10s;local_density_10s;events_prev_30s;events_next_30s;local_density_30s;events_prev_60s;events_next_60s;local_density_60s;process_changed;rapid_event;short_event_gap;medium_event_gap;long_event_gap|graph:parent_count;child_count;graph_degree;in_degree;out_degree,weighted average of min-max normalized component scores,0.5,0.4828510215617685,0.0,24,False
LEVT-M57-Jean-PROCESS-4028-20091123171439,0.24082297851742165,False,M57-Jean,4028,3180,iexplore.exe,2009-11-23 17:14:39+00:00,0,Volatility 3 windows.pstree from M57-Jean memory image | Volatility 3 windows.pslist from M57-Jean memory image,M57-Jean-MEM-PSLIST-37;M57-Jean-MEM-PSTREE-46,True,E5,Temporal + Graph-Structural Fused,score-level fusion,A+B,"{""graph"":5,""temporal"":16}",21,temporal:gap_log_seconds;time_since_previous_event_seconds;events_prev_10s;events_next_10s;local_density_10s;events_prev_30s;events_next_30s;local_density_30s;events_prev_60s;events_next_60s;local_density_60s;process_changed;rapid_event;short_event_gap;medium_event_gap;long_event_gap|graph:parent_count;child_count;graph_degree;in_degree;out_degree,weighted average of min-max normalized component scores,0.5,0.4816459570348433,0.0,25,False
LEVT-M57-Jean-PROCESS-1996-20091121013242,0.22520594617571602,False,M57-Jean,1996,976,spoolsv.exe,2009-11-21 01:32:42+00:00,0,Volatility 3 windows.pstree from M57-Jean memory image | Volatility 3 windows.pslist from M57-Jean memory image,M57-Jean-MEM-PSLIST-14;M57-Jean-MEM-PSTREE-18,True,E5,Temporal + Graph-Structural Fused,score-level fusion,A+B,"{""graph"":5,""temporal"":16}",21,temporal:gap_log_seconds;time_since_previous_event_seconds;events_prev_10s;events_next_10s;local_density_10s;events_prev_30s;events_next_30s;local_density_30s;events_prev_60s;events_next_60s;local_density_60s;process_changed;rapid_event;short_event_gap;medium_event_gap;long_event_gap|graph:parent_count;child_count;graph_degree;in_degree;out_degree,weighted average of min-max normalized component scores,0.5,0.2829236182588055,0.1674882740926265,26,False
LEVT-M57-Jean-PROCESS-988-20091121013232,0.21986983613188482,False,M57-Jean,988,932,lsass.exe,2009-11-21 01:32:32+00:00,0,Volatility 3 windows.pstree from M57-Jean memory image | Volatility 3 windows.pslist from M57-Jean memory image,M57-Jean-MEM-PSLIST-5;M57-Jean-MEM-PSTREE-24,True,E5,Temporal + Graph-Structural Fused,score-level fusion,A+B,"{""graph"":5,""temporal"":16}",21,temporal:gap_log_seconds;time_since_previous_event_seconds;events_prev_10s;events_next_10s;local_density_10s;events_prev_30s;events_next_30s;local_density_30s;events_prev_60s;events_next_60s;local_density_60s;process_changed;rapid_event;short_event_gap;medium_event_gap;long_event_gap|graph:parent_count;child_count;graph_degree;in_degree;out_degree,weighted average of min-max normalized component scores,0.5,0.20614576578959612,0.2335939064741735,27,False
LEVT-M57-Jean-PROCESS-1620-20091121013235,0.20213255243397799,False,M57-Jean,1620,932,avgrsx.exe,2009-11-21 01:32:35+00:00,0,Volatility 3 windows.pstree from M57-Jean memory image | Volatility 3 windows.pslist from M57-Jean memory image,M57-Jean-MEM-PSLIST-11;M57-Jean-MEM-PSTREE-25,True,E5,Temporal + Graph-Structural Fused,score-level fusion,A+B,"{""graph"":5,""temporal"":16}",21,temporal:gap_log_seconds;time_since_previous_event_seconds;events_prev_10s;events_next_10s;local_density_10s;events_prev_30s;events_next_30s;local_density_30s;events_prev_60s;events_next_60s;local_density_60s;process_changed;rapid_event;short_event_gap;medium_event_gap;long_event_gap|graph:parent_count;child_count;graph_degree;in_degree;out_degree,weighted average of min-max normalized component scores,0.5,0.05456629544273898,0.34969880942521697,28,False
LEVT-M57-Jean-PROCESS-620-20091123235925,0.20002304280387836,False,M57-Jean,620,1944,cmd.exe,2009-11-23 23:59:25+00:00,0,Volatility 3 windows.pstree from M57-Jean memory image | Volatility 3 windows.pslist from M57-Jean memory image,M57-Jean-MEM-PSLIST-46;M57-Jean-MEM-PSTREE-38,True,E5,Temporal + Graph-Structural Fused,score-level fusion,A+B,"{""graph"":5,""temporal"":16}",21,temporal:gap_log_seconds;time_since_previous_event_seconds;events_prev_10s;events_next_10s;local_density_10s;events_prev_30s;events_next_30s;local_density_30s;events_prev_60s;events_next_60s;local_density_60s;process_changed;rapid_event;short_event_gap;medium_event_gap;long_event_gap|graph:parent_count;child_count;graph_degree;in_degree;out_degree,weighted average of min-max normalized component scores,0.5,0.10418558563901457,0.29586049996874214,29,False
LEVT-M57-Jean-PROCESS-1152-20091121013234,0.19953747313409567,False,M57-Jean,1152,976,svchost.exe,2009-11-21 01:32:34+00:00,0,Volatility 3 windows.pstree from M57-Jean memory image | Volatility 3 windows.pslist from M57-Jean memory image,M57-Jean-MEM-PSLIST-6;M57-Jean-MEM-PSTREE-4,True,E5,Temporal + Graph-Structural Fused,score-level fusion,A+B,"{""graph"":5,""temporal"":16}",21,temporal:gap_log_seconds;time_since_previous_event_seconds;events_prev_10s;events_next_10s;local_density_10s;events_prev_30s;events_next_30s;local_density_30s;events_prev_60s;events_next_60s;local_density_60s;process_changed;rapid_event;short_event_gap;medium_event_gap;long_event_gap|graph:parent_count;child_count;graph_degree;in_degree;out_degree,weighted average of min-max normalized component scores,0.5,0.2502669515929778,0.14880799467521355,30,False
LEVT-M57-Jean-PROCESS-1356-20091121013448,0.19904308194493744,False,M57-Jean,1356,2296,avgcsrvx.exe,2009-11-21 01:34:48+00:00,0,Volatility 3 windows.pstree from M57-Jean memory image | Volatility 3 windows.pslist from M57-Jean memory image,M57-Jean-MEM-PSLIST-32;M57-Jean-MEM-PSTREE-11,True,E5,Temporal + Graph-Structural Fused,score-level fusion,A+B,"{""graph"":5,""temporal"":16}",21,temporal:gap_log_seconds;time_since_previous_event_seconds;events_prev_10s;events_next_10s;local_density_10s;events_prev_30s;events_next_30s;local_density_30s;events_prev_60s;events_next_60s;local_density_60s;process_changed;rapid_event;short_event_gap;medium_event_gap;long_event_gap|graph:parent_count;child_count;graph_degree;in_degree;out_degree,weighted average of min-max normalized component scores,0.5,0.35917717232176666,0.03890899156810823,31,False
LEVT-M57-Jean-PROCESS-2244-20091121013313,0.19424530606728677,False,M57-Jean,2244,1664,avgam.exe,2009-11-21 01:33:13+00:00,0,Volatility 3 windows.pstree from M57-Jean memory image | Volatility 3 windows.pslist from M57-Jean memory image,M57-Jean-MEM-PSLIST-28;M57-Jean-MEM-PSTREE-8,True,E5,Temporal + Graph-Structural Fused,score-level fusion,A+B,"{""graph"":5,""temporal"":16}",21,temporal:gap_log_seconds;time_since_previous_event_seconds;events_prev_10s;events_next_10s;local_density_10s;events_prev_30s;events_next_30s;local_density_30s;events_prev_60s;events_next_60s;local_density_60s;process_changed;rapid_event;short_event_gap;medium_event_gap;long_event_gap|graph:parent_count;child_count;graph_degree;in_degree;out_degree,weighted average of min-max normalized component scores,0.5,0.21586211833090815,0.17262849380366538,32,False
LEVT-M57-Jean-PROCESS-1432-20091121013235,0.19137975763127038,False,M57-Jean,1432,976,svchost.exe,2009-11-21 01:32:35+00:00,0,Volatility 3 windows.pstree from M57-Jean memory image | Volatility 3 windows.pslist from M57-Jean memory image,M57-Jean-MEM-PSLIST-9;M57-Jean-MEM-PSTREE-22,True,E5,Temporal + Graph-Structural Fused,score-level fusion,A+B,"{""graph"":5,""temporal"":16}",21,temporal:gap_log_seconds;time_since_previous_event_seconds;events_prev_10s;events_next_10s;local_density_10s;events_prev_30s;events_next_30s;local_density_30s;events_prev_60s;events_next_60s;local_density_60s;process_changed;rapid_event;short_event_gap;medium_event_gap;long_event_gap|graph:parent_count;child_count;graph_degree;in_degree;out_degree,weighted average of min-max normalized component scores,0.5,0.31114028460027054,0.0716192306622702,33,False
LEVT-M57-Jean-PROCESS-344-20091121013301,0.15853864260475747,False,M57-Jean,344,976,jqs.exe,2009-11-21 01:33:01+00:00,0,Volatility 3 windows.pstree from M57-Jean memory image | Volatility 3 windows.pslist from M57-Jean memory image,M57-Jean-MEM-PSLIST-19;M57-Jean-MEM-PSTREE-13,True,E5,Temporal + Graph-Structural Fused,score-level fusion,A+B,"{""graph"":5,""temporal"":16}",21,temporal:gap_log_seconds;time_since_previous_event_seconds;events_prev_10s;events_next_10s;local_density_10s;events_prev_30s;events_next_30s;local_density_30s;events_prev_60s;events_next_60s;local_density_60s;process_changed;rapid_event;short_event_gap;medium_event_gap;long_event_gap|graph:parent_count;child_count;graph_degree;in_degree;out_degree,weighted average of min-max normalized component scores,0.5,0.24545805454724476,0.0716192306622702,34,False
LEVT-M57-Jean-PROCESS-1836-20091121013308,0.15689177958277684,False,M57-Jean,1836,1508,AVGIDSMonitor.e,2009-11-21 01:33:08+00:00,0,Volatility 3 windows.pstree from M57-Jean memory image | Volatility 3 windows.pslist from M57-Jean memory image,M57-Jean-MEM-PSLIST-26;M57-Jean-MEM-PSTREE-35,True,E5,Temporal + Graph-Structural Fused,score-level fusion,A+B,"{""graph"":5,""temporal"":16}",21,temporal:gap_log_seconds;time_since_previous_event_seconds;events_prev_10s;events_next_10s;local_density_10s;events_prev_30s;events_next_30s;local_density_30s;events_prev_60s;events_next_60s;local_density_60s;process_changed;rapid_event;short_event_gap;medium_event_gap;long_event_gap|graph:parent_count;child_count;graph_degree;in_degree;out_degree,weighted average of min-max normalized component scores,0.5,0.14203459866134963,0.17174896050420402,35,False
LEVT-M57-Jean-PROCESS-1508-20091121013305,0.12265456151947102,False,M57-Jean,1508,1944,avgtray.exe,2009-11-21 01:33:05+00:00,0,Volatility 3 windows.pstree from M57-Jean memory image | Volatility 3 windows.pslist from M57-Jean memory image,M57-Jean-MEM-PSLIST-22;M57-Jean-MEM-PSTREE-34,True,E5,Temporal + Graph-Structural Fused,score-level fusion,A+B,"{""graph"":5,""temporal"":16}",21,temporal:gap_log_seconds;time_since_previous_event_seconds;events_prev_10s;events_next_10s;local_density_10s;events_prev_30s;events_next_30s;local_density_30s;events_prev_60s;events_next_60s;local_density_60s;process_changed;rapid_event;short_event_gap;medium_event_gap;long_event_gap|graph:parent_count;child_count;graph_degree;in_degree;out_degree,weighted average of min-max normalized component scores,0.5,0.0,0.24530912303894203,36,False
LEVT-M57-Jean-PROCESS-1504-20091121013305,0.10881329478888219,False,M57-Jean,1504,1944,hkcmd.exe,2009-11-21 01:33:05+00:00,0,Volatility 3 windows.pstree from M57-Jean memory image | Volatility 3 windows.pslist from M57-Jean memory image,M57-Jean-MEM-PSLIST-21;M57-Jean-MEM-PSTREE-30,True,E5,Temporal + Graph-Structural Fused,score-level fusion,A+B,"{""graph"":5,""temporal"":16}",21,temporal:gap_log_seconds;time_since_previous_event_seconds;events_prev_10s;events_next_10s;local_density_10s;events_prev_30s;events_next_30s;local_density_30s;events_prev_60s;events_next_60s;local_density_60s;process_changed;rapid_event;short_event_gap;medium_event_gap;long_event_gap|graph:parent_count;child_count;graph_degree;in_degree;out_degree,weighted average of min-max normalized component scores,0.5,0.17871759800965614,0.03890899156810823,37,False
LEVT-M57-Jean-PROCESS-1732-20091121013237,0.10655162312461958,False,M57-Jean,1732,976,svchost.exe,2009-11-21 01:32:37+00:00,0,Volatility 3 windows.pstree from M57-Jean memory image | Volatility 3 windows.pslist from M57-Jean memory image,M57-Jean-MEM-PSLIST-12;M57-Jean-MEM-PSTREE-14,True,E5,Temporal + Graph-Structural Fused,score-level fusion,A+B,"{""graph"":5,""temporal"":16}",21,temporal:gap_log_seconds;time_since_previous_event_seconds;events_prev_10s;events_next_10s;local_density_10s;events_prev_30s;events_next_30s;local_density_30s;events_prev_60s;events_next_60s;local_density_60s;process_changed;rapid_event;short_event_gap;medium_event_gap;long_event_gap|graph:parent_count;child_count;graph_degree;in_degree;out_degree,weighted average of min-max normalized component scores,0.5,0.11017946280205472,0.10292378344718445,38,False
LEVT-M57-Jean-PROCESS-1752-20091121013306,0.09913079883133542,False,M57-Jean,1752,1944,msmsgs.exe,2009-11-21 01:33:06+00:00,0,Volatility 3 windows.pstree from M57-Jean memory image | Volatility 3 windows.pslist from M57-Jean memory image,M57-Jean-MEM-PSLIST-25;M57-Jean-MEM-PSTREE-40,True,E5,Temporal + Graph-Structural Fused,score-level fusion,A+B,"{""graph"":5,""temporal"":16}",21,temporal:gap_log_seconds;time_since_previous_event_seconds;events_prev_10s;events_next_10s;local_density_10s;events_prev_30s;events_next_30s;local_density_30s;events_prev_60s;events_next_60s;local_density_60s;process_changed;rapid_event;short_event_gap;medium_event_gap;long_event_gap|graph:parent_count;child_count;graph_degree;in_degree;out_degree,weighted average of min-max normalized component scores,0.5,0.06587458585265157,0.13238701181001927,39,False
LEVT-M57-Jean-PROCESS-1760-20091121013238,0.0772740562900406,False,M57-Jean,1760,1620,avgcsrvx.exe,2009-11-21 01:32:38+00:00,0,Volatility 3 windows.pstree from M57-Jean memory image | Volatility 3 windows.pslist from M57-Jean memory image,M57-Jean-MEM-PSLIST-13;M57-Jean-MEM-PSTREE-26,True,E5,Temporal + Graph-Structural Fused,score-level fusion,A+B,"{""graph"":5,""temporal"":16}",21,temporal:gap_log_seconds;time_since_previous_event_seconds;events_prev_10s;events_next_10s;local_density_10s;events_prev_30s;events_next_30s;local_density_30s;events_prev_60s;events_next_60s;local_density_60s;process_changed;rapid_event;short_event_gap;medium_event_gap;long_event_gap|graph:parent_count;child_count;graph_degree;in_degree;out_degree,weighted average of min-max normalized component scores,0.5,0.11563912101197296,0.03890899156810823,40,False
LEVT-M57-Jean-PROCESS-3196-20091123182209,0.07394289211197327,False,M57-Jean,3196,1664,avgsrmax.exe,2009-11-23 18:22:09+00:00,0,Volatility 3 windows.pstree from M57-Jean memory image | Volatility 3 windows.pslist from M57-Jean memory image,M57-Jean-MEM-PSLIST-38;M57-Jean-MEM-PSTREE-12,True,E5,Temporal + Graph-Structural Fused,score-level fusion,A+B,"{""graph"":5,""temporal"":16}",21,temporal:gap_log_seconds;time_since_previous_event_seconds;events_prev_10s;events_next_10s;local_density_10s;events_prev_30s;events_next_30s;local_density_30s;events_prev_60s;events_next_60s;local_density_60s;process_changed;rapid_event;short_event_gap;medium_event_gap;long_event_gap|graph:parent_count;child_count;graph_degree;in_degree;out_degree,weighted average of min-max normalized component scores,0.5,0.14788578422394655,0.0,41,False
LEVT-M57-Jean-PROCESS-2576-20091123220845,0.07066606417383603,False,M57-Jean,2576,176,iexplore.exe,2009-11-23 22:08:45+00:00,0,Volatility 3 windows.pstree from M57-Jean memory image | Volatility 3 windows.pslist from M57-Jean memory image,M57-Jean-MEM-PSLIST-40;M57-Jean-MEM-PSTREE-47,True,E5,Temporal + Graph-Structural Fused,score-level fusion,A+B,"{""graph"":5,""temporal"":16}",21,temporal:gap_log_seconds;time_since_previous_event_seconds;events_prev_10s;events_next_10s;local_density_10s;events_prev_30s;events_next_30s;local_density_30s;events_prev_60s;events_next_60s;local_density_60s;process_changed;rapid_event;short_event_gap;medium_event_gap;long_event_gap|graph:parent_count;child_count;graph_degree;in_degree;out_degree,weighted average of min-max normalized component scores,0.5,0.14133212834767206,0.0,42,False
LEVT-M57-Jean-PROCESS-2308-20091123225441,0.06276374309991688,False,M57-Jean,2308,1664,avgcmgr.exe,2009-11-23 22:54:41+00:00,0,Volatility 3 windows.pstree from M57-Jean memory image | Volatility 3 windows.pslist from M57-Jean memory image,M57-Jean-MEM-PSLIST-44;M57-Jean-MEM-PSTREE-7,True,E5,Temporal + Graph-Structural Fused,score-level fusion,A+B,"{""graph"":5,""temporal"":16}",21,temporal:gap_log_seconds;time_since_previous_event_seconds;events_prev_10s;events_next_10s;local_density_10s;events_prev_30s;events_next_30s;local_density_30s;events_prev_60s;events_next_60s;local_density_60s;process_changed;rapid_event;short_event_gap;medium_event_gap;long_event_gap|graph:parent_count;child_count;graph_degree;in_degree;out_degree,weighted average of min-max normalized component scores,0.5,0.12552748619983375,0.0,43,False
LEVT-M57-Jean-PROCESS-1528-20091121013305,0.04088808215085372,False,M57-Jean,1528,1944,jusched.exe,2009-11-21 01:33:05+00:00,0,Volatility 3 windows.pstree from M57-Jean memory image | Volatility 3 windows.pslist from M57-Jean memory image,M57-Jean-MEM-PSLIST-23;M57-Jean-MEM-PSTREE-42,True,E5,Temporal + Graph-Structural Fused,score-level fusion,A+B,"{""graph"":5,""temporal"":16}",21,temporal:gap_log_seconds;time_since_previous_event_seconds;events_prev_10s;events_next_10s;local_density_10s;events_prev_30s;events_next_30s;local_density_30s;events_prev_60s;events_next_60s;local_density_60s;process_changed;rapid_event;short_event_gap;medium_event_gap;long_event_gap|graph:parent_count;child_count;graph_degree;in_degree;out_degree,weighted average of min-max normalized component scores,0.5,0.042867172733599204,0.03890899156810823,44,False
LEVT-M57-Jean-PROCESS-1676-20091121013306,0.03900384142806649,False,M57-Jean,1676,1944,ctfmon.exe,2009-11-21 01:33:06+00:00,0,Volatility 3 windows.pstree from M57-Jean memory image | Volatility 3 windows.pslist from M57-Jean memory image,M57-Jean-MEM-PSLIST-24;M57-Jean-MEM-PSTREE-36,True,E5,Temporal + Graph-Structural Fused,score-level fusion,A+B,"{""graph"":5,""temporal"":16}",21,temporal:gap_log_seconds;time_since_previous_event_seconds;events_prev_10s;events_next_10s;local_density_10s;events_prev_30s;events_next_30s;local_density_30s;events_prev_60s;events_next_60s;local_density_60s;process_changed;rapid_event;short_event_gap;medium_event_gap;long_event_gap|graph:parent_count;child_count;graph_degree;in_degree;out_degree,weighted average of min-max normalized component scores,0.5,0.03909869128802475,0.03890899156810823,45,False
LEVT-M57-Jean-PROCESS-1612-20091121013235,0.01422322735328728,False,M57-Jean,1612,932,avgchsvx.exe,2009-11-21 01:32:35+00:00,0,Volatility 3 windows.pstree from M57-Jean memory image | Volatility 3 windows.pslist from M57-Jean memory image,M57-Jean-MEM-PSLIST-10;M57-Jean-MEM-PSTREE-27,True,E5,Temporal + Graph-Structural Fused,score-level fusion,A+B,"{""graph"":5,""temporal"":16}",21,temporal:gap_log_seconds;time_since_previous_event_seconds;events_prev_10s;events_next_10s;local_density_10s;events_prev_30s;events_next_30s;local_density_30s;events_prev_60s;events_next_60s;local_density_60s;process_changed;rapid_event;short_event_gap;medium_event_gap;long_event_gap|graph:parent_count;child_count;graph_degree;in_degree;out_degree,weighted average of min-max normalized component scores,0.5,0.02844645470657456,0.0,46,False
LEVT-M57-Jean-PROCESS-3560-20091123221635,0.7457982393354122,True,M57-Jean,3560,3908,soffice.bin,2009-11-23 22:16:35+00:00,0,Volatility 3 windows.pstree from M57-Jean memory image | Volatility 3 windows.pslist from M57-Jean memory image,M57-Jean-MEM-PSLIST-43;M57-Jean-MEM-PSTREE-33,True,E6,Temporal + Graph-Full Fused,score-level fusion,A+B+C,"{""graph"":9,""temporal"":16}",25,temporal:gap_log_seconds;time_since_previous_event_seconds;events_prev_10s;events_next_10s;local_density_10s;events_prev_30s;events_next_30s;local_density_30s;events_prev_60s;events_next_60s;local_density_60s;process_changed;rapid_event;short_event_gap;medium_event_gap;long_event_gap|graph:parent_count;child_count;graph_degree;in_degree;out_degree;command_line_count;module_count;memory_region_count;relationship_type_count,weighted average of min-max normalized component scores,0.5,0.4915964786708245,1.0,1,True
LEVT-M57-Jean-PROCESS-1572-20091121013258,0.7197182244051281,True,M57-Jean,1572,976,svchost.exe,2009-11-21 01:32:58+00:00,0,Volatility 3 windows.pstree from M57-Jean memory image | Volatility 3 windows.pslist from M57-Jean memory image,M57-Jean-MEM-PSLIST-16;M57-Jean-MEM-PSTREE-15,True,E6,Temporal + Graph-Full Fused,score-level fusion,A+B+C,"{""graph"":9,""temporal"":16}",25,temporal:gap_log_seconds;time_since_previous_event_seconds;events_prev_10s;events_next_10s;local_density_10s;events_prev_30s;events_next_30s;local_density_30s;events_prev_60s;events_next_60s;local_density_60s;process_changed;rapid_event;short_event_gap;medium_event_gap;long_event_gap|graph:parent_count;child_count;graph_degree;in_degree;out_degree;command_line_count;module_count;memory_region_count;relationship_type_count,weighted average of min-max normalized component scores,0.5,0.8143927057190177,0.6250437430912387,2,True
LEVT-M57-Jean-PROCESS-2892-20091123220335,0.5845060952789781,True,M57-Jean,2892,1944,firefox.exe,2009-11-23 22:03:35+00:00,0,Volatility 3 windows.pstree from M57-Jean memory image | Volatility 3 windows.pslist from M57-Jean memory image,M57-Jean-MEM-PSLIST-39;M57-Jean-MEM-PSTREE-37,True,E6,Temporal + Graph-Full Fused,score-level fusion,A+B+C,"{""graph"":9,""temporal"":16}",25,temporal:gap_log_seconds;time_since_previous_event_seconds;events_prev_10s;events_next_10s;local_density_10s;events_prev_30s;events_next_30s;local_density_30s;events_prev_60s;events_next_60s;local_density_60s;process_changed;rapid_event;short_event_gap;medium_event_gap;long_event_gap|graph:parent_count;child_count;graph_degree;in_degree;out_degree;command_line_count;module_count;memory_region_count;relationship_type_count,weighted average of min-max normalized component scores,0.5,0.43526023037613243,0.7337519601818238,3,True
LEVT-M57-Jean-PROCESS-1372-20091121013235,0.5829323245302948,True,M57-Jean,1372,976,svchost.exe,2009-11-21 01:32:35+00:00,0,Volatility 3 windows.pstree from M57-Jean memory image | Volatility 3 windows.pslist from M57-Jean memory image,M57-Jean-MEM-PSLIST-8;M57-Jean-MEM-PSTREE-23,True,E6,Temporal + Graph-Full Fused,score-level fusion,A+B+C,"{""graph"":9,""temporal"":16}",25,temporal:gap_log_seconds;time_since_previous_event_seconds;events_prev_10s;events_next_10s;local_density_10s;events_prev_30s;events_next_30s;local_density_30s;events_prev_60s;events_next_60s;local_density_60s;process_changed;rapid_event;short_event_gap;medium_event_gap;long_event_gap|graph:parent_count;child_count;graph_degree;in_degree;out_degree;command_line_count;module_count;memory_region_count;relationship_type_count,weighted average of min-max normalized component scores,0.5,0.3816423088580188,0.7842223402025708,4,True
LEVT-M57-Jean-PROCESS-1204-20091123165512,0.5762227786313625,True,M57-Jean,1204,3180,iexplore.exe,2009-11-23 16:55:12+00:00,0,Volatility 3 windows.pstree from M57-Jean memory image | Volatility 3 windows.pslist from M57-Jean memory image,M57-Jean-MEM-PSLIST-33;M57-Jean-MEM-PSTREE-43,True,E6,Temporal + Graph-Full Fused,score-level fusion,A+B+C,"{""graph"":9,""temporal"":16}",25,temporal:gap_log_seconds;time_since_previous_event_seconds;events_prev_10s;events_next_10s;local_density_10s;events_prev_30s;events_next_30s;local_density_30s;events_prev_60s;events_next_60s;local_density_60s;process_changed;rapid_event;short_event_gap;medium_event_gap;long_event_gap|graph:parent_count;child_count;graph_degree;in_degree;out_degree;command_line_count;module_count;memory_region_count;relationship_type_count,weighted average of min-max normalized component scores,0.5,1.0,0.1524455572627251,5,True
LEVT-M57-Jean-PROCESS-3996-20091121013335,0.5219708024443122,False,M57-Jean,3996,976,alg.exe,2009-11-21 01:33:35+00:00,0,Volatility 3 windows.pstree from M57-Jean memory image | Volatility 3 windows.pslist from M57-Jean memory image,M57-Jean-MEM-PSLIST-31;M57-Jean-MEM-PSTREE-17,True,E6,Temporal + Graph-Full Fused,score-level fusion,A+B+C,"{""graph"":9,""temporal"":16}",25,temporal:gap_log_seconds;time_since_previous_event_seconds;events_prev_10s;events_next_10s;local_density_10s;events_prev_30s;events_next_30s;local_density_30s;events_prev_60s;events_next_60s;local_density_60s;process_changed;rapid_event;short_event_gap;medium_event_gap;long_event_gap|graph:parent_count;child_count;graph_degree;in_degree;out_degree;command_line_count;module_count;memory_region_count;relationship_type_count,weighted average of min-max normalized component scores,0.5,0.8059520392702292,0.23798956561839507,6,False
LEVT-M57-Jean-PROCESS-2080-20091123221633,0.5151629948639886,False,M57-Jean,2080,1944,swriter.exe,2009-11-23 22:16:33+00:00,0,Volatility 3 windows.pstree from M57-Jean memory image | Volatility 3 windows.pslist from M57-Jean memory image,M57-Jean-MEM-PSLIST-41;M57-Jean-MEM-PSTREE-31,True,E6,Temporal + Graph-Full Fused,score-level fusion,A+B+C,"{""graph"":9,""temporal"":16}",25,temporal:gap_log_seconds;time_since_previous_event_seconds;events_prev_10s;events_next_10s;local_density_10s;events_prev_30s;events_next_30s;local_density_30s;events_prev_60s;events_next_60s;local_density_60s;process_changed;rapid_event;short_event_gap;medium_event_gap;long_event_gap|graph:parent_count;child_count;graph_degree;in_degree;out_degree;command_line_count;module_count;memory_region_count;relationship_type_count,weighted average of min-max normalized component scores,0.5,0.893863696010757,0.13646229371722027,7,False
LEVT-M57-Jean-PROCESS-1944-20091121013301,0.48536933599234866,False,M57-Jean,1944,1972,explorer.exe,2009-11-21 01:33:01+00:00,0,Volatility 3 windows.pstree from M57-Jean memory image | Volatility 3 windows.pslist from M57-Jean memory image,M57-Jean-MEM-PSLIST-20;M57-Jean-MEM-PSTREE-29,True,E6,Temporal + Graph-Full Fused,score-level fusion,A+B+C,"{""graph"":9,""temporal"":16}",25,temporal:gap_log_seconds;time_since_previous_event_seconds;events_prev_10s;events_next_10s;local_density_10s;events_prev_30s;events_next_30s;local_density_30s;events_prev_60s;events_next_60s;local_density_60s;process_changed;rapid_event;short_event_gap;medium_event_gap;long_event_gap|graph:parent_count;child_count;graph_degree;in_degree;out_degree;command_line_count;module_count;memory_region_count;relationship_type_count,weighted average of min-max normalized component scores,0.5,0.1808075539266148,0.7899311180580826,8,False
LEVT-M57-Jean-PROCESS-3992-20091123170451,0.42668606649967533,False,M57-Jean,3992,3180,iexplore.exe,2009-11-23 17:04:51+00:00,0,Volatility 3 windows.pstree from M57-Jean memory image | Volatility 3 windows.pslist from M57-Jean memory image,M57-Jean-MEM-PSLIST-35;M57-Jean-MEM-PSTREE-44,True,E6,Temporal + Graph-Full Fused,score-level fusion,A+B+C,"{""graph"":9,""temporal"":16}",25,temporal:gap_log_seconds;time_since_previous_event_seconds;events_prev_10s;events_next_10s;local_density_10s;events_prev_30s;events_next_30s;local_density_30s;events_prev_60s;events_next_60s;local_density_60s;process_changed;rapid_event;short_event_gap;medium_event_gap;long_event_gap|graph:parent_count;child_count;graph_degree;in_degree;out_degree;command_line_count;module_count;memory_region_count;relationship_type_count,weighted average of min-max normalized component scores,0.5,0.7009265757366255,0.1524455572627251,9,False
LEVT-M57-Jean-PROCESS-976-20091121013232,0.42147376084438704,False,M57-Jean,976,932,services.exe,2009-11-21 01:32:32+00:00,0,Volatility 3 windows.pstree from M57-Jean memory image | Volatility 3 windows.pslist from M57-Jean memory image,M57-Jean-MEM-PSLIST-4;M57-Jean-MEM-PSTREE-3,True,E6,Temporal + Graph-Full Fused,score-level fusion,A+B+C,"{""graph"":9,""temporal"":16}",25,temporal:gap_log_seconds;time_since_previous_event_seconds;events_prev_10s;events_next_10s;local_density_10s;events_prev_30s;events_next_30s;local_density_30s;events_prev_60s;events_next_60s;local_density_60s;process_changed;rapid_event;short_event_gap;medium_event_gap;long_event_gap|graph:parent_count;child_count;graph_degree;in_degree;out_degree;command_line_count;module_count;memory_region_count;relationship_type_count,weighted average of min-max normalized component scores,0.5,0.27063327238296536,0.5723142493058087,10,False
LEVT-M57-Jean-PROCESS-908-20091121013232,0.4185554401465035,False,M57-Jean,908,812,csrss.exe,2009-11-21 01:32:32+00:00,0,Volatility 3 windows.pstree from M57-Jean memory image | Volatility 3 windows.pslist from M57-Jean memory image,M57-Jean-MEM-PSLIST-2;M57-Jean-MEM-PSTREE-28,True,E6,Temporal + Graph-Full Fused,score-level fusion,A+B+C,"{""graph"":9,""temporal"":16}",25,temporal:gap_log_seconds;time_since_previous_event_seconds;events_prev_10s;events_next_10s;local_density_10s;events_prev_30s;events_next_30s;local_density_30s;events_prev_60s;events_next_60s;local_density_60s;process_changed;rapid_event;short_event_gap;medium_event_gap;long_event_gap|graph:parent_count;child_count;graph_degree;in_degree;out_degree;command_line_count;module_count;memory_region_count;relationship_type_count,weighted average of min-max normalized component scores,0.5,0.6415731779666822,0.19553770232632475,11,False
LEVT-M57-Jean-PROCESS-1836-20091121013308,0.41322901272958723,False,M57-Jean,1836,1508,AVGIDSMonitor.e,2009-11-21 01:33:08+00:00,0,Volatility 3 windows.pstree from M57-Jean memory image | Volatility 3 windows.pslist from M57-Jean memory image,M57-Jean-MEM-PSLIST-26;M57-Jean-MEM-PSTREE-35,True,E6,Temporal + Graph-Full Fused,score-level fusion,A+B+C,"{""graph"":9,""temporal"":16}",25,temporal:gap_log_seconds;time_since_previous_event_seconds;events_prev_10s;events_next_10s;local_density_10s;events_prev_30s;events_next_30s;local_density_30s;events_prev_60s;events_next_60s;local_density_60s;process_changed;rapid_event;short_event_gap;medium_event_gap;long_event_gap|graph:parent_count;child_count;graph_degree;in_degree;out_degree;command_line_count;module_count;memory_region_count;relationship_type_count,weighted average of min-max normalized component scores,0.5,0.14203459866134963,0.6844234267978249,12,False
LEVT-M57-Jean-PROCESS-932-20091121013232,0.3923453087510979,False,M57-Jean,932,812,winlogon.exe,2009-11-21 01:32:32+00:00,0,Volatility 3 windows.pstree from M57-Jean memory image | Volatility 3 windows.pslist from M57-Jean memory image,M57-Jean-MEM-PSLIST-3;M57-Jean-MEM-PSTREE-2,True,E6,Temporal + Graph-Full Fused,score-level fusion,A+B+C,"{""graph"":9,""temporal"":16}",25,temporal:gap_log_seconds;time_since_previous_event_seconds;events_prev_10s;events_next_10s;local_density_10s;events_prev_30s;events_next_30s;local_density_30s;events_prev_60s;events_next_60s;local_density_60s;process_changed;rapid_event;short_event_gap;medium_event_gap;long_event_gap|graph:parent_count;child_count;graph_degree;in_degree;out_degree;command_line_count;module_count;memory_region_count;relationship_type_count,weighted average of min-max normalized component scores,0.5,0.3997131502384534,0.38497746726374243,13,False
LEVT-M57-Jean-PROCESS-208-20091123165519,0.350544142163516,False,M57-Jean,208,1944,msimn.exe,2009-11-23 16:55:19+00:00,0,Volatility 3 windows.pstree from M57-Jean memory image | Volatility 3 windows.pslist from M57-Jean memory image,M57-Jean-MEM-PSLIST-34;M57-Jean-MEM-PSTREE-41,True,E6,Temporal + Graph-Full Fused,score-level fusion,A+B+C,"{""graph"":9,""temporal"":16}",25,temporal:gap_log_seconds;time_since_previous_event_seconds;events_prev_10s;events_next_10s;local_density_10s;events_prev_30s;events_next_30s;local_density_30s;events_prev_60s;events_next_60s;local_density_60s;process_changed;rapid_event;short_event_gap;medium_event_gap;long_event_gap|graph:parent_count;child_count;graph_degree;in_degree;out_degree;command_line_count;module_count;memory_region_count;relationship_type_count,weighted average of min-max normalized component scores,0.5,0.46364902705435623,0.2374392572726757,14,False
LEVT-M57-Jean-PROCESS-2840-20091123170451,0.33882316388231315,False,M57-Jean,2840,3180,iexplore.exe,2009-11-23 17:04:51+00:00,0,Volatility 3 windows.pstree from M57-Jean memory image | Volatility 3 windows.pslist from M57-Jean memory image,M57-Jean-MEM-PSLIST-36;M57-Jean-MEM-PSTREE-45,True,E6,Temporal + Graph-Full Fused,score-level fusion,A+B+C,"{""graph"":9,""temporal"":16}",25,temporal:gap_log_seconds;time_since_previous_event_seconds;events_prev_10s;events_next_10s;local_density_10s;events_prev_30s;events_next_30s;local_density_30s;events_prev_60s;events_next_60s;local_density_60s;process_changed;rapid_event;short_event_gap;medium_event_gap;long_event_gap|graph:parent_count;child_count;graph_degree;in_degree;out_degree;command_line_count;module_count;memory_region_count;relationship_type_count,weighted average of min-max normalized component scores,0.5,0.5252007705019012,0.1524455572627251,15,False
LEVT-M57-Jean-PROCESS-2004-20091123235245,0.33295388357910677,False,M57-Jean,2004,1664,avgcmgr.exe,2009-11-23 23:52:45+00:00,0,Volatility 3 windows.pstree from M57-Jean memory image | Volatility 3 windows.pslist from M57-Jean memory image,M57-Jean-MEM-PSLIST-45;M57-Jean-MEM-PSTREE-9,True,E6,Temporal + Graph-Full Fused,score-level fusion,A+B+C,"{""graph"":9,""temporal"":16}",25,temporal:gap_log_seconds;time_since_previous_event_seconds;events_prev_10s;events_next_10s;local_density_10s;events_prev_30s;events_next_30s;local_density_30s;events_prev_60s;events_next_60s;local_density_60s;process_changed;rapid_event;short_event_gap;medium_event_gap;long_event_gap|graph:parent_count;child_count;graph_degree;in_degree;out_degree;command_line_count;module_count;memory_region_count;relationship_type_count,weighted average of min-max normalized component scores,0.5,0.5134622098954884,0.1524455572627251,16,False
LEVT-M57-Jean-PROCESS-1796-20091121013301,0.3292703939037181,False,M57-Jean,1796,976,avgfws9.exe,2009-11-21 01:33:01+00:00,0,Volatility 3 windows.pstree from M57-Jean memory image | Volatility 3 windows.pslist from M57-Jean memory image,M57-Jean-MEM-PSLIST-18;M57-Jean-MEM-PSTREE-16,True,E6,Temporal + Graph-Full Fused,score-level fusion,A+B+C,"{""graph"":9,""temporal"":16}",25,temporal:gap_log_seconds;time_since_previous_event_seconds;events_prev_10s;events_next_10s;local_density_10s;events_prev_30s;events_next_30s;local_density_30s;events_prev_60s;events_next_60s;local_density_60s;process_changed;rapid_event;short_event_gap;medium_event_gap;long_event_gap|graph:parent_count;child_count;graph_degree;in_degree;out_degree;command_line_count;module_count;memory_region_count;relationship_type_count,weighted average of min-max normalized component scores,0.5,0.1535583903306872,0.504982397476749,17,False
LEVT-M57-Jean-PROCESS-1356-20091121013448,0.3262816476867869,False,M57-Jean,1356,2296,avgcsrvx.exe,2009-11-21 01:34:48+00:00,0,Volatility 3 windows.pstree from M57-Jean memory image | Volatility 3 windows.pslist from M57-Jean memory image,M57-Jean-MEM-PSLIST-32;M57-Jean-MEM-PSTREE-11,True,E6,Temporal + Graph-Full Fused,score-level fusion,A+B+C,"{""graph"":9,""temporal"":16}",25,temporal:gap_log_seconds;time_since_previous_event_seconds;events_prev_10s;events_next_10s;local_density_10s;events_prev_30s;events_next_30s;local_density_30s;events_prev_60s;events_next_60s;local_density_60s;process_changed;rapid_event;short_event_gap;medium_event_gap;long_event_gap|graph:parent_count;child_count;graph_degree;in_degree;out_degree;command_line_count;module_count;memory_region_count;relationship_type_count,weighted average of min-max normalized component scores,0.5,0.35917717232176666,0.2933861230518071,18,False
LEVT-M57-Jean-PROCESS-2488-20091121013317,0.3176482894122468,False,M57-Jean,2488,2132,avgcsrvx.exe,2009-11-21 01:33:17+00:00,0,Volatility 3 windows.pstree from M57-Jean memory image | Volatility 3 windows.pslist from M57-Jean memory image,M57-Jean-MEM-PSLIST-30;M57-Jean-MEM-PSTREE-21,True,E6,Temporal + Graph-Full Fused,score-level fusion,A+B+C,"{""graph"":9,""temporal"":16}",25,temporal:gap_log_seconds;time_since_previous_event_seconds;events_prev_10s;events_next_10s;local_density_10s;events_prev_30s;events_next_30s;local_density_30s;events_prev_60s;events_next_60s;local_density_60s;process_changed;rapid_event;short_event_gap;medium_event_gap;long_event_gap|graph:parent_count;child_count;graph_degree;in_degree;out_degree;command_line_count;module_count;memory_region_count;relationship_type_count,weighted average of min-max normalized component scores,0.5,0.4828510215617685,0.1524455572627251,19,False
LEVT-M57-Jean-PROCESS-4028-20091123171439,0.3170457571487842,False,M57-Jean,4028,3180,iexplore.exe,2009-11-23 17:14:39+00:00,0,Volatility 3 windows.pstree from M57-Jean memory image | Volatility 3 windows.pslist from M57-Jean memory image,M57-Jean-MEM-PSLIST-37;M57-Jean-MEM-PSTREE-46,True,E6,Temporal + Graph-Full Fused,score-level fusion,A+B+C,"{""graph"":9,""temporal"":16}",25,temporal:gap_log_seconds;time_since_previous_event_seconds;events_prev_10s;events_next_10s;local_density_10s;events_prev_30s;events_next_30s;local_density_30s;events_prev_60s;events_next_60s;local_density_60s;process_changed;rapid_event;short_event_gap;medium_event_gap;long_event_gap|graph:parent_count;child_count;graph_degree;in_degree;out_degree;command_line_count;module_count;memory_region_count;relationship_type_count,weighted average of min-max normalized component scores,0.5,0.4816459570348433,0.1524455572627251,20,False
LEVT-M57-Jean-PROCESS-3908-20091123221634,0.2960568957506852,False,M57-Jean,3908,2080,soffice.exe,2009-11-23 22:16:34+00:00,0,Volatility 3 windows.pstree from M57-Jean memory image | Volatility 3 windows.pslist from M57-Jean memory image,M57-Jean-MEM-PSLIST-42;M57-Jean-MEM-PSTREE-32,True,E6,Temporal + Graph-Full Fused,score-level fusion,A+B+C,"{""graph"":9,""temporal"":16}",25,temporal:gap_log_seconds;time_since_previous_event_seconds;events_prev_10s;events_next_10s;local_density_10s;events_prev_30s;events_next_30s;local_density_30s;events_prev_60s;events_next_60s;local_density_60s;process_changed;rapid_event;short_event_gap;medium_event_gap;long_event_gap|graph:parent_count;child_count;graph_degree;in_degree;out_degree;command_line_count;module_count;memory_region_count;relationship_type_count,weighted average of min-max normalized component scores,0.5,0.46762512104780446,0.124488670453566,21,False
LEVT-M57-Jean-PROCESS-1664-20091121013258,0.2648442254897104,False,M57-Jean,1664,976,avgwdsvc.exe,2009-11-21 01:32:58+00:00,0,Volatility 3 windows.pstree from M57-Jean memory image | Volatility 3 windows.pslist from M57-Jean memory image,M57-Jean-MEM-PSLIST-17;M57-Jean-MEM-PSTREE-6,True,E6,Temporal + Graph-Full Fused,score-level fusion,A+B+C,"{""graph"":9,""temporal"":16}",25,temporal:gap_log_seconds;time_since_previous_event_seconds;events_prev_10s;events_next_10s;local_density_10s;events_prev_30s;events_next_30s;local_density_30s;events_prev_60s;events_next_60s;local_density_60s;process_changed;rapid_event;short_event_gap;medium_event_gap;long_event_gap|graph:parent_count;child_count;graph_degree;in_degree;out_degree;command_line_count;module_count;memory_region_count;relationship_type_count,weighted average of min-max normalized component scores,0.5,0.22845161759068655,0.3012368333887343,22,False
LEVT-M57-Jean-PROCESS-2132-20091121013311,0.26154643981268433,False,M57-Jean,2132,976,avgemc.exe,2009-11-21 01:33:11+00:00,0,Volatility 3 windows.pstree from M57-Jean memory image | Volatility 3 windows.pslist from M57-Jean memory image,M57-Jean-MEM-PSLIST-27;M57-Jean-MEM-PSTREE-20,True,E6,Temporal + Graph-Full Fused,score-level fusion,A+B+C,"{""graph"":9,""temporal"":16}",25,temporal:gap_log_seconds;time_since_previous_event_seconds;events_prev_10s;events_next_10s;local_density_10s;events_prev_30s;events_next_30s;local_density_30s;events_prev_60s;events_next_60s;local_density_60s;process_changed;rapid_event;short_event_gap;medium_event_gap;long_event_gap|graph:parent_count;child_count;graph_degree;in_degree;out_degree;command_line_count;module_count;memory_region_count;relationship_type_count,weighted average of min-max normalized component scores,0.5,0.1848331722910684,0.3382597073343003,23,False
LEVT-M57-Jean-PROCESS-1504-20091121013305,0.2524573165911982,False,M57-Jean,1504,1944,hkcmd.exe,2009-11-21 01:33:05+00:00,0,Volatility 3 windows.pstree from M57-Jean memory image | Volatility 3 windows.pslist from M57-Jean memory image,M57-Jean-MEM-PSLIST-21;M57-Jean-MEM-PSTREE-30,True,E6,Temporal + Graph-Full Fused,score-level fusion,A+B+C,"{""graph"":9,""temporal"":16}",25,temporal:gap_log_seconds;time_since_previous_event_seconds;events_prev_10s;events_next_10s;local_density_10s;events_prev_30s;events_next_30s;local_density_30s;events_prev_60s;events_next_60s;local_density_60s;process_changed;rapid_event;short_event_gap;medium_event_gap;long_event_gap|graph:parent_count;child_count;graph_degree;in_degree;out_degree;command_line_count;module_count;memory_region_count;relationship_type_count,weighted average of min-max normalized component scores,0.5,0.17871759800965614,0.3261970351727403,24,False
LEVT-M57-Jean-PROCESS-2028-20091121013242,0.24736650057878967,False,M57-Jean,2028,976,AVGIDSAgent.exe,2009-11-21 01:32:42+00:00,0,Volatility 3 windows.pstree from M57-Jean memory image | Volatility 3 windows.pslist from M57-Jean memory image,M57-Jean-MEM-PSLIST-15;M57-Jean-MEM-PSTREE-19,True,E6,Temporal + Graph-Full Fused,score-level fusion,A+B+C,"{""graph"":9,""temporal"":16}",25,temporal:gap_log_seconds;time_since_previous_event_seconds;events_prev_10s;events_next_10s;local_density_10s;events_prev_30s;events_next_30s;local_density_30s;events_prev_60s;events_next_60s;local_density_60s;process_changed;rapid_event;short_event_gap;medium_event_gap;long_event_gap|graph:parent_count;child_count;graph_degree;in_degree;out_degree;command_line_count;module_count;memory_region_count;relationship_type_count,weighted average of min-max normalized component scores,0.5,0.2587138032709748,0.23601919788660455,25,False
LEVT-M57-Jean-PROCESS-2992-20091124000124,0.24606717704839232,False,M57-Jean,2992,620,mdd_1.3.exe,2009-11-24 00:01:24+00:00,0,Volatility 3 windows.pstree from M57-Jean memory image | Volatility 3 windows.pslist from M57-Jean memory image,M57-Jean-MEM-PSLIST-47;M57-Jean-MEM-PSTREE-39,True,E6,Temporal + Graph-Full Fused,score-level fusion,A+B+C,"{""graph"":9,""temporal"":16}",25,temporal:gap_log_seconds;time_since_previous_event_seconds;events_prev_10s;events_next_10s;local_density_10s;events_prev_30s;events_next_30s;local_density_30s;events_prev_60s;events_next_60s;local_density_60s;process_changed;rapid_event;short_event_gap;medium_event_gap;long_event_gap|graph:parent_count;child_count;graph_degree;in_degree;out_degree;command_line_count;module_count;memory_region_count;relationship_type_count,weighted average of min-max normalized component scores,0.5,0.3728202061319413,0.11931414796484338,26,False
LEVT-M57-Jean-PROCESS-2296-20091121013314,0.20795436200309467,False,M57-Jean,2296,1664,avgnsx.exe,2009-11-21 01:33:14+00:00,0,Volatility 3 windows.pstree from M57-Jean memory image | Volatility 3 windows.pslist from M57-Jean memory image,M57-Jean-MEM-PSLIST-29;M57-Jean-MEM-PSTREE-10,True,E6,Temporal + Graph-Full Fused,score-level fusion,A+B+C,"{""graph"":9,""temporal"":16}",25,temporal:gap_log_seconds;time_since_previous_event_seconds;events_prev_10s;events_next_10s;local_density_10s;events_prev_30s;events_next_30s;local_density_30s;events_prev_60s;events_next_60s;local_density_60s;process_changed;rapid_event;short_event_gap;medium_event_gap;long_event_gap|graph:parent_count;child_count;graph_degree;in_degree;out_degree;command_line_count;module_count;memory_region_count;relationship_type_count,weighted average of min-max normalized component scores,0.5,0.26502836528222207,0.15088035872396727,27,False
LEVT-M57-Jean-PROCESS-1760-20091121013238,0.20451262203189002,False,M57-Jean,1760,1620,avgcsrvx.exe,2009-11-21 01:32:38+00:00,0,Volatility 3 windows.pstree from M57-Jean memory image | Volatility 3 windows.pslist from M57-Jean memory image,M57-Jean-MEM-PSLIST-13;M57-Jean-MEM-PSTREE-26,True,E6,Temporal + Graph-Full Fused,score-level fusion,A+B+C,"{""graph"":9,""temporal"":16}",25,temporal:gap_log_seconds;time_since_previous_event_seconds;events_prev_10s;events_next_10s;local_density_10s;events_prev_30s;events_next_30s;local_density_30s;events_prev_60s;events_next_60s;local_density_60s;process_changed;rapid_event;short_event_gap;medium_event_gap;long_event_gap|graph:parent_count;child_count;graph_degree;in_degree;out_degree;command_line_count;module_count;memory_region_count;relationship_type_count,weighted average of min-max normalized component scores,0.5,0.11563912101197296,0.2933861230518071,28,False
LEVT-M57-Jean-PROCESS-1248-20091121013234,0.1997912224281798,False,M57-Jean,1248,976,svchost.exe,2009-11-21 01:32:34+00:00,0,Volatility 3 windows.pstree from M57-Jean memory image | Volatility 3 windows.pslist from M57-Jean memory image,M57-Jean-MEM-PSLIST-7;M57-Jean-MEM-PSTREE-5,True,E6,Temporal + Graph-Full Fused,score-level fusion,A+B+C,"{""graph"":9,""temporal"":16}",25,temporal:gap_log_seconds;time_since_previous_event_seconds;events_prev_10s;events_next_10s;local_density_10s;events_prev_30s;events_next_30s;local_density_30s;events_prev_60s;events_next_60s;local_density_60s;process_changed;rapid_event;short_event_gap;medium_event_gap;long_event_gap|graph:parent_count;child_count;graph_degree;in_degree;out_degree;command_line_count;module_count;memory_region_count;relationship_type_count,weighted average of min-max normalized component scores,0.5,0.3995824448563596,0.0,29,False
LEVT-M57-Jean-PROCESS-1528-20091121013305,0.18453210395316974,False,M57-Jean,1528,1944,jusched.exe,2009-11-21 01:33:05+00:00,0,Volatility 3 windows.pstree from M57-Jean memory image | Volatility 3 windows.pslist from M57-Jean memory image,M57-Jean-MEM-PSLIST-23;M57-Jean-MEM-PSTREE-42,True,E6,Temporal + Graph-Full Fused,score-level fusion,A+B+C,"{""graph"":9,""temporal"":16}",25,temporal:gap_log_seconds;time_since_previous_event_seconds;events_prev_10s;events_next_10s;local_density_10s;events_prev_30s;events_next_30s;local_density_30s;events_prev_60s;events_next_60s;local_density_60s;process_changed;rapid_event;short_event_gap;medium_event_gap;long_event_gap|graph:parent_count;child_count;graph_degree;in_degree;out_degree;command_line_count;module_count;memory_region_count;relationship_type_count,weighted average of min-max normalized component scores,0.5,0.042867172733599204,0.3261970351727403,30,False
LEVT-M57-Jean-PROCESS-1676-20091121013306,0.1826478632303825,False,M57-Jean,1676,1944,ctfmon.exe,2009-11-21 01:33:06+00:00,0,Volatility 3 windows.pstree from M57-Jean memory image | Volatility 3 windows.pslist from M57-Jean memory image,M57-Jean-MEM-PSLIST-24;M57-Jean-MEM-PSTREE-36,True,E6,Temporal + Graph-Full Fused,score-level fusion,A+B+C,"{""graph"":9,""temporal"":16}",25,temporal:gap_log_seconds;time_since_previous_event_seconds;events_prev_10s;events_next_10s;local_density_10s;events_prev_30s;events_next_30s;local_density_30s;events_prev_60s;events_next_60s;local_density_60s;process_changed;rapid_event;short_event_gap;medium_event_gap;long_event_gap|graph:parent_count;child_count;graph_degree;in_degree;out_degree;command_line_count;module_count;memory_region_count;relationship_type_count,weighted average of min-max normalized component scores,0.5,0.03909869128802475,0.3261970351727403,31,False
LEVT-M57-Jean-PROCESS-344-20091121013301,0.16676764554760726,False,M57-Jean,344,976,jqs.exe,2009-11-21 01:33:01+00:00,0,Volatility 3 windows.pstree from M57-Jean memory image | Volatility 3 windows.pslist from M57-Jean memory image,M57-Jean-MEM-PSLIST-19;M57-Jean-MEM-PSTREE-13,True,E6,Temporal + Graph-Full Fused,score-level fusion,A+B+C,"{""graph"":9,""temporal"":16}",25,temporal:gap_log_seconds;time_since_previous_event_seconds;events_prev_10s;events_next_10s;local_density_10s;events_prev_30s;events_next_30s;local_density_30s;events_prev_60s;events_next_60s;local_density_60s;process_changed;rapid_event;short_event_gap;medium_event_gap;long_event_gap|graph:parent_count;child_count;graph_degree;in_degree;out_degree;command_line_count;module_count;memory_region_count;relationship_type_count,weighted average of min-max normalized component scores,0.5,0.24545805454724476,0.08807723654796977,32,False
LEVT-M57-Jean-PROCESS-1432-20091121013235,0.1613080278357483,False,M57-Jean,1432,976,svchost.exe,2009-11-21 01:32:35+00:00,0,Volatility 3 windows.pstree from M57-Jean memory image | Volatility 3 windows.pslist from M57-Jean memory image,M57-Jean-MEM-PSLIST-9;M57-Jean-MEM-PSTREE-22,True,E6,Temporal + Graph-Full Fused,score-level fusion,A+B+C,"{""graph"":9,""temporal"":16}",25,temporal:gap_log_seconds;time_since_previous_event_seconds;events_prev_10s;events_next_10s;local_density_10s;events_prev_30s;events_next_30s;local_density_30s;events_prev_60s;events_next_60s;local_density_60s;process_changed;rapid_event;short_event_gap;medium_event_gap;long_event_gap|graph:parent_count;child_count;graph_degree;in_degree;out_degree;command_line_count;module_count;memory_region_count;relationship_type_count,weighted average of min-max normalized component scores,0.5,0.31114028460027054,0.01147577107122607,33,False
LEVT-M57-Jean-PROCESS-1996-20091121013242,0.16018307730873377,False,M57-Jean,1996,976,spoolsv.exe,2009-11-21 01:32:42+00:00,0,Volatility 3 windows.pstree from M57-Jean memory image | Volatility 3 windows.pslist from M57-Jean memory image,M57-Jean-MEM-PSLIST-14;M57-Jean-MEM-PSTREE-18,True,E6,Temporal + Graph-Full Fused,score-level fusion,A+B+C,"{""graph"":9,""temporal"":16}",25,temporal:gap_log_seconds;time_since_previous_event_seconds;events_prev_10s;events_next_10s;local_density_10s;events_prev_30s;events_next_30s;local_density_30s;events_prev_60s;events_next_60s;local_density_60s;process_changed;rapid_event;short_event_gap;medium_event_gap;long_event_gap|graph:parent_count;child_count;graph_degree;in_degree;out_degree;command_line_count;module_count;memory_region_count;relationship_type_count,weighted average of min-max normalized component scores,0.5,0.2829236182588055,0.03744253635866204,34,False
LEVT-M57-Jean-PROCESS-2244-20091121013313,0.15804183683148695,False,M57-Jean,2244,1664,avgam.exe,2009-11-21 01:33:13+00:00,0,Volatility 3 windows.pstree from M57-Jean memory image | Volatility 3 windows.pslist from M57-Jean memory image,M57-Jean-MEM-PSLIST-28;M57-Jean-MEM-PSTREE-8,True,E6,Temporal + Graph-Full Fused,score-level fusion,A+B+C,"{""graph"":9,""temporal"":16}",25,temporal:gap_log_seconds;time_since_previous_event_seconds;events_prev_10s;events_next_10s;local_density_10s;events_prev_30s;events_next_30s;local_density_30s;events_prev_60s;events_next_60s;local_density_60s;process_changed;rapid_event;short_event_gap;medium_event_gap;long_event_gap|graph:parent_count;child_count;graph_degree;in_degree;out_degree;command_line_count;module_count;memory_region_count;relationship_type_count,weighted average of min-max normalized component scores,0.5,0.21586211833090815,0.10022155533206577,35,False
LEVT-M57-Jean-PROCESS-988-20091121013232,0.1532425099313114,False,M57-Jean,988,932,lsass.exe,2009-11-21 01:32:32+00:00,0,Volatility 3 windows.pstree from M57-Jean memory image | Volatility 3 windows.pslist from M57-Jean memory image,M57-Jean-MEM-PSLIST-5;M57-Jean-MEM-PSTREE-24,True,E6,Temporal + Graph-Full Fused,score-level fusion,A+B+C,"{""graph"":9,""temporal"":16}",25,temporal:gap_log_seconds;time_since_previous_event_seconds;events_prev_10s;events_next_10s;local_density_10s;events_prev_30s;events_next_30s;local_density_30s;events_prev_60s;events_next_60s;local_density_60s;process_changed;rapid_event;short_event_gap;medium_event_gap;long_event_gap|graph:parent_count;child_count;graph_degree;in_degree;out_degree;command_line_count;module_count;memory_region_count;relationship_type_count,weighted average of min-max normalized component scores,0.5,0.20614576578959612,0.10033925407302663,36,False
LEVT-M57-Jean-PROCESS-3196-20091123182209,0.1501656707433358,False,M57-Jean,3196,1664,avgsrmax.exe,2009-11-23 18:22:09+00:00,0,Volatility 3 windows.pstree from M57-Jean memory image | Volatility 3 windows.pslist from M57-Jean memory image,M57-Jean-MEM-PSLIST-38;M57-Jean-MEM-PSTREE-12,True,E6,Temporal + Graph-Full Fused,score-level fusion,A+B+C,"{""graph"":9,""temporal"":16}",25,temporal:gap_log_seconds;time_since_previous_event_seconds;events_prev_10s;events_next_10s;local_density_10s;events_prev_30s;events_next_30s;local_density_30s;events_prev_60s;events_next_60s;local_density_60s;process_changed;rapid_event;short_event_gap;medium_event_gap;long_event_gap|graph:parent_count;child_count;graph_degree;in_degree;out_degree;command_line_count;module_count;memory_region_count;relationship_type_count,weighted average of min-max normalized component scores,0.5,0.14788578422394655,0.1524455572627251,37,False
LEVT-M57-Jean-PROCESS-2576-20091123220845,0.1468888428051986,False,M57-Jean,2576,176,iexplore.exe,2009-11-23 22:08:45+00:00,0,Volatility 3 windows.pstree from M57-Jean memory image | Volatility 3 windows.pslist from M57-Jean memory image,M57-Jean-MEM-PSLIST-40;M57-Jean-MEM-PSTREE-47,True,E6,Temporal + Graph-Full Fused,score-level fusion,A+B+C,"{""graph"":9,""temporal"":16}",25,temporal:gap_log_seconds;time_since_previous_event_seconds;events_prev_10s;events_next_10s;local_density_10s;events_prev_30s;events_next_30s;local_density_30s;events_prev_60s;events_next_60s;local_density_60s;process_changed;rapid_event;short_event_gap;medium_event_gap;long_event_gap|graph:parent_count;child_count;graph_degree;in_degree;out_degree;command_line_count;module_count;memory_region_count;relationship_type_count,weighted average of min-max normalized component scores,0.5,0.14133212834767206,0.1524455572627251,38,False
LEVT-M57-Jean-PROCESS-1152-20091121013234,0.14094892744430518,False,M57-Jean,1152,976,svchost.exe,2009-11-21 01:32:34+00:00,0,Volatility 3 windows.pstree from M57-Jean memory image | Volatility 3 windows.pslist from M57-Jean memory image,M57-Jean-MEM-PSLIST-6;M57-Jean-MEM-PSTREE-4,True,E6,Temporal + Graph-Full Fused,score-level fusion,A+B+C,"{""graph"":9,""temporal"":16}",25,temporal:gap_log_seconds;time_since_previous_event_seconds;events_prev_10s;events_next_10s;local_density_10s;events_prev_30s;events_next_30s;local_density_30s;events_prev_60s;events_next_60s;local_density_60s;process_changed;rapid_event;short_event_gap;medium_event_gap;long_event_gap|graph:parent_count;child_count;graph_degree;in_degree;out_degree;command_line_count;module_count;memory_region_count;relationship_type_count,weighted average of min-max normalized component scores,0.5,0.2502669515929778,0.03163090329563256,39,False
LEVT-M57-Jean-PROCESS-2308-20091123225441,0.13898652173127943,False,M57-Jean,2308,1664,avgcmgr.exe,2009-11-23 22:54:41+00:00,0,Volatility 3 windows.pstree from M57-Jean memory image | Volatility 3 windows.pslist from M57-Jean memory image,M57-Jean-MEM-PSLIST-44;M57-Jean-MEM-PSTREE-7,True,E6,Temporal + Graph-Full Fused,score-level fusion,A+B+C,"{""graph"":9,""temporal"":16}",25,temporal:gap_log_seconds;time_since_previous_event_seconds;events_prev_10s;events_next_10s;local_density_10s;events_prev_30s;events_next_30s;local_density_30s;events_prev_60s;events_next_60s;local_density_60s;process_changed;rapid_event;short_event_gap;medium_event_gap;long_event_gap|graph:parent_count;child_count;graph_degree;in_degree;out_degree;command_line_count;module_count;memory_region_count;relationship_type_count,weighted average of min-max normalized component scores,0.5,0.12552748619983375,0.1524455572627251,40,False
LEVT-M57-Jean-PROCESS-1620-20091121013235,0.1386937974410517,False,M57-Jean,1620,932,avgrsx.exe,2009-11-21 01:32:35+00:00,0,Volatility 3 windows.pstree from M57-Jean memory image | Volatility 3 windows.pslist from M57-Jean memory image,M57-Jean-MEM-PSLIST-11;M57-Jean-MEM-PSTREE-25,True,E6,Temporal + Graph-Full Fused,score-level fusion,A+B+C,"{""graph"":9,""temporal"":16}",25,temporal:gap_log_seconds;time_since_previous_event_seconds;events_prev_10s;events_next_10s;local_density_10s;events_prev_30s;events_next_30s;local_density_30s;events_prev_60s;events_next_60s;local_density_60s;process_changed;rapid_event;short_event_gap;medium_event_gap;long_event_gap|graph:parent_count;child_count;graph_degree;in_degree;out_degree;command_line_count;module_count;memory_region_count;relationship_type_count,weighted average of min-max normalized component scores,0.5,0.05456629544273898,0.22282129943936443,41,False
LEVT-M57-Jean-PROCESS-620-20091123235925,0.12452843138433112,False,M57-Jean,620,1944,cmd.exe,2009-11-23 23:59:25+00:00,0,Volatility 3 windows.pstree from M57-Jean memory image | Volatility 3 windows.pslist from M57-Jean memory image,M57-Jean-MEM-PSLIST-46;M57-Jean-MEM-PSTREE-38,True,E6,Temporal + Graph-Full Fused,score-level fusion,A+B+C,"{""graph"":9,""temporal"":16}",25,temporal:gap_log_seconds;time_since_previous_event_seconds;events_prev_10s;events_next_10s;local_density_10s;events_prev_30s;events_next_30s;local_density_30s;events_prev_60s;events_next_60s;local_density_60s;process_changed;rapid_event;short_event_gap;medium_event_gap;long_event_gap|graph:parent_count;child_count;graph_degree;in_degree;out_degree;command_line_count;module_count;memory_region_count;relationship_type_count,weighted average of min-max normalized component scores,0.5,0.10418558563901457,0.14487127712964767,42,False
LEVT-M57-Jean-PROCESS-1612-20091121013235,0.09044600598464983,False,M57-Jean,1612,932,avgchsvx.exe,2009-11-21 01:32:35+00:00,0,Volatility 3 windows.pstree from M57-Jean memory image | Volatility 3 windows.pslist from M57-Jean memory image,M57-Jean-MEM-PSLIST-10;M57-Jean-MEM-PSTREE-27,True,E6,Temporal + Graph-Full Fused,score-level fusion,A+B+C,"{""graph"":9,""temporal"":16}",25,temporal:gap_log_seconds;time_since_previous_event_seconds;events_prev_10s;events_next_10s;local_density_10s;events_prev_30s;events_next_30s;local_density_30s;events_prev_60s;events_next_60s;local_density_60s;process_changed;rapid_event;short_event_gap;medium_event_gap;long_event_gap|graph:parent_count;child_count;graph_degree;in_degree;out_degree;command_line_count;module_count;memory_region_count;relationship_type_count,weighted average of min-max normalized component scores,0.5,0.02844645470657456,0.1524455572627251,43,False
LEVT-M57-Jean-PROCESS-1508-20091121013305,0.06290176216023201,False,M57-Jean,1508,1944,avgtray.exe,2009-11-21 01:33:05+00:00,0,Volatility 3 windows.pstree from M57-Jean memory image | Volatility 3 windows.pslist from M57-Jean memory image,M57-Jean-MEM-PSLIST-22;M57-Jean-MEM-PSTREE-34,True,E6,Temporal + Graph-Full Fused,score-level fusion,A+B+C,"{""graph"":9,""temporal"":16}",25,temporal:gap_log_seconds;time_since_previous_event_seconds;events_prev_10s;events_next_10s;local_density_10s;events_prev_30s;events_next_30s;local_density_30s;events_prev_60s;events_next_60s;local_density_60s;process_changed;rapid_event;short_event_gap;medium_event_gap;long_event_gap|graph:parent_count;child_count;graph_degree;in_degree;out_degree;command_line_count;module_count;memory_region_count;relationship_type_count,weighted average of min-max normalized component scores,0.5,0.0,0.12580352432046402,44,False
LEVT-M57-Jean-PROCESS-1752-20091121013306,0.06252591545600812,False,M57-Jean,1752,1944,msmsgs.exe,2009-11-21 01:33:06+00:00,0,Volatility 3 windows.pstree from M57-Jean memory image | Volatility 3 windows.pslist from M57-Jean memory image,M57-Jean-MEM-PSLIST-25;M57-Jean-MEM-PSTREE-40,True,E6,Temporal + Graph-Full Fused,score-level fusion,A+B+C,"{""graph"":9,""temporal"":16}",25,temporal:gap_log_seconds;time_since_previous_event_seconds;events_prev_10s;events_next_10s;local_density_10s;events_prev_30s;events_next_30s;local_density_30s;events_prev_60s;events_next_60s;local_density_60s;process_changed;rapid_event;short_event_gap;medium_event_gap;long_event_gap|graph:parent_count;child_count;graph_degree;in_degree;out_degree;command_line_count;module_count;memory_region_count;relationship_type_count,weighted average of min-max normalized component scores,0.5,0.06587458585265157,0.05917724505936466,45,False
LEVT-M57-Jean-PROCESS-1732-20091121013237,0.056110210817649706,False,M57-Jean,1732,976,svchost.exe,2009-11-21 01:32:37+00:00,0,Volatility 3 windows.pstree from M57-Jean memory image | Volatility 3 windows.pslist from M57-Jean memory image,M57-Jean-MEM-PSLIST-12;M57-Jean-MEM-PSTREE-14,True,E6,Temporal + Graph-Full Fused,score-level fusion,A+B+C,"{""graph"":9,""temporal"":16}",25,temporal:gap_log_seconds;time_since_previous_event_seconds;events_prev_10s;events_next_10s;local_density_10s;events_prev_30s;events_next_30s;local_density_30s;events_prev_60s;events_next_60s;local_density_60s;process_changed;rapid_event;short_event_gap;medium_event_gap;long_event_gap|graph:parent_count;child_count;graph_degree;in_degree;out_degree;command_line_count;module_count;memory_region_count;relationship_type_count,weighted average of min-max normalized component scores,0.5,0.11017946280205472,0.002040958833244693,46,False
