track,comparison_type,condition_id,research_question,left_model,right_model,question,top_k,top_k_overlap_count,top_k_overlap_event_ids,top_k_jaccard,kendall_tau,kendall_tau_pvalue_descriptive_unadjusted,candidate_overlap_count,candidate_overlap_event_ids,candidate_jaccard,left_candidate_count,right_candidate_count,cohort_size,parameter_family,passes_stability_rule,experiment,alpha,absolute_score_vector_unchanged,score_order_unchanged,rank_order_unchanged,candidate_count_delta,candidate_count,expected_top_ceil_count,candidate_event_ids
phase9,phase9_research_question,baseline,RQ1,E1,E2,Temporal-only vs graph-structural-only,3.0,0.0,,0.0,0.012914625932527379,0.9014097282317197,0.0,,0.0,5.0,5.0,46,,,,,,,,,,,
phase9,phase9_research_question,baseline,RQ1,E1,E2,Temporal-only vs graph-structural-only,5.0,0.0,,0.0,0.012914625932527379,0.9014097282317197,0.0,,0.0,5.0,5.0,46,,,,,,,,,,,
phase9,phase9_research_question,baseline,RQ1,E1,E2,Temporal-only vs graph-structural-only,10.0,1.0,LEVT-M57-Jean-PROCESS-3560-20091123221635,0.05263157894736842,0.012914625932527379,0.9014097282317197,0.0,,0.0,5.0,5.0,46,,,,,,,,,,,
phase9,phase9_research_question,baseline,RQ2,E2,E3,Graph-structural vs graph-full,3.0,2.0,LEVT-M57-Jean-PROCESS-1944-20091121013301;LEVT-M57-Jean-PROCESS-3560-20091123221635,0.5,0.3063632670781569,0.003915264978802972,3.0,LEVT-M57-Jean-PROCESS-1372-20091121013235;LEVT-M57-Jean-PROCESS-1944-20091121013301;LEVT-M57-Jean-PROCESS-3560-20091123221635,0.42857142857142855,5.0,5.0,46,,,,,,,,,,,
phase9,phase9_research_question,baseline,RQ2,E2,E3,Graph-structural vs graph-full,5.0,3.0,LEVT-M57-Jean-PROCESS-1372-20091121013235;LEVT-M57-Jean-PROCESS-1944-20091121013301;LEVT-M57-Jean-PROCESS-3560-20091123221635,0.42857142857142855,0.3063632670781569,0.003915264978802972,3.0,LEVT-M57-Jean-PROCESS-1372-20091121013235;LEVT-M57-Jean-PROCESS-1944-20091121013301;LEVT-M57-Jean-PROCESS-3560-20091123221635,0.42857142857142855,5.0,5.0,46,,,,,,,,,,,
phase9,phase9_research_question,baseline,RQ2,E2,E3,Graph-structural vs graph-full,10.0,8.0,LEVT-M57-Jean-PROCESS-1372-20091121013235;LEVT-M57-Jean-PROCESS-1796-20091121013301;LEVT-M57-Jean-PROCESS-1944-20091121013301;LEVT-M57-Jean-PROCESS-2132-20091121013311;LEVT-M57-Jean-PROCESS-2892-20091123220335;LEVT-M57-Jean-PROCESS-3560-20091123221635;LEVT-M57-Jean-PROCESS-932-20091121013232;LEVT-M57-Jean-PROCESS-976-20091121013232,0.6666666666666666,0.3063632670781569,0.003915264978802972,3.0,LEVT-M57-Jean-PROCESS-1372-20091121013235;LEVT-M57-Jean-PROCESS-1944-20091121013301;LEVT-M57-Jean-PROCESS-3560-20091123221635,0.42857142857142855,5.0,5.0,46,,,,,,,,,,,
phase9,phase9_research_question,baseline,RQ3,E3,E4,Graph-full vs graph-aware combined IF,3.0,1.0,LEVT-M57-Jean-PROCESS-3560-20091123221635,0.2,0.3365660336187245,0.001203512810541351,3.0,LEVT-M57-Jean-PROCESS-1372-20091121013235;LEVT-M57-Jean-PROCESS-2892-20091123220335;LEVT-M57-Jean-PROCESS-3560-20091123221635,0.42857142857142855,5.0,5.0,46,,,,,,,,,,,
phase9,phase9_research_question,baseline,RQ3,E3,E4,Graph-full vs graph-aware combined IF,5.0,3.0,LEVT-M57-Jean-PROCESS-1372-20091121013235;LEVT-M57-Jean-PROCESS-2892-20091123220335;LEVT-M57-Jean-PROCESS-3560-20091123221635,0.42857142857142855,0.3365660336187245,0.001203512810541351,3.0,LEVT-M57-Jean-PROCESS-1372-20091121013235;LEVT-M57-Jean-PROCESS-2892-20091123220335;LEVT-M57-Jean-PROCESS-3560-20091123221635,0.42857142857142855,5.0,5.0,46,,,,,,,,,,,
phase9,phase9_research_question,baseline,RQ3,E3,E4,Graph-full vs graph-aware combined IF,10.0,5.0,LEVT-M57-Jean-PROCESS-1372-20091121013235;LEVT-M57-Jean-PROCESS-1572-20091121013258;LEVT-M57-Jean-PROCESS-1944-20091121013301;LEVT-M57-Jean-PROCESS-2892-20091123220335;LEVT-M57-Jean-PROCESS-3560-20091123221635,0.3333333333333333,0.3365660336187245,0.001203512810541351,3.0,LEVT-M57-Jean-PROCESS-1372-20091121013235;LEVT-M57-Jean-PROCESS-2892-20091123220335;LEVT-M57-Jean-PROCESS-3560-20091123221635,0.42857142857142855,5.0,5.0,46,,,,,,,,,,,
phase9,phase9_research_question,baseline,RQ4,E4,E6,Graph-aware combined IF vs temporal + graph-full fusion,3.0,2.0,LEVT-M57-Jean-PROCESS-2892-20091123220335;LEVT-M57-Jean-PROCESS-3560-20091123221635,0.5,0.6927536231884058,1.131760126566698e-11,4.0,LEVT-M57-Jean-PROCESS-1204-20091123165512;LEVT-M57-Jean-PROCESS-1372-20091121013235;LEVT-M57-Jean-PROCESS-2892-20091123220335;LEVT-M57-Jean-PROCESS-3560-20091123221635,0.6666666666666666,5.0,5.0,46,,,,,,,,,,,
phase9,phase9_research_question,baseline,RQ4,E4,E6,Graph-aware combined IF vs temporal + graph-full fusion,5.0,4.0,LEVT-M57-Jean-PROCESS-1204-20091123165512;LEVT-M57-Jean-PROCESS-1372-20091121013235;LEVT-M57-Jean-PROCESS-2892-20091123220335;LEVT-M57-Jean-PROCESS-3560-20091123221635,0.6666666666666666,0.6927536231884058,1.131760126566698e-11,4.0,LEVT-M57-Jean-PROCESS-1204-20091123165512;LEVT-M57-Jean-PROCESS-1372-20091121013235;LEVT-M57-Jean-PROCESS-2892-20091123220335;LEVT-M57-Jean-PROCESS-3560-20091123221635,0.6666666666666666,5.0,5.0,46,,,,,,,,,,,
phase9,phase9_research_question,baseline,RQ4,E4,E6,Graph-aware combined IF vs temporal + graph-full fusion,10.0,9.0,LEVT-M57-Jean-PROCESS-1204-20091123165512;LEVT-M57-Jean-PROCESS-1372-20091121013235;LEVT-M57-Jean-PROCESS-1572-20091121013258;LEVT-M57-Jean-PROCESS-1944-20091121013301;LEVT-M57-Jean-PROCESS-2080-20091123221633;LEVT-M57-Jean-PROCESS-2892-20091123220335;LEVT-M57-Jean-PROCESS-3560-20091123221635;LEVT-M57-Jean-PROCESS-3992-20091123170451;LEVT-M57-Jean-PROCESS-3996-20091121013335,0.8181818181818182,0.6927536231884058,1.131760126566698e-11,4.0,LEVT-M57-Jean-PROCESS-1204-20091123165512;LEVT-M57-Jean-PROCESS-1372-20091121013235;LEVT-M57-Jean-PROCESS-2892-20091123220335;LEVT-M57-Jean-PROCESS-3560-20091123221635,0.6666666666666666,5.0,5.0,46,,,,,,,,,,,
phase9,phase9_research_question,n_estimators_250,RQ1,E1,E2,Temporal-only vs graph-structural-only,3.0,0.0,,0.0,-0.0009934327640405676,0.992396845522728,0.0,,0.0,5.0,5.0,46,,,,,,,,,,,
phase9,phase9_research_question,n_estimators_250,RQ1,E1,E2,Temporal-only vs graph-structural-only,5.0,0.0,,0.0,-0.0009934327640405676,0.992396845522728,0.0,,0.0,5.0,5.0,46,,,,,,,,,,,
phase9,phase9_research_question,n_estimators_250,RQ1,E1,E2,Temporal-only vs graph-structural-only,10.0,1.0,LEVT-M57-Jean-PROCESS-3560-20091123221635,0.05263157894736842,-0.0009934327640405676,0.992396845522728,0.0,,0.0,5.0,5.0,46,,,,,,,,,,,
phase9,phase9_research_question,n_estimators_250,RQ2,E2,E3,Graph-structural vs graph-full,3.0,2.0,LEVT-M57-Jean-PROCESS-1944-20091121013301;LEVT-M57-Jean-PROCESS-3560-20091123221635,0.5,0.30229199442595556,0.004419279097658277,3.0,LEVT-M57-Jean-PROCESS-1372-20091121013235;LEVT-M57-Jean-PROCESS-1944-20091121013301;LEVT-M57-Jean-PROCESS-3560-20091123221635,0.42857142857142855,5.0,5.0,46,,,,,,,,,,,
phase9,phase9_research_question,n_estimators_250,RQ2,E2,E3,Graph-structural vs graph-full,5.0,3.0,LEVT-M57-Jean-PROCESS-1372-20091121013235;LEVT-M57-Jean-PROCESS-1944-20091121013301;LEVT-M57-Jean-PROCESS-3560-20091123221635,0.42857142857142855,0.30229199442595556,0.004419279097658277,3.0,LEVT-M57-Jean-PROCESS-1372-20091121013235;LEVT-M57-Jean-PROCESS-1944-20091121013301;LEVT-M57-Jean-PROCESS-3560-20091123221635,0.42857142857142855,5.0,5.0,46,,,,,,,,,,,
phase9,phase9_research_question,n_estimators_250,RQ2,E2,E3,Graph-structural vs graph-full,10.0,7.0,LEVT-M57-Jean-PROCESS-1372-20091121013235;LEVT-M57-Jean-PROCESS-1796-20091121013301;LEVT-M57-Jean-PROCESS-1944-20091121013301;LEVT-M57-Jean-PROCESS-2892-20091123220335;LEVT-M57-Jean-PROCESS-3560-20091123221635;LEVT-M57-Jean-PROCESS-932-20091121013232;LEVT-M57-Jean-PROCESS-976-20091121013232,0.5384615384615384,0.30229199442595556,0.004419279097658277,3.0,LEVT-M57-Jean-PROCESS-1372-20091121013235;LEVT-M57-Jean-PROCESS-1944-20091121013301;LEVT-M57-Jean-PROCESS-3560-20091123221635,0.42857142857142855,5.0,5.0,46,,,,,,,,,,,
phase9,phase9_research_question,n_estimators_250,RQ3,E3,E4,Graph-full vs graph-aware combined IF,3.0,1.0,LEVT-M57-Jean-PROCESS-3560-20091123221635,0.2,0.3821014381671402,0.0002367943368336079,2.0,LEVT-M57-Jean-PROCESS-2892-20091123220335;LEVT-M57-Jean-PROCESS-3560-20091123221635,0.25,5.0,5.0,46,,,,,,,,,,,
phase9,phase9_research_question,n_estimators_250,RQ3,E3,E4,Graph-full vs graph-aware combined IF,5.0,2.0,LEVT-M57-Jean-PROCESS-2892-20091123220335;LEVT-M57-Jean-PROCESS-3560-20091123221635,0.25,0.3821014381671402,0.0002367943368336079,2.0,LEVT-M57-Jean-PROCESS-2892-20091123220335;LEVT-M57-Jean-PROCESS-3560-20091123221635,0.25,5.0,5.0,46,,,,,,,,,,,
phase9,phase9_research_question,n_estimators_250,RQ3,E3,E4,Graph-full vs graph-aware combined IF,10.0,5.0,LEVT-M57-Jean-PROCESS-1372-20091121013235;LEVT-M57-Jean-PROCESS-1572-20091121013258;LEVT-M57-Jean-PROCESS-1944-20091121013301;LEVT-M57-Jean-PROCESS-2892-20091123220335;LEVT-M57-Jean-PROCESS-3560-20091123221635,0.3333333333333333,0.3821014381671402,0.0002367943368336079,2.0,LEVT-M57-Jean-PROCESS-2892-20091123220335;LEVT-M57-Jean-PROCESS-3560-20091123221635,0.25,5.0,5.0,46,,,,,,,,,,,
phase9,phase9_research_question,n_estimators_250,RQ4,E4,E6,Graph-aware combined IF vs temporal + graph-full fusion,3.0,2.0,LEVT-M57-Jean-PROCESS-2892-20091123220335;LEVT-M57-Jean-PROCESS-3560-20091123221635,0.5,0.727536231884058,1.0072077799350246e-12,3.0,LEVT-M57-Jean-PROCESS-1204-20091123165512;LEVT-M57-Jean-PROCESS-2892-20091123220335;LEVT-M57-Jean-PROCESS-3560-20091123221635,0.42857142857142855,5.0,5.0,46,,,,,,,,,,,
phase9,phase9_research_question,n_estimators_250,RQ4,E4,E6,Graph-aware combined IF vs temporal + graph-full fusion,5.0,3.0,LEVT-M57-Jean-PROCESS-1204-20091123165512;LEVT-M57-Jean-PROCESS-2892-20091123220335;LEVT-M57-Jean-PROCESS-3560-20091123221635,0.42857142857142855,0.727536231884058,1.0072077799350246e-12,3.0,LEVT-M57-Jean-PROCESS-1204-20091123165512;LEVT-M57-Jean-PROCESS-2892-20091123220335;LEVT-M57-Jean-PROCESS-3560-20091123221635,0.42857142857142855,5.0,5.0,46,,,,,,,,,,,
phase9,phase9_research_question,n_estimators_250,RQ4,E4,E6,Graph-aware combined IF vs temporal + graph-full fusion,10.0,9.0,LEVT-M57-Jean-PROCESS-1204-20091123165512;LEVT-M57-Jean-PROCESS-1372-20091121013235;LEVT-M57-Jean-PROCESS-1572-20091121013258;LEVT-M57-Jean-PROCESS-1944-20091121013301;LEVT-M57-Jean-PROCESS-2080-20091123221633;LEVT-M57-Jean-PROCESS-2892-20091123220335;LEVT-M57-Jean-PROCESS-3560-20091123221635;LEVT-M57-Jean-PROCESS-3992-20091123170451;LEVT-M57-Jean-PROCESS-3996-20091121013335,0.8181818181818182,0.727536231884058,1.0072077799350246e-12,3.0,LEVT-M57-Jean-PROCESS-1204-20091123165512;LEVT-M57-Jean-PROCESS-2892-20091123220335;LEVT-M57-Jean-PROCESS-3560-20091123221635,0.42857142857142855,5.0,5.0,46,,,,,,,,,,,
phase9,phase9_research_question,n_estimators_1000,RQ1,E1,E2,Temporal-only vs graph-structural-only,3.0,0.0,,0.0,0.01688835698868965,0.871307548031319,0.0,,0.0,5.0,5.0,46,,,,,,,,,,,
phase9,phase9_research_question,n_estimators_1000,RQ1,E1,E2,Temporal-only vs graph-structural-only,5.0,0.0,,0.0,0.01688835698868965,0.871307548031319,0.0,,0.0,5.0,5.0,46,,,,,,,,,,,
phase9,phase9_research_question,n_estimators_1000,RQ1,E1,E2,Temporal-only vs graph-structural-only,10.0,1.0,LEVT-M57-Jean-PROCESS-3560-20091123221635,0.05263157894736842,0.01688835698868965,0.871307548031319,0.0,,0.0,5.0,5.0,46,,,,,,,,,,,
phase9,phase9_research_question,n_estimators_1000,RQ2,E2,E3,Graph-structural vs graph-full,3.0,2.0,LEVT-M57-Jean-PROCESS-1944-20091121013301;LEVT-M57-Jean-PROCESS-3560-20091123221635,0.5,0.3063632670781569,0.003915264978802972,3.0,LEVT-M57-Jean-PROCESS-1372-20091121013235;LEVT-M57-Jean-PROCESS-1944-20091121013301;LEVT-M57-Jean-PROCESS-3560-20091123221635,0.42857142857142855,5.0,5.0,46,,,,,,,,,,,
phase9,phase9_research_question,n_estimators_1000,RQ2,E2,E3,Graph-structural vs graph-full,5.0,3.0,LEVT-M57-Jean-PROCESS-1372-20091121013235;LEVT-M57-Jean-PROCESS-1944-20091121013301;LEVT-M57-Jean-PROCESS-3560-20091123221635,0.42857142857142855,0.3063632670781569,0.003915264978802972,3.0,LEVT-M57-Jean-PROCESS-1372-20091121013235;LEVT-M57-Jean-PROCESS-1944-20091121013301;LEVT-M57-Jean-PROCESS-3560-20091123221635,0.42857142857142855,5.0,5.0,46,,,,,,,,,,,
phase9,phase9_research_question,n_estimators_1000,RQ2,E2,E3,Graph-structural vs graph-full,10.0,8.0,LEVT-M57-Jean-PROCESS-1372-20091121013235;LEVT-M57-Jean-PROCESS-1796-20091121013301;LEVT-M57-Jean-PROCESS-1944-20091121013301;LEVT-M57-Jean-PROCESS-2132-20091121013311;LEVT-M57-Jean-PROCESS-2892-20091123220335;LEVT-M57-Jean-PROCESS-3560-20091123221635;LEVT-M57-Jean-PROCESS-932-20091121013232;LEVT-M57-Jean-PROCESS-976-20091121013232,0.6666666666666666,0.3063632670781569,0.003915264978802972,3.0,LEVT-M57-Jean-PROCESS-1372-20091121013235;LEVT-M57-Jean-PROCESS-1944-20091121013301;LEVT-M57-Jean-PROCESS-3560-20091123221635,0.42857142857142855,5.0,5.0,46,,,,,,,,,,,
phase9,phase9_research_question,n_estimators_1000,RQ3,E3,E4,Graph-full vs graph-aware combined IF,3.0,1.0,LEVT-M57-Jean-PROCESS-3560-20091123221635,0.2,0.34250543421199614,0.0009835575628893954,2.0,LEVT-M57-Jean-PROCESS-2892-20091123220335;LEVT-M57-Jean-PROCESS-3560-20091123221635,0.25,5.0,5.0,46,,,,,,,,,,,
phase9,phase9_research_question,n_estimators_1000,RQ3,E3,E4,Graph-full vs graph-aware combined IF,5.0,2.0,LEVT-M57-Jean-PROCESS-2892-20091123220335;LEVT-M57-Jean-PROCESS-3560-20091123221635,0.25,0.34250543421199614,0.0009835575628893954,2.0,LEVT-M57-Jean-PROCESS-2892-20091123220335;LEVT-M57-Jean-PROCESS-3560-20091123221635,0.25,5.0,5.0,46,,,,,,,,,,,
phase9,phase9_research_question,n_estimators_1000,RQ3,E3,E4,Graph-full vs graph-aware combined IF,10.0,5.0,LEVT-M57-Jean-PROCESS-1372-20091121013235;LEVT-M57-Jean-PROCESS-1572-20091121013258;LEVT-M57-Jean-PROCESS-1944-20091121013301;LEVT-M57-Jean-PROCESS-2892-20091123220335;LEVT-M57-Jean-PROCESS-3560-20091123221635,0.3333333333333333,0.34250543421199614,0.0009835575628893954,2.0,LEVT-M57-Jean-PROCESS-2892-20091123220335;LEVT-M57-Jean-PROCESS-3560-20091123221635,0.25,5.0,5.0,46,,,,,,,,,,,
phase9,phase9_research_question,n_estimators_1000,RQ4,E4,E6,Graph-aware combined IF vs temporal + graph-full fusion,3.0,2.0,LEVT-M57-Jean-PROCESS-2892-20091123220335;LEVT-M57-Jean-PROCESS-3560-20091123221635,0.5,0.7236714975845411,1.325264442079218e-12,3.0,LEVT-M57-Jean-PROCESS-1204-20091123165512;LEVT-M57-Jean-PROCESS-2892-20091123220335;LEVT-M57-Jean-PROCESS-3560-20091123221635,0.42857142857142855,5.0,5.0,46,,,,,,,,,,,
phase9,phase9_research_question,n_estimators_1000,RQ4,E4,E6,Graph-aware combined IF vs temporal + graph-full fusion,5.0,3.0,LEVT-M57-Jean-PROCESS-1204-20091123165512;LEVT-M57-Jean-PROCESS-2892-20091123220335;LEVT-M57-Jean-PROCESS-3560-20091123221635,0.42857142857142855,0.7236714975845411,1.325264442079218e-12,3.0,LEVT-M57-Jean-PROCESS-1204-20091123165512;LEVT-M57-Jean-PROCESS-2892-20091123220335;LEVT-M57-Jean-PROCESS-3560-20091123221635,0.42857142857142855,5.0,5.0,46,,,,,,,,,,,
phase9,phase9_research_question,n_estimators_1000,RQ4,E4,E6,Graph-aware combined IF vs temporal + graph-full fusion,10.0,8.0,LEVT-M57-Jean-PROCESS-1204-20091123165512;LEVT-M57-Jean-PROCESS-1372-20091121013235;LEVT-M57-Jean-PROCESS-1572-20091121013258;LEVT-M57-Jean-PROCESS-1944-20091121013301;LEVT-M57-Jean-PROCESS-2080-20091123221633;LEVT-M57-Jean-PROCESS-2892-20091123220335;LEVT-M57-Jean-PROCESS-3560-20091123221635;LEVT-M57-Jean-PROCESS-3996-20091121013335,0.6666666666666666,0.7236714975845411,1.325264442079218e-12,3.0,LEVT-M57-Jean-PROCESS-1204-20091123165512;LEVT-M57-Jean-PROCESS-2892-20091123220335;LEVT-M57-Jean-PROCESS-3560-20091123221635,0.42857142857142855,5.0,5.0,46,,,,,,,,,,,
phase9,phase9_research_question,contamination_005,RQ1,E1,E2,Temporal-only vs graph-structural-only,3.0,0.0,,0.0,0.012914625932527379,0.9014097282317197,0.0,,0.0,3.0,3.0,46,,,,,,,,,,,
phase9,phase9_research_question,contamination_005,RQ1,E1,E2,Temporal-only vs graph-structural-only,5.0,0.0,,0.0,0.012914625932527379,0.9014097282317197,0.0,,0.0,3.0,3.0,46,,,,,,,,,,,
phase9,phase9_research_question,contamination_005,RQ1,E1,E2,Temporal-only vs graph-structural-only,10.0,1.0,LEVT-M57-Jean-PROCESS-3560-20091123221635,0.05263157894736842,0.012914625932527379,0.9014097282317197,0.0,,0.0,3.0,3.0,46,,,,,,,,,,,
phase9,phase9_research_question,contamination_005,RQ2,E2,E3,Graph-structural vs graph-full,3.0,2.0,LEVT-M57-Jean-PROCESS-1944-20091121013301;LEVT-M57-Jean-PROCESS-3560-20091123221635,0.5,0.3063632670781569,0.003915264978802972,2.0,LEVT-M57-Jean-PROCESS-1944-20091121013301;LEVT-M57-Jean-PROCESS-3560-20091123221635,0.5,3.0,3.0,46,,,,,,,,,,,
phase9,phase9_research_question,contamination_005,RQ2,E2,E3,Graph-structural vs graph-full,5.0,3.0,LEVT-M57-Jean-PROCESS-1372-20091121013235;LEVT-M57-Jean-PROCESS-1944-20091121013301;LEVT-M57-Jean-PROCESS-3560-20091123221635,0.42857142857142855,0.3063632670781569,0.003915264978802972,2.0,LEVT-M57-Jean-PROCESS-1944-20091121013301;LEVT-M57-Jean-PROCESS-3560-20091123221635,0.5,3.0,3.0,46,,,,,,,,,,,
phase9,phase9_research_question,contamination_005,RQ2,E2,E3,Graph-structural vs graph-full,10.0,8.0,LEVT-M57-Jean-PROCESS-1372-20091121013235;LEVT-M57-Jean-PROCESS-1796-20091121013301;LEVT-M57-Jean-PROCESS-1944-20091121013301;LEVT-M57-Jean-PROCESS-2132-20091121013311;LEVT-M57-Jean-PROCESS-2892-20091123220335;LEVT-M57-Jean-PROCESS-3560-20091123221635;LEVT-M57-Jean-PROCESS-932-20091121013232;LEVT-M57-Jean-PROCESS-976-20091121013232,0.6666666666666666,0.3063632670781569,0.003915264978802972,2.0,LEVT-M57-Jean-PROCESS-1944-20091121013301;LEVT-M57-Jean-PROCESS-3560-20091123221635,0.5,3.0,3.0,46,,,,,,,,,,,
phase9,phase9_research_question,contamination_005,RQ3,E3,E4,Graph-full vs graph-aware combined IF,3.0,1.0,LEVT-M57-Jean-PROCESS-3560-20091123221635,0.2,0.3365660336187245,0.001203512810541351,1.0,LEVT-M57-Jean-PROCESS-3560-20091123221635,0.2,3.0,3.0,46,,,,,,,,,,,
phase9,phase9_research_question,contamination_005,RQ3,E3,E4,Graph-full vs graph-aware combined IF,5.0,3.0,LEVT-M57-Jean-PROCESS-1372-20091121013235;LEVT-M57-Jean-PROCESS-2892-20091123220335;LEVT-M57-Jean-PROCESS-3560-20091123221635,0.42857142857142855,0.3365660336187245,0.001203512810541351,1.0,LEVT-M57-Jean-PROCESS-3560-20091123221635,0.2,3.0,3.0,46,,,,,,,,,,,
phase9,phase9_research_question,contamination_005,RQ3,E3,E4,Graph-full vs graph-aware combined IF,10.0,5.0,LEVT-M57-Jean-PROCESS-1372-20091121013235;LEVT-M57-Jean-PROCESS-1572-20091121013258;LEVT-M57-Jean-PROCESS-1944-20091121013301;LEVT-M57-Jean-PROCESS-2892-20091123220335;LEVT-M57-Jean-PROCESS-3560-20091123221635,0.3333333333333333,0.3365660336187245,0.001203512810541351,1.0,LEVT-M57-Jean-PROCESS-3560-20091123221635,0.2,3.0,3.0,46,,,,,,,,,,,
phase9,phase9_research_question,contamination_005,RQ4,E4,E6,Graph-aware combined IF vs temporal + graph-full fusion,3.0,2.0,LEVT-M57-Jean-PROCESS-2892-20091123220335;LEVT-M57-Jean-PROCESS-3560-20091123221635,0.5,0.6927536231884058,1.131760126566698e-11,2.0,LEVT-M57-Jean-PROCESS-2892-20091123220335;LEVT-M57-Jean-PROCESS-3560-20091123221635,0.5,3.0,3.0,46,,,,,,,,,,,
phase9,phase9_research_question,contamination_005,RQ4,E4,E6,Graph-aware combined IF vs temporal + graph-full fusion,5.0,4.0,LEVT-M57-Jean-PROCESS-1204-20091123165512;LEVT-M57-Jean-PROCESS-1372-20091121013235;LEVT-M57-Jean-PROCESS-2892-20091123220335;LEVT-M57-Jean-PROCESS-3560-20091123221635,0.6666666666666666,0.6927536231884058,1.131760126566698e-11,2.0,LEVT-M57-Jean-PROCESS-2892-20091123220335;LEVT-M57-Jean-PROCESS-3560-20091123221635,0.5,3.0,3.0,46,,,,,,,,,,,
phase9,phase9_research_question,contamination_005,RQ4,E4,E6,Graph-aware combined IF vs temporal + graph-full fusion,10.0,9.0,LEVT-M57-Jean-PROCESS-1204-20091123165512;LEVT-M57-Jean-PROCESS-1372-20091121013235;LEVT-M57-Jean-PROCESS-1572-20091121013258;LEVT-M57-Jean-PROCESS-1944-20091121013301;LEVT-M57-Jean-PROCESS-2080-20091123221633;LEVT-M57-Jean-PROCESS-2892-20091123220335;LEVT-M57-Jean-PROCESS-3560-20091123221635;LEVT-M57-Jean-PROCESS-3992-20091123170451;LEVT-M57-Jean-PROCESS-3996-20091121013335,0.8181818181818182,0.6927536231884058,1.131760126566698e-11,2.0,LEVT-M57-Jean-PROCESS-2892-20091123220335;LEVT-M57-Jean-PROCESS-3560-20091123221635,0.5,3.0,3.0,46,,,,,,,,,,,
phase9,phase9_research_question,contamination_015,RQ1,E1,E2,Temporal-only vs graph-structural-only,3.0,0.0,,0.0,0.012914625932527379,0.9014097282317197,0.0,,0.0,7.0,7.0,46,,,,,,,,,,,
phase9,phase9_research_question,contamination_015,RQ1,E1,E2,Temporal-only vs graph-structural-only,5.0,0.0,,0.0,0.012914625932527379,0.9014097282317197,0.0,,0.0,7.0,7.0,46,,,,,,,,,,,
phase9,phase9_research_question,contamination_015,RQ1,E1,E2,Temporal-only vs graph-structural-only,10.0,1.0,LEVT-M57-Jean-PROCESS-3560-20091123221635,0.05263157894736842,0.012914625932527379,0.9014097282317197,0.0,,0.0,7.0,7.0,46,,,,,,,,,,,
phase9,phase9_research_question,contamination_015,RQ2,E2,E3,Graph-structural vs graph-full,3.0,2.0,LEVT-M57-Jean-PROCESS-1944-20091121013301;LEVT-M57-Jean-PROCESS-3560-20091123221635,0.5,0.3063632670781569,0.003915264978802972,5.0,LEVT-M57-Jean-PROCESS-1372-20091121013235;LEVT-M57-Jean-PROCESS-1944-20091121013301;LEVT-M57-Jean-PROCESS-2892-20091123220335;LEVT-M57-Jean-PROCESS-3560-20091123221635;LEVT-M57-Jean-PROCESS-976-20091121013232,0.5555555555555556,7.0,7.0,46,,,,,,,,,,,
phase9,phase9_research_question,contamination_015,RQ2,E2,E3,Graph-structural vs graph-full,5.0,3.0,LEVT-M57-Jean-PROCESS-1372-20091121013235;LEVT-M57-Jean-PROCESS-1944-20091121013301;LEVT-M57-Jean-PROCESS-3560-20091123221635,0.42857142857142855,0.3063632670781569,0.003915264978802972,5.0,LEVT-M57-Jean-PROCESS-1372-20091121013235;LEVT-M57-Jean-PROCESS-1944-20091121013301;LEVT-M57-Jean-PROCESS-2892-20091123220335;LEVT-M57-Jean-PROCESS-3560-20091123221635;LEVT-M57-Jean-PROCESS-976-20091121013232,0.5555555555555556,7.0,7.0,46,,,,,,,,,,,
phase9,phase9_research_question,contamination_015,RQ2,E2,E3,Graph-structural vs graph-full,10.0,8.0,LEVT-M57-Jean-PROCESS-1372-20091121013235;LEVT-M57-Jean-PROCESS-1796-20091121013301;LEVT-M57-Jean-PROCESS-1944-20091121013301;LEVT-M57-Jean-PROCESS-2132-20091121013311;LEVT-M57-Jean-PROCESS-2892-20091123220335;LEVT-M57-Jean-PROCESS-3560-20091123221635;LEVT-M57-Jean-PROCESS-932-20091121013232;LEVT-M57-Jean-PROCESS-976-20091121013232,0.6666666666666666,0.3063632670781569,0.003915264978802972,5.0,LEVT-M57-Jean-PROCESS-1372-20091121013235;LEVT-M57-Jean-PROCESS-1944-20091121013301;LEVT-M57-Jean-PROCESS-2892-20091123220335;LEVT-M57-Jean-PROCESS-3560-20091123221635;LEVT-M57-Jean-PROCESS-976-20091121013232,0.5555555555555556,7.0,7.0,46,,,,,,,,,,,
phase9,phase9_research_question,contamination_015,RQ3,E3,E4,Graph-full vs graph-aware combined IF,3.0,1.0,LEVT-M57-Jean-PROCESS-3560-20091123221635,0.2,0.3365660336187245,0.001203512810541351,4.0,LEVT-M57-Jean-PROCESS-1372-20091121013235;LEVT-M57-Jean-PROCESS-1572-20091121013258;LEVT-M57-Jean-PROCESS-2892-20091123220335;LEVT-M57-Jean-PROCESS-3560-20091123221635,0.4,7.0,7.0,46,,,,,,,,,,,
phase9,phase9_research_question,contamination_015,RQ3,E3,E4,Graph-full vs graph-aware combined IF,5.0,3.0,LEVT-M57-Jean-PROCESS-1372-20091121013235;LEVT-M57-Jean-PROCESS-2892-20091123220335;LEVT-M57-Jean-PROCESS-3560-20091123221635,0.42857142857142855,0.3365660336187245,0.001203512810541351,4.0,LEVT-M57-Jean-PROCESS-1372-20091121013235;LEVT-M57-Jean-PROCESS-1572-20091121013258;LEVT-M57-Jean-PROCESS-2892-20091123220335;LEVT-M57-Jean-PROCESS-3560-20091123221635,0.4,7.0,7.0,46,,,,,,,,,,,
phase9,phase9_research_question,contamination_015,RQ3,E3,E4,Graph-full vs graph-aware combined IF,10.0,5.0,LEVT-M57-Jean-PROCESS-1372-20091121013235;LEVT-M57-Jean-PROCESS-1572-20091121013258;LEVT-M57-Jean-PROCESS-1944-20091121013301;LEVT-M57-Jean-PROCESS-2892-20091123220335;LEVT-M57-Jean-PROCESS-3560-20091123221635,0.3333333333333333,0.3365660336187245,0.001203512810541351,4.0,LEVT-M57-Jean-PROCESS-1372-20091121013235;LEVT-M57-Jean-PROCESS-1572-20091121013258;LEVT-M57-Jean-PROCESS-2892-20091123220335;LEVT-M57-Jean-PROCESS-3560-20091123221635,0.4,7.0,7.0,46,,,,,,,,,,,
phase9,phase9_research_question,contamination_015,RQ4,E4,E6,Graph-aware combined IF vs temporal + graph-full fusion,3.0,2.0,LEVT-M57-Jean-PROCESS-2892-20091123220335;LEVT-M57-Jean-PROCESS-3560-20091123221635,0.5,0.6927536231884058,1.131760126566698e-11,6.0,LEVT-M57-Jean-PROCESS-1204-20091123165512;LEVT-M57-Jean-PROCESS-1372-20091121013235;LEVT-M57-Jean-PROCESS-1572-20091121013258;LEVT-M57-Jean-PROCESS-2080-20091123221633;LEVT-M57-Jean-PROCESS-2892-20091123220335;LEVT-M57-Jean-PROCESS-3560-20091123221635,0.75,7.0,7.0,46,,,,,,,,,,,
phase9,phase9_research_question,contamination_015,RQ4,E4,E6,Graph-aware combined IF vs temporal + graph-full fusion,5.0,4.0,LEVT-M57-Jean-PROCESS-1204-20091123165512;LEVT-M57-Jean-PROCESS-1372-20091121013235;LEVT-M57-Jean-PROCESS-2892-20091123220335;LEVT-M57-Jean-PROCESS-3560-20091123221635,0.6666666666666666,0.6927536231884058,1.131760126566698e-11,6.0,LEVT-M57-Jean-PROCESS-1204-20091123165512;LEVT-M57-Jean-PROCESS-1372-20091121013235;LEVT-M57-Jean-PROCESS-1572-20091121013258;LEVT-M57-Jean-PROCESS-2080-20091123221633;LEVT-M57-Jean-PROCESS-2892-20091123220335;LEVT-M57-Jean-PROCESS-3560-20091123221635,0.75,7.0,7.0,46,,,,,,,,,,,
phase9,phase9_research_question,contamination_015,RQ4,E4,E6,Graph-aware combined IF vs temporal + graph-full fusion,10.0,9.0,LEVT-M57-Jean-PROCESS-1204-20091123165512;LEVT-M57-Jean-PROCESS-1372-20091121013235;LEVT-M57-Jean-PROCESS-1572-20091121013258;LEVT-M57-Jean-PROCESS-1944-20091121013301;LEVT-M57-Jean-PROCESS-2080-20091123221633;LEVT-M57-Jean-PROCESS-2892-20091123220335;LEVT-M57-Jean-PROCESS-3560-20091123221635;LEVT-M57-Jean-PROCESS-3992-20091123170451;LEVT-M57-Jean-PROCESS-3996-20091121013335,0.8181818181818182,0.6927536231884058,1.131760126566698e-11,6.0,LEVT-M57-Jean-PROCESS-1204-20091123165512;LEVT-M57-Jean-PROCESS-1372-20091121013235;LEVT-M57-Jean-PROCESS-1572-20091121013258;LEVT-M57-Jean-PROCESS-2080-20091123221633;LEVT-M57-Jean-PROCESS-2892-20091123220335;LEVT-M57-Jean-PROCESS-3560-20091123221635,0.75,7.0,7.0,46,,,,,,,,,,,
phase9,phase9_research_question,random_state_0,RQ1,E1,E2,Temporal-only vs graph-structural-only,3.0,0.0,,0.0,0.002980298292121703,0.9771932979208497,0.0,,0.0,5.0,5.0,46,,,,,,,,,,,
phase9,phase9_research_question,random_state_0,RQ1,E1,E2,Temporal-only vs graph-structural-only,5.0,0.0,,0.0,0.002980298292121703,0.9771932979208497,0.0,,0.0,5.0,5.0,46,,,,,,,,,,,
phase9,phase9_research_question,random_state_0,RQ1,E1,E2,Temporal-only vs graph-structural-only,10.0,0.0,,0.0,0.002980298292121703,0.9771932979208497,0.0,,0.0,5.0,5.0,46,,,,,,,,,,,
phase9,phase9_research_question,random_state_0,RQ2,E2,E3,Graph-structural vs graph-full,3.0,2.0,LEVT-M57-Jean-PROCESS-1944-20091121013301;LEVT-M57-Jean-PROCESS-3560-20091123221635,0.5,0.3287552666652648,0.0019630493877280646,3.0,LEVT-M57-Jean-PROCESS-1372-20091121013235;LEVT-M57-Jean-PROCESS-1944-20091121013301;LEVT-M57-Jean-PROCESS-3560-20091123221635,0.42857142857142855,5.0,5.0,46,,,,,,,,,,,
phase9,phase9_research_question,random_state_0,RQ2,E2,E3,Graph-structural vs graph-full,5.0,3.0,LEVT-M57-Jean-PROCESS-1372-20091121013235;LEVT-M57-Jean-PROCESS-1944-20091121013301;LEVT-M57-Jean-PROCESS-3560-20091123221635,0.42857142857142855,0.3287552666652648,0.0019630493877280646,3.0,LEVT-M57-Jean-PROCESS-1372-20091121013235;LEVT-M57-Jean-PROCESS-1944-20091121013301;LEVT-M57-Jean-PROCESS-3560-20091123221635,0.42857142857142855,5.0,5.0,46,,,,,,,,,,,
phase9,phase9_research_question,random_state_0,RQ2,E2,E3,Graph-structural vs graph-full,10.0,8.0,LEVT-M57-Jean-PROCESS-1372-20091121013235;LEVT-M57-Jean-PROCESS-1796-20091121013301;LEVT-M57-Jean-PROCESS-1944-20091121013301;LEVT-M57-Jean-PROCESS-2132-20091121013311;LEVT-M57-Jean-PROCESS-2892-20091123220335;LEVT-M57-Jean-PROCESS-3560-20091123221635;LEVT-M57-Jean-PROCESS-932-20091121013232;LEVT-M57-Jean-PROCESS-976-20091121013232,0.6666666666666666,0.3287552666652648,0.0019630493877280646,3.0,LEVT-M57-Jean-PROCESS-1372-20091121013235;LEVT-M57-Jean-PROCESS-1944-20091121013301;LEVT-M57-Jean-PROCESS-3560-20091123221635,0.42857142857142855,5.0,5.0,46,,,,,,,,,,,
phase9,phase9_research_question,random_state_0,RQ3,E3,E4,Graph-full vs graph-aware combined IF,3.0,2.0,LEVT-M57-Jean-PROCESS-2892-20091123220335;LEVT-M57-Jean-PROCESS-3560-20091123221635,0.5,0.34250543421199614,0.0009835575628893954,3.0,LEVT-M57-Jean-PROCESS-1372-20091121013235;LEVT-M57-Jean-PROCESS-2892-20091123220335;LEVT-M57-Jean-PROCESS-3560-20091123221635,0.42857142857142855,5.0,5.0,46,,,,,,,,,,,
phase9,phase9_research_question,random_state_0,RQ3,E3,E4,Graph-full vs graph-aware combined IF,5.0,3.0,LEVT-M57-Jean-PROCESS-1372-20091121013235;LEVT-M57-Jean-PROCESS-2892-20091123220335;LEVT-M57-Jean-PROCESS-3560-20091123221635,0.42857142857142855,0.34250543421199614,0.0009835575628893954,3.0,LEVT-M57-Jean-PROCESS-1372-20091121013235;LEVT-M57-Jean-PROCESS-2892-20091123220335;LEVT-M57-Jean-PROCESS-3560-20091123221635,0.42857142857142855,5.0,5.0,46,,,,,,,,,,,
phase9,phase9_research_question,random_state_0,RQ3,E3,E4,Graph-full vs graph-aware combined IF,10.0,5.0,LEVT-M57-Jean-PROCESS-1372-20091121013235;LEVT-M57-Jean-PROCESS-1572-20091121013258;LEVT-M57-Jean-PROCESS-1944-20091121013301;LEVT-M57-Jean-PROCESS-2892-20091123220335;LEVT-M57-Jean-PROCESS-3560-20091123221635,0.3333333333333333,0.34250543421199614,0.0009835575628893954,3.0,LEVT-M57-Jean-PROCESS-1372-20091121013235;LEVT-M57-Jean-PROCESS-2892-20091123220335;LEVT-M57-Jean-PROCESS-3560-20091123221635,0.42857142857142855,5.0,5.0,46,,,,,,,,,,,
phase9,phase9_research_question,random_state_0,RQ4,E4,E6,Graph-aware combined IF vs temporal + graph-full fusion,3.0,2.0,LEVT-M57-Jean-PROCESS-2892-20091123220335;LEVT-M57-Jean-PROCESS-3560-20091123221635,0.5,0.731400966183575,7.644052846363647e-13,4.0,LEVT-M57-Jean-PROCESS-1204-20091123165512;LEVT-M57-Jean-PROCESS-1372-20091121013235;LEVT-M57-Jean-PROCESS-2892-20091123220335;LEVT-M57-Jean-PROCESS-3560-20091123221635,0.6666666666666666,5.0,5.0,46,,,,,,,,,,,
phase9,phase9_research_question,random_state_0,RQ4,E4,E6,Graph-aware combined IF vs temporal + graph-full fusion,5.0,4.0,LEVT-M57-Jean-PROCESS-1204-20091123165512;LEVT-M57-Jean-PROCESS-1372-20091121013235;LEVT-M57-Jean-PROCESS-2892-20091123220335;LEVT-M57-Jean-PROCESS-3560-20091123221635,0.6666666666666666,0.731400966183575,7.644052846363647e-13,4.0,LEVT-M57-Jean-PROCESS-1204-20091123165512;LEVT-M57-Jean-PROCESS-1372-20091121013235;LEVT-M57-Jean-PROCESS-2892-20091123220335;LEVT-M57-Jean-PROCESS-3560-20091123221635,0.6666666666666666,5.0,5.0,46,,,,,,,,,,,
phase9,phase9_research_question,random_state_0,RQ4,E4,E6,Graph-aware combined IF vs temporal + graph-full fusion,10.0,8.0,LEVT-M57-Jean-PROCESS-1204-20091123165512;LEVT-M57-Jean-PROCESS-1372-20091121013235;LEVT-M57-Jean-PROCESS-1572-20091121013258;LEVT-M57-Jean-PROCESS-1944-20091121013301;LEVT-M57-Jean-PROCESS-2080-20091123221633;LEVT-M57-Jean-PROCESS-2892-20091123220335;LEVT-M57-Jean-PROCESS-3560-20091123221635;LEVT-M57-Jean-PROCESS-3996-20091121013335,0.6666666666666666,0.731400966183575,7.644052846363647e-13,4.0,LEVT-M57-Jean-PROCESS-1204-20091123165512;LEVT-M57-Jean-PROCESS-1372-20091121013235;LEVT-M57-Jean-PROCESS-2892-20091123220335;LEVT-M57-Jean-PROCESS-3560-20091123221635,0.6666666666666666,5.0,5.0,46,,,,,,,,,,,
phase9,phase9_research_question,random_state_123,RQ1,E1,E2,Temporal-only vs graph-structural-only,3.0,0.0,,0.0,0.002980298292121703,0.9771932979208497,0.0,,0.0,5.0,5.0,46,,,,,,,,,,,
phase9,phase9_research_question,random_state_123,RQ1,E1,E2,Temporal-only vs graph-structural-only,5.0,0.0,,0.0,0.002980298292121703,0.9771932979208497,0.0,,0.0,5.0,5.0,46,,,,,,,,,,,
phase9,phase9_research_question,random_state_123,RQ1,E1,E2,Temporal-only vs graph-structural-only,10.0,1.0,LEVT-M57-Jean-PROCESS-208-20091123165519,0.05263157894736842,0.002980298292121703,0.9771932979208497,0.0,,0.0,5.0,5.0,46,,,,,,,,,,,
phase9,phase9_research_question,random_state_123,RQ2,E2,E3,Graph-structural vs graph-full,3.0,2.0,LEVT-M57-Jean-PROCESS-1944-20091121013301;LEVT-M57-Jean-PROCESS-3560-20091123221635,0.5,0.3572541752306747,0.000767853478544962,3.0,LEVT-M57-Jean-PROCESS-1372-20091121013235;LEVT-M57-Jean-PROCESS-1944-20091121013301;LEVT-M57-Jean-PROCESS-3560-20091123221635,0.42857142857142855,5.0,5.0,46,,,,,,,,,,,
phase9,phase9_research_question,random_state_123,RQ2,E2,E3,Graph-structural vs graph-full,5.0,3.0,LEVT-M57-Jean-PROCESS-1372-20091121013235;LEVT-M57-Jean-PROCESS-1944-20091121013301;LEVT-M57-Jean-PROCESS-3560-20091123221635,0.42857142857142855,0.3572541752306747,0.000767853478544962,3.0,LEVT-M57-Jean-PROCESS-1372-20091121013235;LEVT-M57-Jean-PROCESS-1944-20091121013301;LEVT-M57-Jean-PROCESS-3560-20091123221635,0.42857142857142855,5.0,5.0,46,,,,,,,,,,,
phase9,phase9_research_question,random_state_123,RQ2,E2,E3,Graph-structural vs graph-full,10.0,8.0,LEVT-M57-Jean-PROCESS-1372-20091121013235;LEVT-M57-Jean-PROCESS-1796-20091121013301;LEVT-M57-Jean-PROCESS-1944-20091121013301;LEVT-M57-Jean-PROCESS-2132-20091121013311;LEVT-M57-Jean-PROCESS-2892-20091123220335;LEVT-M57-Jean-PROCESS-3560-20091123221635;LEVT-M57-Jean-PROCESS-932-20091121013232;LEVT-M57-Jean-PROCESS-976-20091121013232,0.6666666666666666,0.3572541752306747,0.000767853478544962,3.0,LEVT-M57-Jean-PROCESS-1372-20091121013235;LEVT-M57-Jean-PROCESS-1944-20091121013301;LEVT-M57-Jean-PROCESS-3560-20091123221635,0.42857142857142855,5.0,5.0,46,,,,,,,,,,,
phase9,phase9_research_question,random_state_123,RQ3,E3,E4,Graph-full vs graph-aware combined IF,3.0,2.0,LEVT-M57-Jean-PROCESS-2892-20091123220335;LEVT-M57-Jean-PROCESS-3560-20091123221635,0.5,0.34250543421199614,0.0009835575628893954,3.0,LEVT-M57-Jean-PROCESS-1372-20091121013235;LEVT-M57-Jean-PROCESS-2892-20091123220335;LEVT-M57-Jean-PROCESS-3560-20091123221635,0.42857142857142855,5.0,5.0,46,,,,,,,,,,,
phase9,phase9_research_question,random_state_123,RQ3,E3,E4,Graph-full vs graph-aware combined IF,5.0,3.0,LEVT-M57-Jean-PROCESS-1372-20091121013235;LEVT-M57-Jean-PROCESS-2892-20091123220335;LEVT-M57-Jean-PROCESS-3560-20091123221635,0.42857142857142855,0.34250543421199614,0.0009835575628893954,3.0,LEVT-M57-Jean-PROCESS-1372-20091121013235;LEVT-M57-Jean-PROCESS-2892-20091123220335;LEVT-M57-Jean-PROCESS-3560-20091123221635,0.42857142857142855,5.0,5.0,46,,,,,,,,,,,
phase9,phase9_research_question,random_state_123,RQ3,E3,E4,Graph-full vs graph-aware combined IF,10.0,5.0,LEVT-M57-Jean-PROCESS-1372-20091121013235;LEVT-M57-Jean-PROCESS-1572-20091121013258;LEVT-M57-Jean-PROCESS-1944-20091121013301;LEVT-M57-Jean-PROCESS-2892-20091123220335;LEVT-M57-Jean-PROCESS-3560-20091123221635,0.3333333333333333,0.34250543421199614,0.0009835575628893954,3.0,LEVT-M57-Jean-PROCESS-1372-20091121013235;LEVT-M57-Jean-PROCESS-2892-20091123220335;LEVT-M57-Jean-PROCESS-3560-20091123221635,0.42857142857142855,5.0,5.0,46,,,,,,,,,,,
phase9,phase9_research_question,random_state_123,RQ4,E4,E6,Graph-aware combined IF vs temporal + graph-full fusion,3.0,2.0,LEVT-M57-Jean-PROCESS-2892-20091123220335;LEVT-M57-Jean-PROCESS-3560-20091123221635,0.5,0.7062801932367151,4.477737069473246e-12,4.0,LEVT-M57-Jean-PROCESS-1204-20091123165512;LEVT-M57-Jean-PROCESS-1372-20091121013235;LEVT-M57-Jean-PROCESS-2892-20091123220335;LEVT-M57-Jean-PROCESS-3560-20091123221635,0.6666666666666666,5.0,5.0,46,,,,,,,,,,,
phase9,phase9_research_question,random_state_123,RQ4,E4,E6,Graph-aware combined IF vs temporal + graph-full fusion,5.0,4.0,LEVT-M57-Jean-PROCESS-1204-20091123165512;LEVT-M57-Jean-PROCESS-1372-20091121013235;LEVT-M57-Jean-PROCESS-2892-20091123220335;LEVT-M57-Jean-PROCESS-3560-20091123221635,0.6666666666666666,0.7062801932367151,4.477737069473246e-12,4.0,LEVT-M57-Jean-PROCESS-1204-20091123165512;LEVT-M57-Jean-PROCESS-1372-20091121013235;LEVT-M57-Jean-PROCESS-2892-20091123220335;LEVT-M57-Jean-PROCESS-3560-20091123221635,0.6666666666666666,5.0,5.0,46,,,,,,,,,,,
phase9,phase9_research_question,random_state_123,RQ4,E4,E6,Graph-aware combined IF vs temporal + graph-full fusion,10.0,8.0,LEVT-M57-Jean-PROCESS-1204-20091123165512;LEVT-M57-Jean-PROCESS-1372-20091121013235;LEVT-M57-Jean-PROCESS-1572-20091121013258;LEVT-M57-Jean-PROCESS-1944-20091121013301;LEVT-M57-Jean-PROCESS-2080-20091123221633;LEVT-M57-Jean-PROCESS-2892-20091123220335;LEVT-M57-Jean-PROCESS-3560-20091123221635;LEVT-M57-Jean-PROCESS-3996-20091121013335,0.6666666666666666,0.7062801932367151,4.477737069473246e-12,4.0,LEVT-M57-Jean-PROCESS-1204-20091123165512;LEVT-M57-Jean-PROCESS-1372-20091121013235;LEVT-M57-Jean-PROCESS-2892-20091123220335;LEVT-M57-Jean-PROCESS-3560-20091123221635,0.6666666666666666,5.0,5.0,46,,,,,,,,,,,
phase9,model_parameter_sensitivity,n_estimators_250,,E1:baseline,E1,,5.0,5.0,LEVT-M57-Jean-PROCESS-1204-20091123165512;LEVT-M57-Jean-PROCESS-1572-20091121013258;LEVT-M57-Jean-PROCESS-2080-20091123221633;LEVT-M57-Jean-PROCESS-3992-20091123170451;LEVT-M57-Jean-PROCESS-3996-20091121013335,1.0,0.9381642512077295,3.7999618389146106e-20,5.0,LEVT-M57-Jean-PROCESS-1204-20091123165512;LEVT-M57-Jean-PROCESS-1572-20091121013258;LEVT-M57-Jean-PROCESS-2080-20091123221633;LEVT-M57-Jean-PROCESS-3992-20091123170451;LEVT-M57-Jean-PROCESS-3996-20091121013335,1.0,5.0,5.0,46,E1,True,,,,,,,,,
phase9,model_parameter_sensitivity,n_estimators_1000,,E1:baseline,E1,,5.0,5.0,LEVT-M57-Jean-PROCESS-1204-20091123165512;LEVT-M57-Jean-PROCESS-1572-20091121013258;LEVT-M57-Jean-PROCESS-2080-20091123221633;LEVT-M57-Jean-PROCESS-3992-20091123170451;LEVT-M57-Jean-PROCESS-3996-20091121013335,1.0,0.9555555555555557,7.677227488673857e-21,5.0,LEVT-M57-Jean-PROCESS-1204-20091123165512;LEVT-M57-Jean-PROCESS-1572-20091121013258;LEVT-M57-Jean-PROCESS-2080-20091123221633;LEVT-M57-Jean-PROCESS-3992-20091123170451;LEVT-M57-Jean-PROCESS-3996-20091121013335,1.0,5.0,5.0,46,E1,True,,,,,,,,,
phase9,model_parameter_sensitivity,random_state_0,,E1:baseline,E1,,5.0,5.0,LEVT-M57-Jean-PROCESS-1204-20091123165512;LEVT-M57-Jean-PROCESS-1572-20091121013258;LEVT-M57-Jean-PROCESS-2080-20091123221633;LEVT-M57-Jean-PROCESS-3992-20091123170451;LEVT-M57-Jean-PROCESS-3996-20091121013335,1.0,0.9111111111111112,4.31952101818562e-19,5.0,LEVT-M57-Jean-PROCESS-1204-20091123165512;LEVT-M57-Jean-PROCESS-1572-20091121013258;LEVT-M57-Jean-PROCESS-2080-20091123221633;LEVT-M57-Jean-PROCESS-3992-20091123170451;LEVT-M57-Jean-PROCESS-3996-20091121013335,1.0,5.0,5.0,46,E1,True,,,,,,,,,
phase9,model_parameter_sensitivity,random_state_123,,E1:baseline,E1,,5.0,5.0,LEVT-M57-Jean-PROCESS-1204-20091123165512;LEVT-M57-Jean-PROCESS-1572-20091121013258;LEVT-M57-Jean-PROCESS-2080-20091123221633;LEVT-M57-Jean-PROCESS-3992-20091123170451;LEVT-M57-Jean-PROCESS-3996-20091121013335,1.0,0.9285024154589373,9.125644921128575e-20,5.0,LEVT-M57-Jean-PROCESS-1204-20091123165512;LEVT-M57-Jean-PROCESS-1572-20091121013258;LEVT-M57-Jean-PROCESS-2080-20091123221633;LEVT-M57-Jean-PROCESS-3992-20091123170451;LEVT-M57-Jean-PROCESS-3996-20091121013335,1.0,5.0,5.0,46,E1,True,,,,,,,,,
phase9,model_parameter_sensitivity,n_estimators_250,,E2:baseline,E2,,5.0,5.0,LEVT-M57-Jean-PROCESS-1372-20091121013235;LEVT-M57-Jean-PROCESS-1944-20091121013301;LEVT-M57-Jean-PROCESS-3560-20091123221635;LEVT-M57-Jean-PROCESS-932-20091121013232;LEVT-M57-Jean-PROCESS-976-20091121013232,1.0,0.9877425944841676,1.8015953360444254e-20,5.0,LEVT-M57-Jean-PROCESS-1372-20091121013235;LEVT-M57-Jean-PROCESS-1944-20091121013301;LEVT-M57-Jean-PROCESS-3560-20091123221635;LEVT-M57-Jean-PROCESS-932-20091121013232;LEVT-M57-Jean-PROCESS-976-20091121013232,1.0,5.0,5.0,46,E2,True,,,,,,,,,
phase9,model_parameter_sensitivity,n_estimators_1000,,E2:baseline,E2,,5.0,5.0,LEVT-M57-Jean-PROCESS-1372-20091121013235;LEVT-M57-Jean-PROCESS-1944-20091121013301;LEVT-M57-Jean-PROCESS-3560-20091123221635;LEVT-M57-Jean-PROCESS-932-20091121013232;LEVT-M57-Jean-PROCESS-976-20091121013232,1.0,0.9959141981613893,8.747755953903367e-21,5.0,LEVT-M57-Jean-PROCESS-1372-20091121013235;LEVT-M57-Jean-PROCESS-1944-20091121013301;LEVT-M57-Jean-PROCESS-3560-20091123221635;LEVT-M57-Jean-PROCESS-932-20091121013232;LEVT-M57-Jean-PROCESS-976-20091121013232,1.0,5.0,5.0,46,E2,True,,,,,,,,,
phase9,model_parameter_sensitivity,random_state_0,,E2:baseline,E2,,5.0,5.0,LEVT-M57-Jean-PROCESS-1372-20091121013235;LEVT-M57-Jean-PROCESS-1944-20091121013301;LEVT-M57-Jean-PROCESS-3560-20091123221635;LEVT-M57-Jean-PROCESS-932-20091121013232;LEVT-M57-Jean-PROCESS-976-20091121013232,1.0,0.9877425944841676,1.8015953360444254e-20,5.0,LEVT-M57-Jean-PROCESS-1372-20091121013235;LEVT-M57-Jean-PROCESS-1944-20091121013301;LEVT-M57-Jean-PROCESS-3560-20091123221635;LEVT-M57-Jean-PROCESS-932-20091121013232;LEVT-M57-Jean-PROCESS-976-20091121013232,1.0,5.0,5.0,46,E2,True,,,,,,,,,
phase9,model_parameter_sensitivity,random_state_123,,E2:baseline,E2,,5.0,5.0,LEVT-M57-Jean-PROCESS-1372-20091121013235;LEVT-M57-Jean-PROCESS-1944-20091121013301;LEVT-M57-Jean-PROCESS-3560-20091123221635;LEVT-M57-Jean-PROCESS-932-20091121013232;LEVT-M57-Jean-PROCESS-976-20091121013232,1.0,0.9775280898876405,4.40861828742734e-20,5.0,LEVT-M57-Jean-PROCESS-1372-20091121013235;LEVT-M57-Jean-PROCESS-1944-20091121013301;LEVT-M57-Jean-PROCESS-3560-20091123221635;LEVT-M57-Jean-PROCESS-932-20091121013232;LEVT-M57-Jean-PROCESS-976-20091121013232,1.0,5.0,5.0,46,E2,True,,,,,,,,,
phase9,model_parameter_sensitivity,n_estimators_250,,E3:baseline,E3,,5.0,5.0,LEVT-M57-Jean-PROCESS-1372-20091121013235;LEVT-M57-Jean-PROCESS-1836-20091121013308;LEVT-M57-Jean-PROCESS-1944-20091121013301;LEVT-M57-Jean-PROCESS-2892-20091123220335;LEVT-M57-Jean-PROCESS-3560-20091123221635,1.0,0.971602434077079,4.4511256775457824e-20,5.0,LEVT-M57-Jean-PROCESS-1372-20091121013235;LEVT-M57-Jean-PROCESS-1836-20091121013308;LEVT-M57-Jean-PROCESS-1944-20091121013301;LEVT-M57-Jean-PROCESS-2892-20091123220335;LEVT-M57-Jean-PROCESS-3560-20091123221635,1.0,5.0,5.0,46,E3,True,,,,,,,,,
phase9,model_parameter_sensitivity,n_estimators_1000,,E3:baseline,E3,,5.0,5.0,LEVT-M57-Jean-PROCESS-1372-20091121013235;LEVT-M57-Jean-PROCESS-1836-20091121013308;LEVT-M57-Jean-PROCESS-1944-20091121013301;LEVT-M57-Jean-PROCESS-2892-20091123220335;LEVT-M57-Jean-PROCESS-3560-20091123221635,1.0,0.9959432048681541,5.1319869554389945e-21,5.0,LEVT-M57-Jean-PROCESS-1372-20091121013235;LEVT-M57-Jean-PROCESS-1836-20091121013308;LEVT-M57-Jean-PROCESS-1944-20091121013301;LEVT-M57-Jean-PROCESS-2892-20091123220335;LEVT-M57-Jean-PROCESS-3560-20091123221635,1.0,5.0,5.0,46,E3,True,,,,,,,,,
phase9,model_parameter_sensitivity,random_state_0,,E3:baseline,E3,,5.0,5.0,LEVT-M57-Jean-PROCESS-1372-20091121013235;LEVT-M57-Jean-PROCESS-1836-20091121013308;LEVT-M57-Jean-PROCESS-1944-20091121013301;LEVT-M57-Jean-PROCESS-2892-20091123220335;LEVT-M57-Jean-PROCESS-3560-20091123221635,1.0,0.969574036511156,5.316516460824438e-20,5.0,LEVT-M57-Jean-PROCESS-1372-20091121013235;LEVT-M57-Jean-PROCESS-1836-20091121013308;LEVT-M57-Jean-PROCESS-1944-20091121013301;LEVT-M57-Jean-PROCESS-2892-20091123220335;LEVT-M57-Jean-PROCESS-3560-20091123221635,1.0,5.0,5.0,46,E3,True,,,,,,,,,
phase9,model_parameter_sensitivity,random_state_123,,E3:baseline,E3,,5.0,5.0,LEVT-M57-Jean-PROCESS-1372-20091121013235;LEVT-M57-Jean-PROCESS-1836-20091121013308;LEVT-M57-Jean-PROCESS-1944-20091121013301;LEVT-M57-Jean-PROCESS-2892-20091123220335;LEVT-M57-Jean-PROCESS-3560-20091123221635,1.0,0.9350912778904664,1.0308411253963085e-18,5.0,LEVT-M57-Jean-PROCESS-1372-20091121013235;LEVT-M57-Jean-PROCESS-1836-20091121013308;LEVT-M57-Jean-PROCESS-1944-20091121013301;LEVT-M57-Jean-PROCESS-2892-20091123220335;LEVT-M57-Jean-PROCESS-3560-20091123221635,1.0,5.0,5.0,46,E3,True,,,,,,,,,
phase9,model_parameter_sensitivity,n_estimators_250,,E4:baseline,E4,,5.0,4.0,LEVT-M57-Jean-PROCESS-1204-20091123165512;LEVT-M57-Jean-PROCESS-2080-20091123221633;LEVT-M57-Jean-PROCESS-2892-20091123220335;LEVT-M57-Jean-PROCESS-3560-20091123221635,0.6666666666666666,0.940096618357488,3.185813680041373e-20,4.0,LEVT-M57-Jean-PROCESS-1204-20091123165512;LEVT-M57-Jean-PROCESS-2080-20091123221633;LEVT-M57-Jean-PROCESS-2892-20091123220335;LEVT-M57-Jean-PROCESS-3560-20091123221635,0.6666666666666666,5.0,5.0,46,E4,True,,,,,,,,,
phase9,model_parameter_sensitivity,n_estimators_1000,,E4:baseline,E4,,5.0,4.0,LEVT-M57-Jean-PROCESS-1204-20091123165512;LEVT-M57-Jean-PROCESS-2080-20091123221633;LEVT-M57-Jean-PROCESS-2892-20091123220335;LEVT-M57-Jean-PROCESS-3560-20091123221635,0.6666666666666666,0.9594202898550726,5.35993948746649e-21,4.0,LEVT-M57-Jean-PROCESS-1204-20091123165512;LEVT-M57-Jean-PROCESS-2080-20091123221633;LEVT-M57-Jean-PROCESS-2892-20091123220335;LEVT-M57-Jean-PROCESS-3560-20091123221635,0.6666666666666666,5.0,5.0,46,E4,True,,,,,,,,,
phase9,model_parameter_sensitivity,random_state_0,,E4:baseline,E4,,5.0,5.0,LEVT-M57-Jean-PROCESS-1204-20091123165512;LEVT-M57-Jean-PROCESS-1372-20091121013235;LEVT-M57-Jean-PROCESS-2080-20091123221633;LEVT-M57-Jean-PROCESS-2892-20091123220335;LEVT-M57-Jean-PROCESS-3560-20091123221635,1.0,0.9323671497584541,6.43475184753334e-20,5.0,LEVT-M57-Jean-PROCESS-1204-20091123165512;LEVT-M57-Jean-PROCESS-1372-20091121013235;LEVT-M57-Jean-PROCESS-2080-20091123221633;LEVT-M57-Jean-PROCESS-2892-20091123220335;LEVT-M57-Jean-PROCESS-3560-20091123221635,1.0,5.0,5.0,46,E4,True,,,,,,,,,
phase9,model_parameter_sensitivity,random_state_123,,E4:baseline,E4,,5.0,5.0,LEVT-M57-Jean-PROCESS-1204-20091123165512;LEVT-M57-Jean-PROCESS-1372-20091121013235;LEVT-M57-Jean-PROCESS-2080-20091123221633;LEVT-M57-Jean-PROCESS-2892-20091123220335;LEVT-M57-Jean-PROCESS-3560-20091123221635,1.0,0.8956521739130435,1.6792773346176676e-18,5.0,LEVT-M57-Jean-PROCESS-1204-20091123165512;LEVT-M57-Jean-PROCESS-1372-20091121013235;LEVT-M57-Jean-PROCESS-2080-20091123221633;LEVT-M57-Jean-PROCESS-2892-20091123220335;LEVT-M57-Jean-PROCESS-3560-20091123221635,1.0,5.0,5.0,46,E4,True,,,,,,,,,
legacy,model_parameter_sensitivity,n_estimators_250,,LegacyTemporal5:baseline,LegacyTemporal5,,5.0,5.0,LEVT-M57-Jean-PROCESS-1204-20091123165512;LEVT-M57-Jean-PROCESS-1248-20091121013234;LEVT-M57-Jean-PROCESS-2004-20091123235245;LEVT-M57-Jean-PROCESS-3992-20091123170451;LEVT-M57-Jean-PROCESS-3996-20091121013335,1.0,0.9610516066212267,8.57549798607359e-21,5.0,LEVT-M57-Jean-PROCESS-1204-20091123165512;LEVT-M57-Jean-PROCESS-1248-20091121013234;LEVT-M57-Jean-PROCESS-2004-20091123235245;LEVT-M57-Jean-PROCESS-3992-20091123170451;LEVT-M57-Jean-PROCESS-3996-20091121013335,1.0,5.0,5.0,46,LegacyTemporal5,True,,,,,,,,,
legacy,model_parameter_sensitivity,n_estimators_1000,,LegacyTemporal5:baseline,LegacyTemporal5,,5.0,5.0,LEVT-M57-Jean-PROCESS-1204-20091123165512;LEVT-M57-Jean-PROCESS-1248-20091121013234;LEVT-M57-Jean-PROCESS-2004-20091123235245;LEVT-M57-Jean-PROCESS-3992-20091123170451;LEVT-M57-Jean-PROCESS-3996-20091121013335,1.0,0.9863680623174292,8.098140097618871e-22,5.0,LEVT-M57-Jean-PROCESS-1204-20091123165512;LEVT-M57-Jean-PROCESS-1248-20091121013234;LEVT-M57-Jean-PROCESS-2004-20091123235245;LEVT-M57-Jean-PROCESS-3992-20091123170451;LEVT-M57-Jean-PROCESS-3996-20091121013335,1.0,5.0,5.0,46,LegacyTemporal5,True,,,,,,,,,
legacy,model_parameter_sensitivity,random_state_0,,LegacyTemporal5:baseline,LegacyTemporal5,,5.0,5.0,LEVT-M57-Jean-PROCESS-1204-20091123165512;LEVT-M57-Jean-PROCESS-1248-20091121013234;LEVT-M57-Jean-PROCESS-2004-20091123235245;LEVT-M57-Jean-PROCESS-3992-20091123170451;LEVT-M57-Jean-PROCESS-3996-20091121013335,1.0,0.9688412852969813,4.175337038070633e-21,5.0,LEVT-M57-Jean-PROCESS-1204-20091123165512;LEVT-M57-Jean-PROCESS-1248-20091121013234;LEVT-M57-Jean-PROCESS-2004-20091123235245;LEVT-M57-Jean-PROCESS-3992-20091123170451;LEVT-M57-Jean-PROCESS-3996-20091121013335,1.0,5.0,5.0,46,LegacyTemporal5,True,,,,,,,,,
legacy,model_parameter_sensitivity,random_state_123,,LegacyTemporal5:baseline,LegacyTemporal5,,5.0,5.0,LEVT-M57-Jean-PROCESS-1204-20091123165512;LEVT-M57-Jean-PROCESS-1248-20091121013234;LEVT-M57-Jean-PROCESS-2004-20091123235245;LEVT-M57-Jean-PROCESS-3992-20091123170451;LEVT-M57-Jean-PROCESS-3996-20091121013335,1.0,0.964946445959104,5.9880314262785844e-21,5.0,LEVT-M57-Jean-PROCESS-1204-20091123165512;LEVT-M57-Jean-PROCESS-1248-20091121013234;LEVT-M57-Jean-PROCESS-2004-20091123235245;LEVT-M57-Jean-PROCESS-3992-20091123170451;LEVT-M57-Jean-PROCESS-3996-20091121013335,1.0,5.0,5.0,46,LegacyTemporal5,True,,,,,,,,,
legacy,model_parameter_sensitivity,n_estimators_250,,LegacyGraphOnly9:baseline,LegacyGraphOnly9,,5.0,5.0,LEVT-M57-Jean-PROCESS-1372-20091121013235;LEVT-M57-Jean-PROCESS-1836-20091121013308;LEVT-M57-Jean-PROCESS-1944-20091121013301;LEVT-M57-Jean-PROCESS-2892-20091123220335;LEVT-M57-Jean-PROCESS-3560-20091123221635,1.0,0.971602434077079,4.4511256775457824e-20,5.0,LEVT-M57-Jean-PROCESS-1372-20091121013235;LEVT-M57-Jean-PROCESS-1836-20091121013308;LEVT-M57-Jean-PROCESS-1944-20091121013301;LEVT-M57-Jean-PROCESS-2892-20091123220335;LEVT-M57-Jean-PROCESS-3560-20091123221635,1.0,5.0,5.0,46,LegacyGraphOnly9,True,,,,,,,,,
legacy,model_parameter_sensitivity,n_estimators_1000,,LegacyGraphOnly9:baseline,LegacyGraphOnly9,,5.0,5.0,LEVT-M57-Jean-PROCESS-1372-20091121013235;LEVT-M57-Jean-PROCESS-1836-20091121013308;LEVT-M57-Jean-PROCESS-1944-20091121013301;LEVT-M57-Jean-PROCESS-2892-20091123220335;LEVT-M57-Jean-PROCESS-3560-20091123221635,1.0,0.9959432048681541,5.1319869554389945e-21,5.0,LEVT-M57-Jean-PROCESS-1372-20091121013235;LEVT-M57-Jean-PROCESS-1836-20091121013308;LEVT-M57-Jean-PROCESS-1944-20091121013301;LEVT-M57-Jean-PROCESS-2892-20091123220335;LEVT-M57-Jean-PROCESS-3560-20091123221635,1.0,5.0,5.0,46,LegacyGraphOnly9,True,,,,,,,,,
legacy,model_parameter_sensitivity,random_state_0,,LegacyGraphOnly9:baseline,LegacyGraphOnly9,,5.0,5.0,LEVT-M57-Jean-PROCESS-1372-20091121013235;LEVT-M57-Jean-PROCESS-1836-20091121013308;LEVT-M57-Jean-PROCESS-1944-20091121013301;LEVT-M57-Jean-PROCESS-2892-20091123220335;LEVT-M57-Jean-PROCESS-3560-20091123221635,1.0,0.969574036511156,5.316516460824438e-20,5.0,LEVT-M57-Jean-PROCESS-1372-20091121013235;LEVT-M57-Jean-PROCESS-1836-20091121013308;LEVT-M57-Jean-PROCESS-1944-20091121013301;LEVT-M57-Jean-PROCESS-2892-20091123220335;LEVT-M57-Jean-PROCESS-3560-20091123221635,1.0,5.0,5.0,46,LegacyGraphOnly9,True,,,,,,,,,
legacy,model_parameter_sensitivity,random_state_123,,LegacyGraphOnly9:baseline,LegacyGraphOnly9,,5.0,5.0,LEVT-M57-Jean-PROCESS-1372-20091121013235;LEVT-M57-Jean-PROCESS-1836-20091121013308;LEVT-M57-Jean-PROCESS-1944-20091121013301;LEVT-M57-Jean-PROCESS-2892-20091123220335;LEVT-M57-Jean-PROCESS-3560-20091123221635,1.0,0.9350912778904664,1.0308411253963085e-18,5.0,LEVT-M57-Jean-PROCESS-1372-20091121013235;LEVT-M57-Jean-PROCESS-1836-20091121013308;LEVT-M57-Jean-PROCESS-1944-20091121013301;LEVT-M57-Jean-PROCESS-2892-20091123220335;LEVT-M57-Jean-PROCESS-3560-20091123221635,1.0,5.0,5.0,46,LegacyGraphOnly9,True,,,,,,,,,
legacy,model_parameter_sensitivity,n_estimators_250,,LegacyGraphAware14:baseline,LegacyGraphAware14,,5.0,5.0,LEVT-M57-Jean-PROCESS-1372-20091121013235;LEVT-M57-Jean-PROCESS-1944-20091121013301;LEVT-M57-Jean-PROCESS-2892-20091123220335;LEVT-M57-Jean-PROCESS-3560-20091123221635;LEVT-M57-Jean-PROCESS-3992-20091123170451,1.0,0.9555555555555557,7.677227488673857e-21,5.0,LEVT-M57-Jean-PROCESS-1372-20091121013235;LEVT-M57-Jean-PROCESS-1944-20091121013301;LEVT-M57-Jean-PROCESS-2892-20091123220335;LEVT-M57-Jean-PROCESS-3560-20091123221635;LEVT-M57-Jean-PROCESS-3992-20091123170451,1.0,5.0,5.0,46,LegacyGraphAware14,True,,,,,,,,,
legacy,model_parameter_sensitivity,n_estimators_1000,,LegacyGraphAware14:baseline,LegacyGraphAware14,,5.0,5.0,LEVT-M57-Jean-PROCESS-1372-20091121013235;LEVT-M57-Jean-PROCESS-1944-20091121013301;LEVT-M57-Jean-PROCESS-2892-20091123220335;LEVT-M57-Jean-PROCESS-3560-20091123221635;LEVT-M57-Jean-PROCESS-3992-20091123170451,1.0,0.9787439613526571,8.703452635347205e-22,5.0,LEVT-M57-Jean-PROCESS-1372-20091121013235;LEVT-M57-Jean-PROCESS-1944-20091121013301;LEVT-M57-Jean-PROCESS-2892-20091123220335;LEVT-M57-Jean-PROCESS-3560-20091123221635;LEVT-M57-Jean-PROCESS-3992-20091123170451,1.0,5.0,5.0,46,LegacyGraphAware14,True,,,,,,,,,
legacy,model_parameter_sensitivity,random_state_0,,LegacyGraphAware14:baseline,LegacyGraphAware14,,5.0,5.0,LEVT-M57-Jean-PROCESS-1372-20091121013235;LEVT-M57-Jean-PROCESS-1944-20091121013301;LEVT-M57-Jean-PROCESS-2892-20091123220335;LEVT-M57-Jean-PROCESS-3560-20091123221635;LEVT-M57-Jean-PROCESS-3992-20091123170451,1.0,0.9574879227053141,6.415923607614246e-21,5.0,LEVT-M57-Jean-PROCESS-1372-20091121013235;LEVT-M57-Jean-PROCESS-1944-20091121013301;LEVT-M57-Jean-PROCESS-2892-20091123220335;LEVT-M57-Jean-PROCESS-3560-20091123221635;LEVT-M57-Jean-PROCESS-3992-20091123170451,1.0,5.0,5.0,46,LegacyGraphAware14,True,,,,,,,,,
legacy,model_parameter_sensitivity,random_state_123,,LegacyGraphAware14:baseline,LegacyGraphAware14,,5.0,5.0,LEVT-M57-Jean-PROCESS-1372-20091121013235;LEVT-M57-Jean-PROCESS-1944-20091121013301;LEVT-M57-Jean-PROCESS-2892-20091123220335;LEVT-M57-Jean-PROCESS-3560-20091123221635;LEVT-M57-Jean-PROCESS-3992-20091123170451,1.0,0.9574879227053141,6.415923607614246e-21,5.0,LEVT-M57-Jean-PROCESS-1372-20091121013235;LEVT-M57-Jean-PROCESS-1944-20091121013301;LEVT-M57-Jean-PROCESS-2892-20091123220335;LEVT-M57-Jean-PROCESS-3560-20091123221635;LEVT-M57-Jean-PROCESS-3992-20091123170451,1.0,5.0,5.0,46,LegacyGraphAware14,True,,,,,,,,,
phase9,alpha_local_sensitivity,baseline,,E5:alpha=.50,E5:alpha=0.25,,5.0,4.0,LEVT-M57-Jean-PROCESS-1372-20091121013235;LEVT-M57-Jean-PROCESS-1944-20091121013301;LEVT-M57-Jean-PROCESS-3560-20091123221635;LEVT-M57-Jean-PROCESS-976-20091121013232,0.6666666666666666,0.7507246376811595,1.884362086348331e-13,4.0,LEVT-M57-Jean-PROCESS-1372-20091121013235;LEVT-M57-Jean-PROCESS-1944-20091121013301;LEVT-M57-Jean-PROCESS-3560-20091123221635;LEVT-M57-Jean-PROCESS-976-20091121013232,0.6666666666666666,5.0,5.0,46,,False,E5,0.25,,,,,,,
phase9,alpha_local_sensitivity,baseline,,E5:alpha=.50,E5:alpha=0.75,,5.0,2.0,LEVT-M57-Jean-PROCESS-2080-20091123221633;LEVT-M57-Jean-PROCESS-3560-20091123221635,0.25,0.7661835748792271,5.992555821862444e-14,2.0,LEVT-M57-Jean-PROCESS-2080-20091123221633;LEVT-M57-Jean-PROCESS-3560-20091123221635,0.25,5.0,5.0,46,,False,E5,0.75,,,,,,,
phase9,alpha_local_sensitivity,n_estimators_250,,E5:alpha=.50,E5:alpha=0.25,,5.0,4.0,LEVT-M57-Jean-PROCESS-1372-20091121013235;LEVT-M57-Jean-PROCESS-1944-20091121013301;LEVT-M57-Jean-PROCESS-3560-20091123221635;LEVT-M57-Jean-PROCESS-976-20091121013232,0.6666666666666666,0.7333333333333334,6.655742075887841e-13,4.0,LEVT-M57-Jean-PROCESS-1372-20091121013235;LEVT-M57-Jean-PROCESS-1944-20091121013301;LEVT-M57-Jean-PROCESS-3560-20091123221635;LEVT-M57-Jean-PROCESS-976-20091121013232,0.6666666666666666,5.0,5.0,46,,False,E5,0.25,,,,,,,
phase9,alpha_local_sensitivity,n_estimators_250,,E5:alpha=.50,E5:alpha=0.75,,5.0,2.0,LEVT-M57-Jean-PROCESS-2080-20091123221633;LEVT-M57-Jean-PROCESS-3560-20091123221635,0.25,0.7835748792270532,1.6074733190671513e-14,2.0,LEVT-M57-Jean-PROCESS-2080-20091123221633;LEVT-M57-Jean-PROCESS-3560-20091123221635,0.25,5.0,5.0,46,,False,E5,0.75,,,,,,,
phase9,alpha_local_sensitivity,n_estimators_1000,,E5:alpha=.50,E5:alpha=0.25,,5.0,4.0,LEVT-M57-Jean-PROCESS-1372-20091121013235;LEVT-M57-Jean-PROCESS-1944-20091121013301;LEVT-M57-Jean-PROCESS-3560-20091123221635;LEVT-M57-Jean-PROCESS-976-20091121013232,0.6666666666666666,0.7352657004830918,5.793169937440988e-13,4.0,LEVT-M57-Jean-PROCESS-1372-20091121013235;LEVT-M57-Jean-PROCESS-1944-20091121013301;LEVT-M57-Jean-PROCESS-3560-20091123221635;LEVT-M57-Jean-PROCESS-976-20091121013232,0.6666666666666666,5.0,5.0,46,,False,E5,0.25,,,,,,,
phase9,alpha_local_sensitivity,n_estimators_1000,,E5:alpha=.50,E5:alpha=0.75,,5.0,2.0,LEVT-M57-Jean-PROCESS-2080-20091123221633;LEVT-M57-Jean-PROCESS-3560-20091123221635,0.25,0.7565217391304349,1.229507177056913e-13,2.0,LEVT-M57-Jean-PROCESS-2080-20091123221633;LEVT-M57-Jean-PROCESS-3560-20091123221635,0.25,5.0,5.0,46,,False,E5,0.75,,,,,,,
phase9,alpha_local_sensitivity,contamination_005,,E5:alpha=.50,E5:alpha=0.25,,5.0,4.0,LEVT-M57-Jean-PROCESS-1372-20091121013235;LEVT-M57-Jean-PROCESS-1944-20091121013301;LEVT-M57-Jean-PROCESS-3560-20091123221635;LEVT-M57-Jean-PROCESS-976-20091121013232,0.6666666666666666,0.7507246376811595,1.884362086348331e-13,2.0,LEVT-M57-Jean-PROCESS-3560-20091123221635;LEVT-M57-Jean-PROCESS-976-20091121013232,0.5,3.0,3.0,46,,False,E5,0.25,,,,,,,
phase9,alpha_local_sensitivity,contamination_005,,E5:alpha=.50,E5:alpha=0.75,,5.0,2.0,LEVT-M57-Jean-PROCESS-2080-20091123221633;LEVT-M57-Jean-PROCESS-3560-20091123221635,0.25,0.7661835748792271,5.992555821862444e-14,0.0,,0.0,3.0,3.0,46,,False,E5,0.75,,,,,,,
phase9,alpha_local_sensitivity,contamination_015,,E5:alpha=.50,E5:alpha=0.25,,5.0,4.0,LEVT-M57-Jean-PROCESS-1372-20091121013235;LEVT-M57-Jean-PROCESS-1944-20091121013301;LEVT-M57-Jean-PROCESS-3560-20091123221635;LEVT-M57-Jean-PROCESS-976-20091121013232,0.6666666666666666,0.7507246376811595,1.884362086348331e-13,5.0,LEVT-M57-Jean-PROCESS-1372-20091121013235;LEVT-M57-Jean-PROCESS-1944-20091121013301;LEVT-M57-Jean-PROCESS-3560-20091123221635;LEVT-M57-Jean-PROCESS-932-20091121013232;LEVT-M57-Jean-PROCESS-976-20091121013232,0.5555555555555556,7.0,7.0,46,,False,E5,0.25,,,,,,,
phase9,alpha_local_sensitivity,contamination_015,,E5:alpha=.50,E5:alpha=0.75,,5.0,2.0,LEVT-M57-Jean-PROCESS-2080-20091123221633;LEVT-M57-Jean-PROCESS-3560-20091123221635,0.25,0.7661835748792271,5.992555821862444e-14,3.0,LEVT-M57-Jean-PROCESS-2080-20091123221633;LEVT-M57-Jean-PROCESS-3560-20091123221635;LEVT-M57-Jean-PROCESS-3996-20091121013335,0.2727272727272727,7.0,7.0,46,,False,E5,0.75,,,,,,,
phase9,alpha_local_sensitivity,random_state_0,,E5:alpha=.50,E5:alpha=0.25,,5.0,4.0,LEVT-M57-Jean-PROCESS-1372-20091121013235;LEVT-M57-Jean-PROCESS-1944-20091121013301;LEVT-M57-Jean-PROCESS-3560-20091123221635;LEVT-M57-Jean-PROCESS-976-20091121013232,0.6666666666666666,0.7236714975845411,1.325264442079218e-12,4.0,LEVT-M57-Jean-PROCESS-1372-20091121013235;LEVT-M57-Jean-PROCESS-1944-20091121013301;LEVT-M57-Jean-PROCESS-3560-20091123221635;LEVT-M57-Jean-PROCESS-976-20091121013232,0.6666666666666666,5.0,5.0,46,,False,E5,0.25,,,,,,,
phase9,alpha_local_sensitivity,random_state_0,,E5:alpha=.50,E5:alpha=0.75,,5.0,2.0,LEVT-M57-Jean-PROCESS-2080-20091123221633;LEVT-M57-Jean-PROCESS-3560-20091123221635,0.25,0.7816425120772947,1.863173978172736e-14,2.0,LEVT-M57-Jean-PROCESS-2080-20091123221633;LEVT-M57-Jean-PROCESS-3560-20091123221635,0.25,5.0,5.0,46,,False,E5,0.75,,,,,,,
phase9,alpha_local_sensitivity,random_state_123,,E5:alpha=.50,E5:alpha=0.25,,5.0,4.0,LEVT-M57-Jean-PROCESS-1372-20091121013235;LEVT-M57-Jean-PROCESS-1944-20091121013301;LEVT-M57-Jean-PROCESS-3560-20091123221635;LEVT-M57-Jean-PROCESS-976-20091121013232,0.6666666666666666,0.7217391304347827,1.5193745476506904e-12,4.0,LEVT-M57-Jean-PROCESS-1372-20091121013235;LEVT-M57-Jean-PROCESS-1944-20091121013301;LEVT-M57-Jean-PROCESS-3560-20091123221635;LEVT-M57-Jean-PROCESS-976-20091121013232,0.6666666666666666,5.0,5.0,46,,False,E5,0.25,,,,,,,
phase9,alpha_local_sensitivity,random_state_123,,E5:alpha=.50,E5:alpha=0.75,,5.0,2.0,LEVT-M57-Jean-PROCESS-2080-20091123221633;LEVT-M57-Jean-PROCESS-3560-20091123221635,0.25,0.7681159420289856,5.184760049164851e-14,2.0,LEVT-M57-Jean-PROCESS-2080-20091123221633;LEVT-M57-Jean-PROCESS-3560-20091123221635,0.25,5.0,5.0,46,,False,E5,0.75,,,,,,,
phase9,alpha_local_sensitivity,baseline,,E6:alpha=.50,E6:alpha=0.25,,5.0,4.0,LEVT-M57-Jean-PROCESS-1372-20091121013235;LEVT-M57-Jean-PROCESS-1572-20091121013258;LEVT-M57-Jean-PROCESS-2892-20091123220335;LEVT-M57-Jean-PROCESS-3560-20091123221635,0.6666666666666666,0.731400966183575,7.644052846363647e-13,4.0,LEVT-M57-Jean-PROCESS-1372-20091121013235;LEVT-M57-Jean-PROCESS-1572-20091121013258;LEVT-M57-Jean-PROCESS-2892-20091123220335;LEVT-M57-Jean-PROCESS-3560-20091123221635,0.6666666666666666,5.0,5.0,46,,False,E6,0.25,,,,,,,
phase9,alpha_local_sensitivity,baseline,,E6:alpha=.50,E6:alpha=0.75,,5.0,3.0,LEVT-M57-Jean-PROCESS-1204-20091123165512;LEVT-M57-Jean-PROCESS-1572-20091121013258;LEVT-M57-Jean-PROCESS-3560-20091123221635,0.42857142857142855,0.770048309178744,4.484272529797103e-14,3.0,LEVT-M57-Jean-PROCESS-1204-20091123165512;LEVT-M57-Jean-PROCESS-1572-20091121013258;LEVT-M57-Jean-PROCESS-3560-20091123221635,0.42857142857142855,5.0,5.0,46,,False,E6,0.75,,,,,,,
phase9,alpha_local_sensitivity,n_estimators_250,,E6:alpha=.50,E6:alpha=0.25,,5.0,4.0,LEVT-M57-Jean-PROCESS-1372-20091121013235;LEVT-M57-Jean-PROCESS-1572-20091121013258;LEVT-M57-Jean-PROCESS-2892-20091123220335;LEVT-M57-Jean-PROCESS-3560-20091123221635,0.6666666666666666,0.7352657004830918,5.793169937440988e-13,4.0,LEVT-M57-Jean-PROCESS-1372-20091121013235;LEVT-M57-Jean-PROCESS-1572-20091121013258;LEVT-M57-Jean-PROCESS-2892-20091123220335;LEVT-M57-Jean-PROCESS-3560-20091123221635,0.6666666666666666,5.0,5.0,46,,False,E6,0.25,,,,,,,
phase9,alpha_local_sensitivity,n_estimators_250,,E6:alpha=.50,E6:alpha=0.75,,5.0,3.0,LEVT-M57-Jean-PROCESS-1204-20091123165512;LEVT-M57-Jean-PROCESS-1572-20091121013258;LEVT-M57-Jean-PROCESS-3560-20091123221635,0.42857142857142855,0.7410628019323672,3.812039424065878e-13,3.0,LEVT-M57-Jean-PROCESS-1204-20091123165512;LEVT-M57-Jean-PROCESS-1572-20091121013258;LEVT-M57-Jean-PROCESS-3560-20091123221635,0.42857142857142855,5.0,5.0,46,,False,E6,0.75,,,,,,,
phase9,alpha_local_sensitivity,n_estimators_1000,,E6:alpha=.50,E6:alpha=0.25,,5.0,4.0,LEVT-M57-Jean-PROCESS-1372-20091121013235;LEVT-M57-Jean-PROCESS-1572-20091121013258;LEVT-M57-Jean-PROCESS-2892-20091123220335;LEVT-M57-Jean-PROCESS-3560-20091123221635,0.6666666666666666,0.7429951690821257,3.313332089997252e-13,4.0,LEVT-M57-Jean-PROCESS-1372-20091121013235;LEVT-M57-Jean-PROCESS-1572-20091121013258;LEVT-M57-Jean-PROCESS-2892-20091123220335;LEVT-M57-Jean-PROCESS-3560-20091123221635,0.6666666666666666,5.0,5.0,46,,False,E6,0.25,,,,,,,
phase9,alpha_local_sensitivity,n_estimators_1000,,E6:alpha=.50,E6:alpha=0.75,,5.0,3.0,LEVT-M57-Jean-PROCESS-1204-20091123165512;LEVT-M57-Jean-PROCESS-1572-20091121013258;LEVT-M57-Jean-PROCESS-3560-20091123221635,0.42857142857142855,0.7623188405797102,7.996855998716201e-14,3.0,LEVT-M57-Jean-PROCESS-1204-20091123165512;LEVT-M57-Jean-PROCESS-1572-20091121013258;LEVT-M57-Jean-PROCESS-3560-20091123221635,0.42857142857142855,5.0,5.0,46,,False,E6,0.75,,,,,,,
phase9,alpha_local_sensitivity,contamination_005,,E6:alpha=.50,E6:alpha=0.25,,5.0,4.0,LEVT-M57-Jean-PROCESS-1372-20091121013235;LEVT-M57-Jean-PROCESS-1572-20091121013258;LEVT-M57-Jean-PROCESS-2892-20091123220335;LEVT-M57-Jean-PROCESS-3560-20091123221635,0.6666666666666666,0.731400966183575,7.644052846363647e-13,2.0,LEVT-M57-Jean-PROCESS-1572-20091121013258;LEVT-M57-Jean-PROCESS-3560-20091123221635,0.5,3.0,3.0,46,,False,E6,0.25,,,,,,,
phase9,alpha_local_sensitivity,contamination_005,,E6:alpha=.50,E6:alpha=0.75,,5.0,3.0,LEVT-M57-Jean-PROCESS-1204-20091123165512;LEVT-M57-Jean-PROCESS-1572-20091121013258;LEVT-M57-Jean-PROCESS-3560-20091123221635,0.42857142857142855,0.770048309178744,4.484272529797103e-14,1.0,LEVT-M57-Jean-PROCESS-1572-20091121013258,0.2,3.0,3.0,46,,False,E6,0.75,,,,,,,
phase9,alpha_local_sensitivity,contamination_015,,E6:alpha=.50,E6:alpha=0.25,,5.0,4.0,LEVT-M57-Jean-PROCESS-1372-20091121013235;LEVT-M57-Jean-PROCESS-1572-20091121013258;LEVT-M57-Jean-PROCESS-2892-20091123220335;LEVT-M57-Jean-PROCESS-3560-20091123221635,0.6666666666666666,0.731400966183575,7.644052846363647e-13,4.0,LEVT-M57-Jean-PROCESS-1372-20091121013235;LEVT-M57-Jean-PROCESS-1572-20091121013258;LEVT-M57-Jean-PROCESS-2892-20091123220335;LEVT-M57-Jean-PROCESS-3560-20091123221635,0.4,7.0,7.0,46,,False,E6,0.25,,,,,,,
phase9,alpha_local_sensitivity,contamination_015,,E6:alpha=.50,E6:alpha=0.75,,5.0,3.0,LEVT-M57-Jean-PROCESS-1204-20091123165512;LEVT-M57-Jean-PROCESS-1572-20091121013258;LEVT-M57-Jean-PROCESS-3560-20091123221635,0.42857142857142855,0.770048309178744,4.484272529797103e-14,5.0,LEVT-M57-Jean-PROCESS-1204-20091123165512;LEVT-M57-Jean-PROCESS-1572-20091121013258;LEVT-M57-Jean-PROCESS-2080-20091123221633;LEVT-M57-Jean-PROCESS-3560-20091123221635;LEVT-M57-Jean-PROCESS-3996-20091121013335,0.5555555555555556,7.0,7.0,46,,False,E6,0.75,,,,,,,
phase9,alpha_local_sensitivity,random_state_0,,E6:alpha=.50,E6:alpha=0.25,,5.0,4.0,LEVT-M57-Jean-PROCESS-1372-20091121013235;LEVT-M57-Jean-PROCESS-1572-20091121013258;LEVT-M57-Jean-PROCESS-2892-20091123220335;LEVT-M57-Jean-PROCESS-3560-20091123221635,0.6666666666666666,0.7236714975845411,1.325264442079218e-12,4.0,LEVT-M57-Jean-PROCESS-1372-20091121013235;LEVT-M57-Jean-PROCESS-1572-20091121013258;LEVT-M57-Jean-PROCESS-2892-20091123220335;LEVT-M57-Jean-PROCESS-3560-20091123221635,0.6666666666666666,5.0,5.0,46,,False,E6,0.25,,,,,,,
phase9,alpha_local_sensitivity,random_state_0,,E6:alpha=.50,E6:alpha=0.75,,5.0,3.0,LEVT-M57-Jean-PROCESS-1204-20091123165512;LEVT-M57-Jean-PROCESS-1572-20091121013258;LEVT-M57-Jean-PROCESS-3560-20091123221635,0.42857142857142855,0.7468599033816427,2.5004655490755863e-13,3.0,LEVT-M57-Jean-PROCESS-1204-20091123165512;LEVT-M57-Jean-PROCESS-1572-20091121013258;LEVT-M57-Jean-PROCESS-3560-20091123221635,0.42857142857142855,5.0,5.0,46,,False,E6,0.75,,,,,,,
phase9,alpha_local_sensitivity,random_state_123,,E6:alpha=.50,E6:alpha=0.25,,5.0,4.0,LEVT-M57-Jean-PROCESS-1372-20091121013235;LEVT-M57-Jean-PROCESS-1572-20091121013258;LEVT-M57-Jean-PROCESS-2892-20091123220335;LEVT-M57-Jean-PROCESS-3560-20091123221635,0.6666666666666666,0.7410628019323672,3.812039424065878e-13,4.0,LEVT-M57-Jean-PROCESS-1372-20091121013235;LEVT-M57-Jean-PROCESS-1572-20091121013258;LEVT-M57-Jean-PROCESS-2892-20091123220335;LEVT-M57-Jean-PROCESS-3560-20091123221635,0.6666666666666666,5.0,5.0,46,,False,E6,0.25,,,,,,,
phase9,alpha_local_sensitivity,random_state_123,,E6:alpha=.50,E6:alpha=0.75,,5.0,3.0,LEVT-M57-Jean-PROCESS-1204-20091123165512;LEVT-M57-Jean-PROCESS-1572-20091121013258;LEVT-M57-Jean-PROCESS-3560-20091123221635,0.42857142857142855,0.7623188405797102,7.996855998716201e-14,3.0,LEVT-M57-Jean-PROCESS-1204-20091123165512;LEVT-M57-Jean-PROCESS-1572-20091121013258;LEVT-M57-Jean-PROCESS-3560-20091123221635,0.42857142857142855,5.0,5.0,46,,False,E6,0.75,,,,,,,
phase9,alpha_vs_050,baseline,,E5:alpha=.50,E5:alpha=0.25,,3.0,2.0,LEVT-M57-Jean-PROCESS-3560-20091123221635;LEVT-M57-Jean-PROCESS-976-20091121013232,0.5,0.7507246376811595,1.884362086348331e-13,4.0,LEVT-M57-Jean-PROCESS-1372-20091121013235;LEVT-M57-Jean-PROCESS-1944-20091121013301;LEVT-M57-Jean-PROCESS-3560-20091123221635;LEVT-M57-Jean-PROCESS-976-20091121013232,0.6666666666666666,5.0,5.0,46,,,E5,0.25,,,,,,,
phase9,alpha_vs_050,baseline,,E5:alpha=.50,E5:alpha=0.25,,5.0,4.0,LEVT-M57-Jean-PROCESS-1372-20091121013235;LEVT-M57-Jean-PROCESS-1944-20091121013301;LEVT-M57-Jean-PROCESS-3560-20091123221635;LEVT-M57-Jean-PROCESS-976-20091121013232,0.6666666666666666,0.7507246376811595,1.884362086348331e-13,4.0,LEVT-M57-Jean-PROCESS-1372-20091121013235;LEVT-M57-Jean-PROCESS-1944-20091121013301;LEVT-M57-Jean-PROCESS-3560-20091123221635;LEVT-M57-Jean-PROCESS-976-20091121013232,0.6666666666666666,5.0,5.0,46,,,E5,0.25,,,,,,,
phase9,alpha_vs_050,baseline,,E5:alpha=.50,E5:alpha=0.25,,10.0,7.0,LEVT-M57-Jean-PROCESS-1372-20091121013235;LEVT-M57-Jean-PROCESS-1944-20091121013301;LEVT-M57-Jean-PROCESS-2080-20091123221633;LEVT-M57-Jean-PROCESS-2892-20091123220335;LEVT-M57-Jean-PROCESS-3560-20091123221635;LEVT-M57-Jean-PROCESS-932-20091121013232;LEVT-M57-Jean-PROCESS-976-20091121013232,0.5384615384615384,0.7507246376811595,1.884362086348331e-13,4.0,LEVT-M57-Jean-PROCESS-1372-20091121013235;LEVT-M57-Jean-PROCESS-1944-20091121013301;LEVT-M57-Jean-PROCESS-3560-20091123221635;LEVT-M57-Jean-PROCESS-976-20091121013232,0.6666666666666666,5.0,5.0,46,,,E5,0.25,,,,,,,
phase9,alpha_vs_050,baseline,,E5:alpha=.50,E5:alpha=0.75,,3.0,0.0,,0.0,0.7661835748792271,5.992555821862444e-14,2.0,LEVT-M57-Jean-PROCESS-2080-20091123221633;LEVT-M57-Jean-PROCESS-3560-20091123221635,0.25,5.0,5.0,46,,,E5,0.75,,,,,,,
phase9,alpha_vs_050,baseline,,E5:alpha=.50,E5:alpha=0.75,,5.0,2.0,LEVT-M57-Jean-PROCESS-2080-20091123221633;LEVT-M57-Jean-PROCESS-3560-20091123221635,0.25,0.7661835748792271,5.992555821862444e-14,2.0,LEVT-M57-Jean-PROCESS-2080-20091123221633;LEVT-M57-Jean-PROCESS-3560-20091123221635,0.25,5.0,5.0,46,,,E5,0.75,,,,,,,
phase9,alpha_vs_050,baseline,,E5:alpha=.50,E5:alpha=0.75,,10.0,8.0,LEVT-M57-Jean-PROCESS-1204-20091123165512;LEVT-M57-Jean-PROCESS-1372-20091121013235;LEVT-M57-Jean-PROCESS-1572-20091121013258;LEVT-M57-Jean-PROCESS-2080-20091123221633;LEVT-M57-Jean-PROCESS-2892-20091123220335;LEVT-M57-Jean-PROCESS-3560-20091123221635;LEVT-M57-Jean-PROCESS-3996-20091121013335;LEVT-M57-Jean-PROCESS-932-20091121013232,0.6666666666666666,0.7661835748792271,5.992555821862444e-14,2.0,LEVT-M57-Jean-PROCESS-2080-20091123221633;LEVT-M57-Jean-PROCESS-3560-20091123221635,0.25,5.0,5.0,46,,,E5,0.75,,,,,,,
phase9,alpha_vs_050,baseline,,E6:alpha=.50,E6:alpha=0.25,,3.0,2.0,LEVT-M57-Jean-PROCESS-1572-20091121013258;LEVT-M57-Jean-PROCESS-3560-20091123221635,0.5,0.731400966183575,7.644052846363647e-13,4.0,LEVT-M57-Jean-PROCESS-1372-20091121013235;LEVT-M57-Jean-PROCESS-1572-20091121013258;LEVT-M57-Jean-PROCESS-2892-20091123220335;LEVT-M57-Jean-PROCESS-3560-20091123221635,0.6666666666666666,5.0,5.0,46,,,E6,0.25,,,,,,,
phase9,alpha_vs_050,baseline,,E6:alpha=.50,E6:alpha=0.25,,5.0,4.0,LEVT-M57-Jean-PROCESS-1372-20091121013235;LEVT-M57-Jean-PROCESS-1572-20091121013258;LEVT-M57-Jean-PROCESS-2892-20091123220335;LEVT-M57-Jean-PROCESS-3560-20091123221635,0.6666666666666666,0.731400966183575,7.644052846363647e-13,4.0,LEVT-M57-Jean-PROCESS-1372-20091121013235;LEVT-M57-Jean-PROCESS-1572-20091121013258;LEVT-M57-Jean-PROCESS-2892-20091123220335;LEVT-M57-Jean-PROCESS-3560-20091123221635,0.6666666666666666,5.0,5.0,46,,,E6,0.25,,,,,,,
phase9,alpha_vs_050,baseline,,E6:alpha=.50,E6:alpha=0.25,,10.0,7.0,LEVT-M57-Jean-PROCESS-1372-20091121013235;LEVT-M57-Jean-PROCESS-1572-20091121013258;LEVT-M57-Jean-PROCESS-1944-20091121013301;LEVT-M57-Jean-PROCESS-2892-20091123220335;LEVT-M57-Jean-PROCESS-3560-20091123221635;LEVT-M57-Jean-PROCESS-3996-20091121013335;LEVT-M57-Jean-PROCESS-976-20091121013232,0.5384615384615384,0.731400966183575,7.644052846363647e-13,4.0,LEVT-M57-Jean-PROCESS-1372-20091121013235;LEVT-M57-Jean-PROCESS-1572-20091121013258;LEVT-M57-Jean-PROCESS-2892-20091123220335;LEVT-M57-Jean-PROCESS-3560-20091123221635,0.6666666666666666,5.0,5.0,46,,,E6,0.25,,,,,,,
phase9,alpha_vs_050,baseline,,E6:alpha=.50,E6:alpha=0.75,,3.0,1.0,LEVT-M57-Jean-PROCESS-1572-20091121013258,0.2,0.770048309178744,4.484272529797103e-14,3.0,LEVT-M57-Jean-PROCESS-1204-20091123165512;LEVT-M57-Jean-PROCESS-1572-20091121013258;LEVT-M57-Jean-PROCESS-3560-20091123221635,0.42857142857142855,5.0,5.0,46,,,E6,0.75,,,,,,,
phase9,alpha_vs_050,baseline,,E6:alpha=.50,E6:alpha=0.75,,5.0,3.0,LEVT-M57-Jean-PROCESS-1204-20091123165512;LEVT-M57-Jean-PROCESS-1572-20091121013258;LEVT-M57-Jean-PROCESS-3560-20091123221635,0.42857142857142855,0.770048309178744,4.484272529797103e-14,3.0,LEVT-M57-Jean-PROCESS-1204-20091123165512;LEVT-M57-Jean-PROCESS-1572-20091121013258;LEVT-M57-Jean-PROCESS-3560-20091123221635,0.42857142857142855,5.0,5.0,46,,,E6,0.75,,,,,,,
phase9,alpha_vs_050,baseline,,E6:alpha=.50,E6:alpha=0.75,,10.0,8.0,LEVT-M57-Jean-PROCESS-1204-20091123165512;LEVT-M57-Jean-PROCESS-1372-20091121013235;LEVT-M57-Jean-PROCESS-1572-20091121013258;LEVT-M57-Jean-PROCESS-2080-20091123221633;LEVT-M57-Jean-PROCESS-2892-20091123220335;LEVT-M57-Jean-PROCESS-3560-20091123221635;LEVT-M57-Jean-PROCESS-3992-20091123170451;LEVT-M57-Jean-PROCESS-3996-20091121013335,0.6666666666666666,0.770048309178744,4.484272529797103e-14,3.0,LEVT-M57-Jean-PROCESS-1204-20091123165512;LEVT-M57-Jean-PROCESS-1572-20091121013258;LEVT-M57-Jean-PROCESS-3560-20091123221635,0.42857142857142855,5.0,5.0,46,,,E6,0.75,,,,,,,
phase9,alpha_vs_050,n_estimators_250,,E5:alpha=.50,E5:alpha=0.25,,3.0,1.0,LEVT-M57-Jean-PROCESS-3560-20091123221635,0.2,0.7333333333333334,6.655742075887841e-13,4.0,LEVT-M57-Jean-PROCESS-1372-20091121013235;LEVT-M57-Jean-PROCESS-1944-20091121013301;LEVT-M57-Jean-PROCESS-3560-20091123221635;LEVT-M57-Jean-PROCESS-976-20091121013232,0.6666666666666666,5.0,5.0,46,,,E5,0.25,,,,,,,
phase9,alpha_vs_050,n_estimators_250,,E5:alpha=.50,E5:alpha=0.25,,5.0,4.0,LEVT-M57-Jean-PROCESS-1372-20091121013235;LEVT-M57-Jean-PROCESS-1944-20091121013301;LEVT-M57-Jean-PROCESS-3560-20091123221635;LEVT-M57-Jean-PROCESS-976-20091121013232,0.6666666666666666,0.7333333333333334,6.655742075887841e-13,4.0,LEVT-M57-Jean-PROCESS-1372-20091121013235;LEVT-M57-Jean-PROCESS-1944-20091121013301;LEVT-M57-Jean-PROCESS-3560-20091123221635;LEVT-M57-Jean-PROCESS-976-20091121013232,0.6666666666666666,5.0,5.0,46,,,E5,0.25,,,,,,,
phase9,alpha_vs_050,n_estimators_250,,E5:alpha=.50,E5:alpha=0.25,,10.0,7.0,LEVT-M57-Jean-PROCESS-1372-20091121013235;LEVT-M57-Jean-PROCESS-1944-20091121013301;LEVT-M57-Jean-PROCESS-2080-20091123221633;LEVT-M57-Jean-PROCESS-2892-20091123220335;LEVT-M57-Jean-PROCESS-3560-20091123221635;LEVT-M57-Jean-PROCESS-932-20091121013232;LEVT-M57-Jean-PROCESS-976-20091121013232,0.5384615384615384,0.7333333333333334,6.655742075887841e-13,4.0,LEVT-M57-Jean-PROCESS-1372-20091121013235;LEVT-M57-Jean-PROCESS-1944-20091121013301;LEVT-M57-Jean-PROCESS-3560-20091123221635;LEVT-M57-Jean-PROCESS-976-20091121013232,0.6666666666666666,5.0,5.0,46,,,E5,0.25,,,,,,,
phase9,alpha_vs_050,n_estimators_250,,E5:alpha=.50,E5:alpha=0.75,,3.0,1.0,LEVT-M57-Jean-PROCESS-2080-20091123221633,0.2,0.7835748792270532,1.6074733190671513e-14,2.0,LEVT-M57-Jean-PROCESS-2080-20091123221633;LEVT-M57-Jean-PROCESS-3560-20091123221635,0.25,5.0,5.0,46,,,E5,0.75,,,,,,,
phase9,alpha_vs_050,n_estimators_250,,E5:alpha=.50,E5:alpha=0.75,,5.0,2.0,LEVT-M57-Jean-PROCESS-2080-20091123221633;LEVT-M57-Jean-PROCESS-3560-20091123221635,0.25,0.7835748792270532,1.6074733190671513e-14,2.0,LEVT-M57-Jean-PROCESS-2080-20091123221633;LEVT-M57-Jean-PROCESS-3560-20091123221635,0.25,5.0,5.0,46,,,E5,0.75,,,,,,,
phase9,alpha_vs_050,n_estimators_250,,E5:alpha=.50,E5:alpha=0.75,,10.0,7.0,LEVT-M57-Jean-PROCESS-1204-20091123165512;LEVT-M57-Jean-PROCESS-1372-20091121013235;LEVT-M57-Jean-PROCESS-1572-20091121013258;LEVT-M57-Jean-PROCESS-2080-20091123221633;LEVT-M57-Jean-PROCESS-3560-20091123221635;LEVT-M57-Jean-PROCESS-3996-20091121013335;LEVT-M57-Jean-PROCESS-932-20091121013232,0.5384615384615384,0.7835748792270532,1.6074733190671513e-14,2.0,LEVT-M57-Jean-PROCESS-2080-20091123221633;LEVT-M57-Jean-PROCESS-3560-20091123221635,0.25,5.0,5.0,46,,,E5,0.75,,,,,,,
phase9,alpha_vs_050,n_estimators_250,,E6:alpha=.50,E6:alpha=0.25,,3.0,3.0,LEVT-M57-Jean-PROCESS-1572-20091121013258;LEVT-M57-Jean-PROCESS-2892-20091123220335;LEVT-M57-Jean-PROCESS-3560-20091123221635,1.0,0.7352657004830918,5.793169937440988e-13,4.0,LEVT-M57-Jean-PROCESS-1372-20091121013235;LEVT-M57-Jean-PROCESS-1572-20091121013258;LEVT-M57-Jean-PROCESS-2892-20091123220335;LEVT-M57-Jean-PROCESS-3560-20091123221635,0.6666666666666666,5.0,5.0,46,,,E6,0.25,,,,,,,
phase9,alpha_vs_050,n_estimators_250,,E6:alpha=.50,E6:alpha=0.25,,5.0,4.0,LEVT-M57-Jean-PROCESS-1372-20091121013235;LEVT-M57-Jean-PROCESS-1572-20091121013258;LEVT-M57-Jean-PROCESS-2892-20091123220335;LEVT-M57-Jean-PROCESS-3560-20091123221635,0.6666666666666666,0.7352657004830918,5.793169937440988e-13,4.0,LEVT-M57-Jean-PROCESS-1372-20091121013235;LEVT-M57-Jean-PROCESS-1572-20091121013258;LEVT-M57-Jean-PROCESS-2892-20091123220335;LEVT-M57-Jean-PROCESS-3560-20091123221635,0.6666666666666666,5.0,5.0,46,,,E6,0.25,,,,,,,
phase9,alpha_vs_050,n_estimators_250,,E6:alpha=.50,E6:alpha=0.25,,10.0,6.0,LEVT-M57-Jean-PROCESS-1372-20091121013235;LEVT-M57-Jean-PROCESS-1572-20091121013258;LEVT-M57-Jean-PROCESS-1944-20091121013301;LEVT-M57-Jean-PROCESS-2892-20091123220335;LEVT-M57-Jean-PROCESS-3560-20091123221635;LEVT-M57-Jean-PROCESS-3996-20091121013335,0.42857142857142855,0.7352657004830918,5.793169937440988e-13,4.0,LEVT-M57-Jean-PROCESS-1372-20091121013235;LEVT-M57-Jean-PROCESS-1572-20091121013258;LEVT-M57-Jean-PROCESS-2892-20091123220335;LEVT-M57-Jean-PROCESS-3560-20091123221635,0.6666666666666666,5.0,5.0,46,,,E6,0.25,,,,,,,
phase9,alpha_vs_050,n_estimators_250,,E6:alpha=.50,E6:alpha=0.75,,3.0,1.0,LEVT-M57-Jean-PROCESS-1572-20091121013258,0.2,0.7410628019323672,3.812039424065878e-13,3.0,LEVT-M57-Jean-PROCESS-1204-20091123165512;LEVT-M57-Jean-PROCESS-1572-20091121013258;LEVT-M57-Jean-PROCESS-3560-20091123221635,0.42857142857142855,5.0,5.0,46,,,E6,0.75,,,,,,,
phase9,alpha_vs_050,n_estimators_250,,E6:alpha=.50,E6:alpha=0.75,,5.0,3.0,LEVT-M57-Jean-PROCESS-1204-20091123165512;LEVT-M57-Jean-PROCESS-1572-20091121013258;LEVT-M57-Jean-PROCESS-3560-20091123221635,0.42857142857142855,0.7410628019323672,3.812039424065878e-13,3.0,LEVT-M57-Jean-PROCESS-1204-20091123165512;LEVT-M57-Jean-PROCESS-1572-20091121013258;LEVT-M57-Jean-PROCESS-3560-20091123221635,0.42857142857142855,5.0,5.0,46,,,E6,0.75,,,,,,,
phase9,alpha_vs_050,n_estimators_250,,E6:alpha=.50,E6:alpha=0.75,,10.0,9.0,LEVT-M57-Jean-PROCESS-1204-20091123165512;LEVT-M57-Jean-PROCESS-1372-20091121013235;LEVT-M57-Jean-PROCESS-1572-20091121013258;LEVT-M57-Jean-PROCESS-2080-20091123221633;LEVT-M57-Jean-PROCESS-2892-20091123220335;LEVT-M57-Jean-PROCESS-3560-20091123221635;LEVT-M57-Jean-PROCESS-3992-20091123170451;LEVT-M57-Jean-PROCESS-3996-20091121013335;LEVT-M57-Jean-PROCESS-908-20091121013232,0.8181818181818182,0.7410628019323672,3.812039424065878e-13,3.0,LEVT-M57-Jean-PROCESS-1204-20091123165512;LEVT-M57-Jean-PROCESS-1572-20091121013258;LEVT-M57-Jean-PROCESS-3560-20091123221635,0.42857142857142855,5.0,5.0,46,,,E6,0.75,,,,,,,
phase9,alpha_vs_050,n_estimators_1000,,E5:alpha=.50,E5:alpha=0.25,,3.0,2.0,LEVT-M57-Jean-PROCESS-1372-20091121013235;LEVT-M57-Jean-PROCESS-3560-20091123221635,0.5,0.7352657004830918,5.793169937440988e-13,4.0,LEVT-M57-Jean-PROCESS-1372-20091121013235;LEVT-M57-Jean-PROCESS-1944-20091121013301;LEVT-M57-Jean-PROCESS-3560-20091123221635;LEVT-M57-Jean-PROCESS-976-20091121013232,0.6666666666666666,5.0,5.0,46,,,E5,0.25,,,,,,,
phase9,alpha_vs_050,n_estimators_1000,,E5:alpha=.50,E5:alpha=0.25,,5.0,4.0,LEVT-M57-Jean-PROCESS-1372-20091121013235;LEVT-M57-Jean-PROCESS-1944-20091121013301;LEVT-M57-Jean-PROCESS-3560-20091123221635;LEVT-M57-Jean-PROCESS-976-20091121013232,0.6666666666666666,0.7352657004830918,5.793169937440988e-13,4.0,LEVT-M57-Jean-PROCESS-1372-20091121013235;LEVT-M57-Jean-PROCESS-1944-20091121013301;LEVT-M57-Jean-PROCESS-3560-20091123221635;LEVT-M57-Jean-PROCESS-976-20091121013232,0.6666666666666666,5.0,5.0,46,,,E5,0.25,,,,,,,
phase9,alpha_vs_050,n_estimators_1000,,E5:alpha=.50,E5:alpha=0.25,,10.0,7.0,LEVT-M57-Jean-PROCESS-1372-20091121013235;LEVT-M57-Jean-PROCESS-1944-20091121013301;LEVT-M57-Jean-PROCESS-2080-20091123221633;LEVT-M57-Jean-PROCESS-2892-20091123220335;LEVT-M57-Jean-PROCESS-3560-20091123221635;LEVT-M57-Jean-PROCESS-932-20091121013232;LEVT-M57-Jean-PROCESS-976-20091121013232,0.5384615384615384,0.7352657004830918,5.793169937440988e-13,4.0,LEVT-M57-Jean-PROCESS-1372-20091121013235;LEVT-M57-Jean-PROCESS-1944-20091121013301;LEVT-M57-Jean-PROCESS-3560-20091123221635;LEVT-M57-Jean-PROCESS-976-20091121013232,0.6666666666666666,5.0,5.0,46,,,E5,0.25,,,,,,,
phase9,alpha_vs_050,n_estimators_1000,,E5:alpha=.50,E5:alpha=0.75,,3.0,1.0,LEVT-M57-Jean-PROCESS-2080-20091123221633,0.2,0.7565217391304349,1.229507177056913e-13,2.0,LEVT-M57-Jean-PROCESS-2080-20091123221633;LEVT-M57-Jean-PROCESS-3560-20091123221635,0.25,5.0,5.0,46,,,E5,0.75,,,,,,,
phase9,alpha_vs_050,n_estimators_1000,,E5:alpha=.50,E5:alpha=0.75,,5.0,2.0,LEVT-M57-Jean-PROCESS-2080-20091123221633;LEVT-M57-Jean-PROCESS-3560-20091123221635,0.25,0.7565217391304349,1.229507177056913e-13,2.0,LEVT-M57-Jean-PROCESS-2080-20091123221633;LEVT-M57-Jean-PROCESS-3560-20091123221635,0.25,5.0,5.0,46,,,E5,0.75,,,,,,,
phase9,alpha_vs_050,n_estimators_1000,,E5:alpha=.50,E5:alpha=0.75,,10.0,7.0,LEVT-M57-Jean-PROCESS-1204-20091123165512;LEVT-M57-Jean-PROCESS-1372-20091121013235;LEVT-M57-Jean-PROCESS-1572-20091121013258;LEVT-M57-Jean-PROCESS-2080-20091123221633;LEVT-M57-Jean-PROCESS-2892-20091123220335;LEVT-M57-Jean-PROCESS-3560-20091123221635;LEVT-M57-Jean-PROCESS-3996-20091121013335,0.5384615384615384,0.7565217391304349,1.229507177056913e-13,2.0,LEVT-M57-Jean-PROCESS-2080-20091123221633;LEVT-M57-Jean-PROCESS-3560-20091123221635,0.25,5.0,5.0,46,,,E5,0.75,,,,,,,
phase9,alpha_vs_050,n_estimators_1000,,E6:alpha=.50,E6:alpha=0.25,,3.0,3.0,LEVT-M57-Jean-PROCESS-1572-20091121013258;LEVT-M57-Jean-PROCESS-2892-20091123220335;LEVT-M57-Jean-PROCESS-3560-20091123221635,1.0,0.7429951690821257,3.313332089997252e-13,4.0,LEVT-M57-Jean-PROCESS-1372-20091121013235;LEVT-M57-Jean-PROCESS-1572-20091121013258;LEVT-M57-Jean-PROCESS-2892-20091123220335;LEVT-M57-Jean-PROCESS-3560-20091123221635,0.6666666666666666,5.0,5.0,46,,,E6,0.25,,,,,,,
phase9,alpha_vs_050,n_estimators_1000,,E6:alpha=.50,E6:alpha=0.25,,5.0,4.0,LEVT-M57-Jean-PROCESS-1372-20091121013235;LEVT-M57-Jean-PROCESS-1572-20091121013258;LEVT-M57-Jean-PROCESS-2892-20091123220335;LEVT-M57-Jean-PROCESS-3560-20091123221635,0.6666666666666666,0.7429951690821257,3.313332089997252e-13,4.0,LEVT-M57-Jean-PROCESS-1372-20091121013235;LEVT-M57-Jean-PROCESS-1572-20091121013258;LEVT-M57-Jean-PROCESS-2892-20091123220335;LEVT-M57-Jean-PROCESS-3560-20091123221635,0.6666666666666666,5.0,5.0,46,,,E6,0.25,,,,,,,
phase9,alpha_vs_050,n_estimators_1000,,E6:alpha=.50,E6:alpha=0.25,,10.0,8.0,LEVT-M57-Jean-PROCESS-1372-20091121013235;LEVT-M57-Jean-PROCESS-1572-20091121013258;LEVT-M57-Jean-PROCESS-1836-20091121013308;LEVT-M57-Jean-PROCESS-1944-20091121013301;LEVT-M57-Jean-PROCESS-2892-20091123220335;LEVT-M57-Jean-PROCESS-3560-20091123221635;LEVT-M57-Jean-PROCESS-3996-20091121013335;LEVT-M57-Jean-PROCESS-976-20091121013232,0.6666666666666666,0.7429951690821257,3.313332089997252e-13,4.0,LEVT-M57-Jean-PROCESS-1372-20091121013235;LEVT-M57-Jean-PROCESS-1572-20091121013258;LEVT-M57-Jean-PROCESS-2892-20091123220335;LEVT-M57-Jean-PROCESS-3560-20091123221635,0.6666666666666666,5.0,5.0,46,,,E6,0.25,,,,,,,
phase9,alpha_vs_050,n_estimators_1000,,E6:alpha=.50,E6:alpha=0.75,,3.0,1.0,LEVT-M57-Jean-PROCESS-1572-20091121013258,0.2,0.7623188405797102,7.996855998716201e-14,3.0,LEVT-M57-Jean-PROCESS-1204-20091123165512;LEVT-M57-Jean-PROCESS-1572-20091121013258;LEVT-M57-Jean-PROCESS-3560-20091123221635,0.42857142857142855,5.0,5.0,46,,,E6,0.75,,,,,,,
phase9,alpha_vs_050,n_estimators_1000,,E6:alpha=.50,E6:alpha=0.75,,5.0,3.0,LEVT-M57-Jean-PROCESS-1204-20091123165512;LEVT-M57-Jean-PROCESS-1572-20091121013258;LEVT-M57-Jean-PROCESS-3560-20091123221635,0.42857142857142855,0.7623188405797102,7.996855998716201e-14,3.0,LEVT-M57-Jean-PROCESS-1204-20091123165512;LEVT-M57-Jean-PROCESS-1572-20091121013258;LEVT-M57-Jean-PROCESS-3560-20091123221635,0.42857142857142855,5.0,5.0,46,,,E6,0.75,,,,,,,
phase9,alpha_vs_050,n_estimators_1000,,E6:alpha=.50,E6:alpha=0.75,,10.0,7.0,LEVT-M57-Jean-PROCESS-1204-20091123165512;LEVT-M57-Jean-PROCESS-1372-20091121013235;LEVT-M57-Jean-PROCESS-1572-20091121013258;LEVT-M57-Jean-PROCESS-2080-20091123221633;LEVT-M57-Jean-PROCESS-2892-20091123220335;LEVT-M57-Jean-PROCESS-3560-20091123221635;LEVT-M57-Jean-PROCESS-3996-20091121013335,0.5384615384615384,0.7623188405797102,7.996855998716201e-14,3.0,LEVT-M57-Jean-PROCESS-1204-20091123165512;LEVT-M57-Jean-PROCESS-1572-20091121013258;LEVT-M57-Jean-PROCESS-3560-20091123221635,0.42857142857142855,5.0,5.0,46,,,E6,0.75,,,,,,,
phase9,alpha_vs_050,contamination_005,,E5:alpha=.50,E5:alpha=0.25,,3.0,2.0,LEVT-M57-Jean-PROCESS-3560-20091123221635;LEVT-M57-Jean-PROCESS-976-20091121013232,0.5,0.7507246376811595,1.884362086348331e-13,2.0,LEVT-M57-Jean-PROCESS-3560-20091123221635;LEVT-M57-Jean-PROCESS-976-20091121013232,0.5,3.0,3.0,46,,,E5,0.25,,,,,,,
phase9,alpha_vs_050,contamination_005,,E5:alpha=.50,E5:alpha=0.25,,5.0,4.0,LEVT-M57-Jean-PROCESS-1372-20091121013235;LEVT-M57-Jean-PROCESS-1944-20091121013301;LEVT-M57-Jean-PROCESS-3560-20091123221635;LEVT-M57-Jean-PROCESS-976-20091121013232,0.6666666666666666,0.7507246376811595,1.884362086348331e-13,2.0,LEVT-M57-Jean-PROCESS-3560-20091123221635;LEVT-M57-Jean-PROCESS-976-20091121013232,0.5,3.0,3.0,46,,,E5,0.25,,,,,,,
phase9,alpha_vs_050,contamination_005,,E5:alpha=.50,E5:alpha=0.25,,10.0,7.0,LEVT-M57-Jean-PROCESS-1372-20091121013235;LEVT-M57-Jean-PROCESS-1944-20091121013301;LEVT-M57-Jean-PROCESS-2080-20091123221633;LEVT-M57-Jean-PROCESS-2892-20091123220335;LEVT-M57-Jean-PROCESS-3560-20091123221635;LEVT-M57-Jean-PROCESS-932-20091121013232;LEVT-M57-Jean-PROCESS-976-20091121013232,0.5384615384615384,0.7507246376811595,1.884362086348331e-13,2.0,LEVT-M57-Jean-PROCESS-3560-20091123221635;LEVT-M57-Jean-PROCESS-976-20091121013232,0.5,3.0,3.0,46,,,E5,0.25,,,,,,,
phase9,alpha_vs_050,contamination_005,,E5:alpha=.50,E5:alpha=0.75,,3.0,0.0,,0.0,0.7661835748792271,5.992555821862444e-14,0.0,,0.0,3.0,3.0,46,,,E5,0.75,,,,,,,
phase9,alpha_vs_050,contamination_005,,E5:alpha=.50,E5:alpha=0.75,,5.0,2.0,LEVT-M57-Jean-PROCESS-2080-20091123221633;LEVT-M57-Jean-PROCESS-3560-20091123221635,0.25,0.7661835748792271,5.992555821862444e-14,0.0,,0.0,3.0,3.0,46,,,E5,0.75,,,,,,,
phase9,alpha_vs_050,contamination_005,,E5:alpha=.50,E5:alpha=0.75,,10.0,8.0,LEVT-M57-Jean-PROCESS-1204-20091123165512;LEVT-M57-Jean-PROCESS-1372-20091121013235;LEVT-M57-Jean-PROCESS-1572-20091121013258;LEVT-M57-Jean-PROCESS-2080-20091123221633;LEVT-M57-Jean-PROCESS-2892-20091123220335;LEVT-M57-Jean-PROCESS-3560-20091123221635;LEVT-M57-Jean-PROCESS-3996-20091121013335;LEVT-M57-Jean-PROCESS-932-20091121013232,0.6666666666666666,0.7661835748792271,5.992555821862444e-14,0.0,,0.0,3.0,3.0,46,,,E5,0.75,,,,,,,
phase9,alpha_vs_050,contamination_005,,E6:alpha=.50,E6:alpha=0.25,,3.0,2.0,LEVT-M57-Jean-PROCESS-1572-20091121013258;LEVT-M57-Jean-PROCESS-3560-20091123221635,0.5,0.731400966183575,7.644052846363647e-13,2.0,LEVT-M57-Jean-PROCESS-1572-20091121013258;LEVT-M57-Jean-PROCESS-3560-20091123221635,0.5,3.0,3.0,46,,,E6,0.25,,,,,,,
phase9,alpha_vs_050,contamination_005,,E6:alpha=.50,E6:alpha=0.25,,5.0,4.0,LEVT-M57-Jean-PROCESS-1372-20091121013235;LEVT-M57-Jean-PROCESS-1572-20091121013258;LEVT-M57-Jean-PROCESS-2892-20091123220335;LEVT-M57-Jean-PROCESS-3560-20091123221635,0.6666666666666666,0.731400966183575,7.644052846363647e-13,2.0,LEVT-M57-Jean-PROCESS-1572-20091121013258;LEVT-M57-Jean-PROCESS-3560-20091123221635,0.5,3.0,3.0,46,,,E6,0.25,,,,,,,
phase9,alpha_vs_050,contamination_005,,E6:alpha=.50,E6:alpha=0.25,,10.0,7.0,LEVT-M57-Jean-PROCESS-1372-20091121013235;LEVT-M57-Jean-PROCESS-1572-20091121013258;LEVT-M57-Jean-PROCESS-1944-20091121013301;LEVT-M57-Jean-PROCESS-2892-20091123220335;LEVT-M57-Jean-PROCESS-3560-20091123221635;LEVT-M57-Jean-PROCESS-3996-20091121013335;LEVT-M57-Jean-PROCESS-976-20091121013232,0.5384615384615384,0.731400966183575,7.644052846363647e-13,2.0,LEVT-M57-Jean-PROCESS-1572-20091121013258;LEVT-M57-Jean-PROCESS-3560-20091123221635,0.5,3.0,3.0,46,,,E6,0.25,,,,,,,
phase9,alpha_vs_050,contamination_005,,E6:alpha=.50,E6:alpha=0.75,,3.0,1.0,LEVT-M57-Jean-PROCESS-1572-20091121013258,0.2,0.770048309178744,4.484272529797103e-14,1.0,LEVT-M57-Jean-PROCESS-1572-20091121013258,0.2,3.0,3.0,46,,,E6,0.75,,,,,,,
phase9,alpha_vs_050,contamination_005,,E6:alpha=.50,E6:alpha=0.75,,5.0,3.0,LEVT-M57-Jean-PROCESS-1204-20091123165512;LEVT-M57-Jean-PROCESS-1572-20091121013258;LEVT-M57-Jean-PROCESS-3560-20091123221635,0.42857142857142855,0.770048309178744,4.484272529797103e-14,1.0,LEVT-M57-Jean-PROCESS-1572-20091121013258,0.2,3.0,3.0,46,,,E6,0.75,,,,,,,
phase9,alpha_vs_050,contamination_005,,E6:alpha=.50,E6:alpha=0.75,,10.0,8.0,LEVT-M57-Jean-PROCESS-1204-20091123165512;LEVT-M57-Jean-PROCESS-1372-20091121013235;LEVT-M57-Jean-PROCESS-1572-20091121013258;LEVT-M57-Jean-PROCESS-2080-20091123221633;LEVT-M57-Jean-PROCESS-2892-20091123220335;LEVT-M57-Jean-PROCESS-3560-20091123221635;LEVT-M57-Jean-PROCESS-3992-20091123170451;LEVT-M57-Jean-PROCESS-3996-20091121013335,0.6666666666666666,0.770048309178744,4.484272529797103e-14,1.0,LEVT-M57-Jean-PROCESS-1572-20091121013258,0.2,3.0,3.0,46,,,E6,0.75,,,,,,,
phase9,alpha_vs_050,contamination_015,,E5:alpha=.50,E5:alpha=0.25,,3.0,2.0,LEVT-M57-Jean-PROCESS-3560-20091123221635;LEVT-M57-Jean-PROCESS-976-20091121013232,0.5,0.7507246376811595,1.884362086348331e-13,5.0,LEVT-M57-Jean-PROCESS-1372-20091121013235;LEVT-M57-Jean-PROCESS-1944-20091121013301;LEVT-M57-Jean-PROCESS-3560-20091123221635;LEVT-M57-Jean-PROCESS-932-20091121013232;LEVT-M57-Jean-PROCESS-976-20091121013232,0.5555555555555556,7.0,7.0,46,,,E5,0.25,,,,,,,
phase9,alpha_vs_050,contamination_015,,E5:alpha=.50,E5:alpha=0.25,,5.0,4.0,LEVT-M57-Jean-PROCESS-1372-20091121013235;LEVT-M57-Jean-PROCESS-1944-20091121013301;LEVT-M57-Jean-PROCESS-3560-20091123221635;LEVT-M57-Jean-PROCESS-976-20091121013232,0.6666666666666666,0.7507246376811595,1.884362086348331e-13,5.0,LEVT-M57-Jean-PROCESS-1372-20091121013235;LEVT-M57-Jean-PROCESS-1944-20091121013301;LEVT-M57-Jean-PROCESS-3560-20091123221635;LEVT-M57-Jean-PROCESS-932-20091121013232;LEVT-M57-Jean-PROCESS-976-20091121013232,0.5555555555555556,7.0,7.0,46,,,E5,0.25,,,,,,,
phase9,alpha_vs_050,contamination_015,,E5:alpha=.50,E5:alpha=0.25,,10.0,7.0,LEVT-M57-Jean-PROCESS-1372-20091121013235;LEVT-M57-Jean-PROCESS-1944-20091121013301;LEVT-M57-Jean-PROCESS-2080-20091123221633;LEVT-M57-Jean-PROCESS-2892-20091123220335;LEVT-M57-Jean-PROCESS-3560-20091123221635;LEVT-M57-Jean-PROCESS-932-20091121013232;LEVT-M57-Jean-PROCESS-976-20091121013232,0.5384615384615384,0.7507246376811595,1.884362086348331e-13,5.0,LEVT-M57-Jean-PROCESS-1372-20091121013235;LEVT-M57-Jean-PROCESS-1944-20091121013301;LEVT-M57-Jean-PROCESS-3560-20091123221635;LEVT-M57-Jean-PROCESS-932-20091121013232;LEVT-M57-Jean-PROCESS-976-20091121013232,0.5555555555555556,7.0,7.0,46,,,E5,0.25,,,,,,,
phase9,alpha_vs_050,contamination_015,,E5:alpha=.50,E5:alpha=0.75,,3.0,0.0,,0.0,0.7661835748792271,5.992555821862444e-14,3.0,LEVT-M57-Jean-PROCESS-2080-20091123221633;LEVT-M57-Jean-PROCESS-3560-20091123221635;LEVT-M57-Jean-PROCESS-3996-20091121013335,0.2727272727272727,7.0,7.0,46,,,E5,0.75,,,,,,,
phase9,alpha_vs_050,contamination_015,,E5:alpha=.50,E5:alpha=0.75,,5.0,2.0,LEVT-M57-Jean-PROCESS-2080-20091123221633;LEVT-M57-Jean-PROCESS-3560-20091123221635,0.25,0.7661835748792271,5.992555821862444e-14,3.0,LEVT-M57-Jean-PROCESS-2080-20091123221633;LEVT-M57-Jean-PROCESS-3560-20091123221635;LEVT-M57-Jean-PROCESS-3996-20091121013335,0.2727272727272727,7.0,7.0,46,,,E5,0.75,,,,,,,
phase9,alpha_vs_050,contamination_015,,E5:alpha=.50,E5:alpha=0.75,,10.0,8.0,LEVT-M57-Jean-PROCESS-1204-20091123165512;LEVT-M57-Jean-PROCESS-1372-20091121013235;LEVT-M57-Jean-PROCESS-1572-20091121013258;LEVT-M57-Jean-PROCESS-2080-20091123221633;LEVT-M57-Jean-PROCESS-2892-20091123220335;LEVT-M57-Jean-PROCESS-3560-20091123221635;LEVT-M57-Jean-PROCESS-3996-20091121013335;LEVT-M57-Jean-PROCESS-932-20091121013232,0.6666666666666666,0.7661835748792271,5.992555821862444e-14,3.0,LEVT-M57-Jean-PROCESS-2080-20091123221633;LEVT-M57-Jean-PROCESS-3560-20091123221635;LEVT-M57-Jean-PROCESS-3996-20091121013335,0.2727272727272727,7.0,7.0,46,,,E5,0.75,,,,,,,
phase9,alpha_vs_050,contamination_015,,E6:alpha=.50,E6:alpha=0.25,,3.0,2.0,LEVT-M57-Jean-PROCESS-1572-20091121013258;LEVT-M57-Jean-PROCESS-3560-20091123221635,0.5,0.731400966183575,7.644052846363647e-13,4.0,LEVT-M57-Jean-PROCESS-1372-20091121013235;LEVT-M57-Jean-PROCESS-1572-20091121013258;LEVT-M57-Jean-PROCESS-2892-20091123220335;LEVT-M57-Jean-PROCESS-3560-20091123221635,0.4,7.0,7.0,46,,,E6,0.25,,,,,,,
phase9,alpha_vs_050,contamination_015,,E6:alpha=.50,E6:alpha=0.25,,5.0,4.0,LEVT-M57-Jean-PROCESS-1372-20091121013235;LEVT-M57-Jean-PROCESS-1572-20091121013258;LEVT-M57-Jean-PROCESS-2892-20091123220335;LEVT-M57-Jean-PROCESS-3560-20091123221635,0.6666666666666666,0.731400966183575,7.644052846363647e-13,4.0,LEVT-M57-Jean-PROCESS-1372-20091121013235;LEVT-M57-Jean-PROCESS-1572-20091121013258;LEVT-M57-Jean-PROCESS-2892-20091123220335;LEVT-M57-Jean-PROCESS-3560-20091123221635,0.4,7.0,7.0,46,,,E6,0.25,,,,,,,
phase9,alpha_vs_050,contamination_015,,E6:alpha=.50,E6:alpha=0.25,,10.0,7.0,LEVT-M57-Jean-PROCESS-1372-20091121013235;LEVT-M57-Jean-PROCESS-1572-20091121013258;LEVT-M57-Jean-PROCESS-1944-20091121013301;LEVT-M57-Jean-PROCESS-2892-20091123220335;LEVT-M57-Jean-PROCESS-3560-20091123221635;LEVT-M57-Jean-PROCESS-3996-20091121013335;LEVT-M57-Jean-PROCESS-976-20091121013232,0.5384615384615384,0.731400966183575,7.644052846363647e-13,4.0,LEVT-M57-Jean-PROCESS-1372-20091121013235;LEVT-M57-Jean-PROCESS-1572-20091121013258;LEVT-M57-Jean-PROCESS-2892-20091123220335;LEVT-M57-Jean-PROCESS-3560-20091123221635,0.4,7.0,7.0,46,,,E6,0.25,,,,,,,
phase9,alpha_vs_050,contamination_015,,E6:alpha=.50,E6:alpha=0.75,,3.0,1.0,LEVT-M57-Jean-PROCESS-1572-20091121013258,0.2,0.770048309178744,4.484272529797103e-14,5.0,LEVT-M57-Jean-PROCESS-1204-20091123165512;LEVT-M57-Jean-PROCESS-1572-20091121013258;LEVT-M57-Jean-PROCESS-2080-20091123221633;LEVT-M57-Jean-PROCESS-3560-20091123221635;LEVT-M57-Jean-PROCESS-3996-20091121013335,0.5555555555555556,7.0,7.0,46,,,E6,0.75,,,,,,,
phase9,alpha_vs_050,contamination_015,,E6:alpha=.50,E6:alpha=0.75,,5.0,3.0,LEVT-M57-Jean-PROCESS-1204-20091123165512;LEVT-M57-Jean-PROCESS-1572-20091121013258;LEVT-M57-Jean-PROCESS-3560-20091123221635,0.42857142857142855,0.770048309178744,4.484272529797103e-14,5.0,LEVT-M57-Jean-PROCESS-1204-20091123165512;LEVT-M57-Jean-PROCESS-1572-20091121013258;LEVT-M57-Jean-PROCESS-2080-20091123221633;LEVT-M57-Jean-PROCESS-3560-20091123221635;LEVT-M57-Jean-PROCESS-3996-20091121013335,0.5555555555555556,7.0,7.0,46,,,E6,0.75,,,,,,,
phase9,alpha_vs_050,contamination_015,,E6:alpha=.50,E6:alpha=0.75,,10.0,8.0,LEVT-M57-Jean-PROCESS-1204-20091123165512;LEVT-M57-Jean-PROCESS-1372-20091121013235;LEVT-M57-Jean-PROCESS-1572-20091121013258;LEVT-M57-Jean-PROCESS-2080-20091123221633;LEVT-M57-Jean-PROCESS-2892-20091123220335;LEVT-M57-Jean-PROCESS-3560-20091123221635;LEVT-M57-Jean-PROCESS-3992-20091123170451;LEVT-M57-Jean-PROCESS-3996-20091121013335,0.6666666666666666,0.770048309178744,4.484272529797103e-14,5.0,LEVT-M57-Jean-PROCESS-1204-20091123165512;LEVT-M57-Jean-PROCESS-1572-20091121013258;LEVT-M57-Jean-PROCESS-2080-20091123221633;LEVT-M57-Jean-PROCESS-3560-20091123221635;LEVT-M57-Jean-PROCESS-3996-20091121013335,0.5555555555555556,7.0,7.0,46,,,E6,0.75,,,,,,,
phase9,alpha_vs_050,random_state_0,,E5:alpha=.50,E5:alpha=0.25,,3.0,2.0,LEVT-M57-Jean-PROCESS-1372-20091121013235;LEVT-M57-Jean-PROCESS-3560-20091123221635,0.5,0.7236714975845411,1.325264442079218e-12,4.0,LEVT-M57-Jean-PROCESS-1372-20091121013235;LEVT-M57-Jean-PROCESS-1944-20091121013301;LEVT-M57-Jean-PROCESS-3560-20091123221635;LEVT-M57-Jean-PROCESS-976-20091121013232,0.6666666666666666,5.0,5.0,46,,,E5,0.25,,,,,,,
phase9,alpha_vs_050,random_state_0,,E5:alpha=.50,E5:alpha=0.25,,5.0,4.0,LEVT-M57-Jean-PROCESS-1372-20091121013235;LEVT-M57-Jean-PROCESS-1944-20091121013301;LEVT-M57-Jean-PROCESS-3560-20091123221635;LEVT-M57-Jean-PROCESS-976-20091121013232,0.6666666666666666,0.7236714975845411,1.325264442079218e-12,4.0,LEVT-M57-Jean-PROCESS-1372-20091121013235;LEVT-M57-Jean-PROCESS-1944-20091121013301;LEVT-M57-Jean-PROCESS-3560-20091123221635;LEVT-M57-Jean-PROCESS-976-20091121013232,0.6666666666666666,5.0,5.0,46,,,E5,0.25,,,,,,,
phase9,alpha_vs_050,random_state_0,,E5:alpha=.50,E5:alpha=0.25,,10.0,7.0,LEVT-M57-Jean-PROCESS-1372-20091121013235;LEVT-M57-Jean-PROCESS-1944-20091121013301;LEVT-M57-Jean-PROCESS-2080-20091123221633;LEVT-M57-Jean-PROCESS-2892-20091123220335;LEVT-M57-Jean-PROCESS-3560-20091123221635;LEVT-M57-Jean-PROCESS-932-20091121013232;LEVT-M57-Jean-PROCESS-976-20091121013232,0.5384615384615384,0.7236714975845411,1.325264442079218e-12,4.0,LEVT-M57-Jean-PROCESS-1372-20091121013235;LEVT-M57-Jean-PROCESS-1944-20091121013301;LEVT-M57-Jean-PROCESS-3560-20091123221635;LEVT-M57-Jean-PROCESS-976-20091121013232,0.6666666666666666,5.0,5.0,46,,,E5,0.25,,,,,,,
phase9,alpha_vs_050,random_state_0,,E5:alpha=.50,E5:alpha=0.75,,3.0,1.0,LEVT-M57-Jean-PROCESS-2080-20091123221633,0.2,0.7816425120772947,1.863173978172736e-14,2.0,LEVT-M57-Jean-PROCESS-2080-20091123221633;LEVT-M57-Jean-PROCESS-3560-20091123221635,0.25,5.0,5.0,46,,,E5,0.75,,,,,,,
phase9,alpha_vs_050,random_state_0,,E5:alpha=.50,E5:alpha=0.75,,5.0,2.0,LEVT-M57-Jean-PROCESS-2080-20091123221633;LEVT-M57-Jean-PROCESS-3560-20091123221635,0.25,0.7816425120772947,1.863173978172736e-14,2.0,LEVT-M57-Jean-PROCESS-2080-20091123221633;LEVT-M57-Jean-PROCESS-3560-20091123221635,0.25,5.0,5.0,46,,,E5,0.75,,,,,,,
phase9,alpha_vs_050,random_state_0,,E5:alpha=.50,E5:alpha=0.75,,10.0,7.0,LEVT-M57-Jean-PROCESS-1204-20091123165512;LEVT-M57-Jean-PROCESS-1372-20091121013235;LEVT-M57-Jean-PROCESS-1572-20091121013258;LEVT-M57-Jean-PROCESS-2080-20091123221633;LEVT-M57-Jean-PROCESS-3560-20091123221635;LEVT-M57-Jean-PROCESS-3996-20091121013335;LEVT-M57-Jean-PROCESS-932-20091121013232,0.5384615384615384,0.7816425120772947,1.863173978172736e-14,2.0,LEVT-M57-Jean-PROCESS-2080-20091123221633;LEVT-M57-Jean-PROCESS-3560-20091123221635,0.25,5.0,5.0,46,,,E5,0.75,,,,,,,
phase9,alpha_vs_050,random_state_0,,E6:alpha=.50,E6:alpha=0.25,,3.0,2.0,LEVT-M57-Jean-PROCESS-2892-20091123220335;LEVT-M57-Jean-PROCESS-3560-20091123221635,0.5,0.7236714975845411,1.325264442079218e-12,4.0,LEVT-M57-Jean-PROCESS-1372-20091121013235;LEVT-M57-Jean-PROCESS-1572-20091121013258;LEVT-M57-Jean-PROCESS-2892-20091123220335;LEVT-M57-Jean-PROCESS-3560-20091123221635,0.6666666666666666,5.0,5.0,46,,,E6,0.25,,,,,,,
phase9,alpha_vs_050,random_state_0,,E6:alpha=.50,E6:alpha=0.25,,5.0,4.0,LEVT-M57-Jean-PROCESS-1372-20091121013235;LEVT-M57-Jean-PROCESS-1572-20091121013258;LEVT-M57-Jean-PROCESS-2892-20091123220335;LEVT-M57-Jean-PROCESS-3560-20091123221635,0.6666666666666666,0.7236714975845411,1.325264442079218e-12,4.0,LEVT-M57-Jean-PROCESS-1372-20091121013235;LEVT-M57-Jean-PROCESS-1572-20091121013258;LEVT-M57-Jean-PROCESS-2892-20091123220335;LEVT-M57-Jean-PROCESS-3560-20091123221635,0.6666666666666666,5.0,5.0,46,,,E6,0.25,,,,,,,
phase9,alpha_vs_050,random_state_0,,E6:alpha=.50,E6:alpha=0.25,,10.0,8.0,LEVT-M57-Jean-PROCESS-1372-20091121013235;LEVT-M57-Jean-PROCESS-1572-20091121013258;LEVT-M57-Jean-PROCESS-1836-20091121013308;LEVT-M57-Jean-PROCESS-1944-20091121013301;LEVT-M57-Jean-PROCESS-2892-20091123220335;LEVT-M57-Jean-PROCESS-3560-20091123221635;LEVT-M57-Jean-PROCESS-3996-20091121013335;LEVT-M57-Jean-PROCESS-976-20091121013232,0.6666666666666666,0.7236714975845411,1.325264442079218e-12,4.0,LEVT-M57-Jean-PROCESS-1372-20091121013235;LEVT-M57-Jean-PROCESS-1572-20091121013258;LEVT-M57-Jean-PROCESS-2892-20091123220335;LEVT-M57-Jean-PROCESS-3560-20091123221635,0.6666666666666666,5.0,5.0,46,,,E6,0.25,,,,,,,
phase9,alpha_vs_050,random_state_0,,E6:alpha=.50,E6:alpha=0.75,,3.0,1.0,LEVT-M57-Jean-PROCESS-1572-20091121013258,0.2,0.7468599033816427,2.5004655490755863e-13,3.0,LEVT-M57-Jean-PROCESS-1204-20091123165512;LEVT-M57-Jean-PROCESS-1572-20091121013258;LEVT-M57-Jean-PROCESS-3560-20091123221635,0.42857142857142855,5.0,5.0,46,,,E6,0.75,,,,,,,
phase9,alpha_vs_050,random_state_0,,E6:alpha=.50,E6:alpha=0.75,,5.0,3.0,LEVT-M57-Jean-PROCESS-1204-20091123165512;LEVT-M57-Jean-PROCESS-1572-20091121013258;LEVT-M57-Jean-PROCESS-3560-20091123221635,0.42857142857142855,0.7468599033816427,2.5004655490755863e-13,3.0,LEVT-M57-Jean-PROCESS-1204-20091123165512;LEVT-M57-Jean-PROCESS-1572-20091121013258;LEVT-M57-Jean-PROCESS-3560-20091123221635,0.42857142857142855,5.0,5.0,46,,,E6,0.75,,,,,,,
phase9,alpha_vs_050,random_state_0,,E6:alpha=.50,E6:alpha=0.75,,10.0,7.0,LEVT-M57-Jean-PROCESS-1204-20091123165512;LEVT-M57-Jean-PROCESS-1372-20091121013235;LEVT-M57-Jean-PROCESS-1572-20091121013258;LEVT-M57-Jean-PROCESS-2080-20091123221633;LEVT-M57-Jean-PROCESS-2892-20091123220335;LEVT-M57-Jean-PROCESS-3560-20091123221635;LEVT-M57-Jean-PROCESS-3996-20091121013335,0.5384615384615384,0.7468599033816427,2.5004655490755863e-13,3.0,LEVT-M57-Jean-PROCESS-1204-20091123165512;LEVT-M57-Jean-PROCESS-1572-20091121013258;LEVT-M57-Jean-PROCESS-3560-20091123221635,0.42857142857142855,5.0,5.0,46,,,E6,0.75,,,,,,,
phase9,alpha_vs_050,random_state_123,,E5:alpha=.50,E5:alpha=0.25,,3.0,1.0,LEVT-M57-Jean-PROCESS-3560-20091123221635,0.2,0.7217391304347827,1.5193745476506904e-12,4.0,LEVT-M57-Jean-PROCESS-1372-20091121013235;LEVT-M57-Jean-PROCESS-1944-20091121013301;LEVT-M57-Jean-PROCESS-3560-20091123221635;LEVT-M57-Jean-PROCESS-976-20091121013232,0.6666666666666666,5.0,5.0,46,,,E5,0.25,,,,,,,
phase9,alpha_vs_050,random_state_123,,E5:alpha=.50,E5:alpha=0.25,,5.0,4.0,LEVT-M57-Jean-PROCESS-1372-20091121013235;LEVT-M57-Jean-PROCESS-1944-20091121013301;LEVT-M57-Jean-PROCESS-3560-20091123221635;LEVT-M57-Jean-PROCESS-976-20091121013232,0.6666666666666666,0.7217391304347827,1.5193745476506904e-12,4.0,LEVT-M57-Jean-PROCESS-1372-20091121013235;LEVT-M57-Jean-PROCESS-1944-20091121013301;LEVT-M57-Jean-PROCESS-3560-20091123221635;LEVT-M57-Jean-PROCESS-976-20091121013232,0.6666666666666666,5.0,5.0,46,,,E5,0.25,,,,,,,
phase9,alpha_vs_050,random_state_123,,E5:alpha=.50,E5:alpha=0.25,,10.0,7.0,LEVT-M57-Jean-PROCESS-1372-20091121013235;LEVT-M57-Jean-PROCESS-1944-20091121013301;LEVT-M57-Jean-PROCESS-2080-20091123221633;LEVT-M57-Jean-PROCESS-2892-20091123220335;LEVT-M57-Jean-PROCESS-3560-20091123221635;LEVT-M57-Jean-PROCESS-932-20091121013232;LEVT-M57-Jean-PROCESS-976-20091121013232,0.5384615384615384,0.7217391304347827,1.5193745476506904e-12,4.0,LEVT-M57-Jean-PROCESS-1372-20091121013235;LEVT-M57-Jean-PROCESS-1944-20091121013301;LEVT-M57-Jean-PROCESS-3560-20091123221635;LEVT-M57-Jean-PROCESS-976-20091121013232,0.6666666666666666,5.0,5.0,46,,,E5,0.25,,,,,,,
phase9,alpha_vs_050,random_state_123,,E5:alpha=.50,E5:alpha=0.75,,3.0,1.0,LEVT-M57-Jean-PROCESS-2080-20091123221633,0.2,0.7681159420289856,5.184760049164851e-14,2.0,LEVT-M57-Jean-PROCESS-2080-20091123221633;LEVT-M57-Jean-PROCESS-3560-20091123221635,0.25,5.0,5.0,46,,,E5,0.75,,,,,,,
phase9,alpha_vs_050,random_state_123,,E5:alpha=.50,E5:alpha=0.75,,5.0,2.0,LEVT-M57-Jean-PROCESS-2080-20091123221633;LEVT-M57-Jean-PROCESS-3560-20091123221635,0.25,0.7681159420289856,5.184760049164851e-14,2.0,LEVT-M57-Jean-PROCESS-2080-20091123221633;LEVT-M57-Jean-PROCESS-3560-20091123221635,0.25,5.0,5.0,46,,,E5,0.75,,,,,,,
phase9,alpha_vs_050,random_state_123,,E5:alpha=.50,E5:alpha=0.75,,10.0,7.0,LEVT-M57-Jean-PROCESS-1204-20091123165512;LEVT-M57-Jean-PROCESS-1372-20091121013235;LEVT-M57-Jean-PROCESS-1572-20091121013258;LEVT-M57-Jean-PROCESS-2080-20091123221633;LEVT-M57-Jean-PROCESS-2892-20091123220335;LEVT-M57-Jean-PROCESS-3560-20091123221635;LEVT-M57-Jean-PROCESS-3996-20091121013335,0.5384615384615384,0.7681159420289856,5.184760049164851e-14,2.0,LEVT-M57-Jean-PROCESS-2080-20091123221633;LEVT-M57-Jean-PROCESS-3560-20091123221635,0.25,5.0,5.0,46,,,E5,0.75,,,,,,,
phase9,alpha_vs_050,random_state_123,,E6:alpha=.50,E6:alpha=0.25,,3.0,2.0,LEVT-M57-Jean-PROCESS-2892-20091123220335;LEVT-M57-Jean-PROCESS-3560-20091123221635,0.5,0.7410628019323672,3.812039424065878e-13,4.0,LEVT-M57-Jean-PROCESS-1372-20091121013235;LEVT-M57-Jean-PROCESS-1572-20091121013258;LEVT-M57-Jean-PROCESS-2892-20091123220335;LEVT-M57-Jean-PROCESS-3560-20091123221635,0.6666666666666666,5.0,5.0,46,,,E6,0.25,,,,,,,
phase9,alpha_vs_050,random_state_123,,E6:alpha=.50,E6:alpha=0.25,,5.0,4.0,LEVT-M57-Jean-PROCESS-1372-20091121013235;LEVT-M57-Jean-PROCESS-1572-20091121013258;LEVT-M57-Jean-PROCESS-2892-20091123220335;LEVT-M57-Jean-PROCESS-3560-20091123221635,0.6666666666666666,0.7410628019323672,3.812039424065878e-13,4.0,LEVT-M57-Jean-PROCESS-1372-20091121013235;LEVT-M57-Jean-PROCESS-1572-20091121013258;LEVT-M57-Jean-PROCESS-2892-20091123220335;LEVT-M57-Jean-PROCESS-3560-20091123221635,0.6666666666666666,5.0,5.0,46,,,E6,0.25,,,,,,,
phase9,alpha_vs_050,random_state_123,,E6:alpha=.50,E6:alpha=0.25,,10.0,8.0,LEVT-M57-Jean-PROCESS-1372-20091121013235;LEVT-M57-Jean-PROCESS-1572-20091121013258;LEVT-M57-Jean-PROCESS-1836-20091121013308;LEVT-M57-Jean-PROCESS-1944-20091121013301;LEVT-M57-Jean-PROCESS-2892-20091123220335;LEVT-M57-Jean-PROCESS-3560-20091123221635;LEVT-M57-Jean-PROCESS-3996-20091121013335;LEVT-M57-Jean-PROCESS-976-20091121013232,0.6666666666666666,0.7410628019323672,3.812039424065878e-13,4.0,LEVT-M57-Jean-PROCESS-1372-20091121013235;LEVT-M57-Jean-PROCESS-1572-20091121013258;LEVT-M57-Jean-PROCESS-2892-20091123220335;LEVT-M57-Jean-PROCESS-3560-20091123221635,0.6666666666666666,5.0,5.0,46,,,E6,0.25,,,,,,,
phase9,alpha_vs_050,random_state_123,,E6:alpha=.50,E6:alpha=0.75,,3.0,1.0,LEVT-M57-Jean-PROCESS-1572-20091121013258,0.2,0.7623188405797102,7.996855998716201e-14,3.0,LEVT-M57-Jean-PROCESS-1204-20091123165512;LEVT-M57-Jean-PROCESS-1572-20091121013258;LEVT-M57-Jean-PROCESS-3560-20091123221635,0.42857142857142855,5.0,5.0,46,,,E6,0.75,,,,,,,
phase9,alpha_vs_050,random_state_123,,E6:alpha=.50,E6:alpha=0.75,,5.0,3.0,LEVT-M57-Jean-PROCESS-1204-20091123165512;LEVT-M57-Jean-PROCESS-1572-20091121013258;LEVT-M57-Jean-PROCESS-3560-20091123221635,0.42857142857142855,0.7623188405797102,7.996855998716201e-14,3.0,LEVT-M57-Jean-PROCESS-1204-20091123165512;LEVT-M57-Jean-PROCESS-1572-20091121013258;LEVT-M57-Jean-PROCESS-3560-20091123221635,0.42857142857142855,5.0,5.0,46,,,E6,0.75,,,,,,,
phase9,alpha_vs_050,random_state_123,,E6:alpha=.50,E6:alpha=0.75,,10.0,7.0,LEVT-M57-Jean-PROCESS-1204-20091123165512;LEVT-M57-Jean-PROCESS-1372-20091121013235;LEVT-M57-Jean-PROCESS-1572-20091121013258;LEVT-M57-Jean-PROCESS-2080-20091123221633;LEVT-M57-Jean-PROCESS-2892-20091123220335;LEVT-M57-Jean-PROCESS-3560-20091123221635;LEVT-M57-Jean-PROCESS-3996-20091121013335,0.5384615384615384,0.7623188405797102,7.996855998716201e-14,3.0,LEVT-M57-Jean-PROCESS-1204-20091123165512;LEVT-M57-Jean-PROCESS-1572-20091121013258;LEVT-M57-Jean-PROCESS-3560-20091123221635,0.42857142857142855,5.0,5.0,46,,,E6,0.75,,,,,,,
phase9,contamination_candidate_audit,contamination_005,,E1:baseline,E1,,,,,,,,3.0,LEVT-M57-Jean-PROCESS-1204-20091123165512;LEVT-M57-Jean-PROCESS-1572-20091121013258;LEVT-M57-Jean-PROCESS-2080-20091123221633,0.6,,,46,E1,,,,False,True,True,-2.0,,,
phase9,contamination_candidate_audit,contamination_015,,E1:baseline,E1,,,,,,,,5.0,LEVT-M57-Jean-PROCESS-1204-20091123165512;LEVT-M57-Jean-PROCESS-1572-20091121013258;LEVT-M57-Jean-PROCESS-2080-20091123221633;LEVT-M57-Jean-PROCESS-3992-20091123170451;LEVT-M57-Jean-PROCESS-3996-20091121013335,0.7142857142857143,,,46,E1,,,,False,True,True,2.0,,,
phase9,contamination_candidate_audit,contamination_005,,E2:baseline,E2,,,,,,,,3.0,LEVT-M57-Jean-PROCESS-1944-20091121013301;LEVT-M57-Jean-PROCESS-3560-20091123221635;LEVT-M57-Jean-PROCESS-976-20091121013232,0.6,,,46,E2,,,,False,True,True,-2.0,,,
phase9,contamination_candidate_audit,contamination_015,,E2:baseline,E2,,,,,,,,5.0,LEVT-M57-Jean-PROCESS-1372-20091121013235;LEVT-M57-Jean-PROCESS-1944-20091121013301;LEVT-M57-Jean-PROCESS-3560-20091123221635;LEVT-M57-Jean-PROCESS-932-20091121013232;LEVT-M57-Jean-PROCESS-976-20091121013232,0.7142857142857143,,,46,E2,,,,False,True,True,2.0,,,
phase9,contamination_candidate_audit,contamination_005,,E3:baseline,E3,,,,,,,,3.0,LEVT-M57-Jean-PROCESS-1372-20091121013235;LEVT-M57-Jean-PROCESS-1944-20091121013301;LEVT-M57-Jean-PROCESS-3560-20091123221635,0.6,,,46,E3,,,,False,True,True,-2.0,,,
phase9,contamination_candidate_audit,contamination_015,,E3:baseline,E3,,,,,,,,5.0,LEVT-M57-Jean-PROCESS-1372-20091121013235;LEVT-M57-Jean-PROCESS-1836-20091121013308;LEVT-M57-Jean-PROCESS-1944-20091121013301;LEVT-M57-Jean-PROCESS-2892-20091123220335;LEVT-M57-Jean-PROCESS-3560-20091123221635,0.7142857142857143,,,46,E3,,,,False,True,True,2.0,,,
phase9,contamination_candidate_audit,contamination_005,,E4:baseline,E4,,,,,,,,3.0,LEVT-M57-Jean-PROCESS-1204-20091123165512;LEVT-M57-Jean-PROCESS-2892-20091123220335;LEVT-M57-Jean-PROCESS-3560-20091123221635,0.6,,,46,E4,,,,False,True,True,-2.0,,,
phase9,contamination_candidate_audit,contamination_015,,E4:baseline,E4,,,,,,,,5.0,LEVT-M57-Jean-PROCESS-1204-20091123165512;LEVT-M57-Jean-PROCESS-1372-20091121013235;LEVT-M57-Jean-PROCESS-2080-20091123221633;LEVT-M57-Jean-PROCESS-2892-20091123220335;LEVT-M57-Jean-PROCESS-3560-20091123221635,0.7142857142857143,,,46,E4,,,,False,True,True,2.0,,,
legacy,contamination_candidate_audit,contamination_005,,LegacyTemporal5:baseline,LegacyTemporal5,,,,,,,,3.0,LEVT-M57-Jean-PROCESS-1204-20091123165512;LEVT-M57-Jean-PROCESS-3992-20091123170451;LEVT-M57-Jean-PROCESS-3996-20091121013335,0.6,,,46,LegacyTemporal5,,,,False,True,True,-2.0,,,
legacy,contamination_candidate_audit,contamination_015,,LegacyTemporal5:baseline,LegacyTemporal5,,,,,,,,5.0,LEVT-M57-Jean-PROCESS-1204-20091123165512;LEVT-M57-Jean-PROCESS-1248-20091121013234;LEVT-M57-Jean-PROCESS-2004-20091123235245;LEVT-M57-Jean-PROCESS-3992-20091123170451;LEVT-M57-Jean-PROCESS-3996-20091121013335,0.7142857142857143,,,46,LegacyTemporal5,,,,False,True,True,2.0,,,
legacy,contamination_candidate_audit,contamination_005,,LegacyGraphOnly9:baseline,LegacyGraphOnly9,,,,,,,,3.0,LEVT-M57-Jean-PROCESS-1372-20091121013235;LEVT-M57-Jean-PROCESS-1944-20091121013301;LEVT-M57-Jean-PROCESS-3560-20091123221635,0.6,,,46,LegacyGraphOnly9,,,,False,True,True,-2.0,,,
legacy,contamination_candidate_audit,contamination_015,,LegacyGraphOnly9:baseline,LegacyGraphOnly9,,,,,,,,5.0,LEVT-M57-Jean-PROCESS-1372-20091121013235;LEVT-M57-Jean-PROCESS-1836-20091121013308;LEVT-M57-Jean-PROCESS-1944-20091121013301;LEVT-M57-Jean-PROCESS-2892-20091123220335;LEVT-M57-Jean-PROCESS-3560-20091123221635,0.7142857142857143,,,46,LegacyGraphOnly9,,,,False,True,True,2.0,,,
legacy,contamination_candidate_audit,contamination_005,,LegacyGraphAware14:baseline,LegacyGraphAware14,,,,,,,,3.0,LEVT-M57-Jean-PROCESS-1372-20091121013235;LEVT-M57-Jean-PROCESS-2892-20091123220335;LEVT-M57-Jean-PROCESS-3560-20091123221635,0.6,,,46,LegacyGraphAware14,,,,False,True,True,-2.0,,,
legacy,contamination_candidate_audit,contamination_015,,LegacyGraphAware14:baseline,LegacyGraphAware14,,,,,,,,5.0,LEVT-M57-Jean-PROCESS-1372-20091121013235;LEVT-M57-Jean-PROCESS-1944-20091121013301;LEVT-M57-Jean-PROCESS-2892-20091123220335;LEVT-M57-Jean-PROCESS-3560-20091123221635;LEVT-M57-Jean-PROCESS-3992-20091123170451,0.7142857142857143,,,46,LegacyGraphAware14,,,,False,True,True,2.0,,,
phase9,fused_candidate_audit,baseline,,E5,E5,,,,,,,,,,,,,46,,,E5,0.0,,,,,5.0,5.0,LEVT-M57-Jean-PROCESS-1372-20091121013235;LEVT-M57-Jean-PROCESS-1944-20091121013301;LEVT-M57-Jean-PROCESS-3560-20091123221635;LEVT-M57-Jean-PROCESS-932-20091121013232;LEVT-M57-Jean-PROCESS-976-20091121013232
phase9,fused_candidate_audit,baseline,,E5,E5,,,,,,,,,,,,,46,,,E5,0.25,,,,,5.0,5.0,LEVT-M57-Jean-PROCESS-1372-20091121013235;LEVT-M57-Jean-PROCESS-1944-20091121013301;LEVT-M57-Jean-PROCESS-3560-20091123221635;LEVT-M57-Jean-PROCESS-932-20091121013232;LEVT-M57-Jean-PROCESS-976-20091121013232
phase9,fused_candidate_audit,baseline,,E5,E5,,,,,,,,,,,,,46,,,E5,0.5,,,,,5.0,5.0,LEVT-M57-Jean-PROCESS-1372-20091121013235;LEVT-M57-Jean-PROCESS-1944-20091121013301;LEVT-M57-Jean-PROCESS-2080-20091123221633;LEVT-M57-Jean-PROCESS-3560-20091123221635;LEVT-M57-Jean-PROCESS-976-20091121013232
phase9,fused_candidate_audit,baseline,,E5,E5,,,,,,,,,,,,,46,,,E5,0.75,,,,,5.0,5.0,LEVT-M57-Jean-PROCESS-1204-20091123165512;LEVT-M57-Jean-PROCESS-1572-20091121013258;LEVT-M57-Jean-PROCESS-2080-20091123221633;LEVT-M57-Jean-PROCESS-3560-20091123221635;LEVT-M57-Jean-PROCESS-3996-20091121013335
phase9,fused_candidate_audit,baseline,,E5,E5,,,,,,,,,,,,,46,,,E5,1.0,,,,,5.0,5.0,LEVT-M57-Jean-PROCESS-1204-20091123165512;LEVT-M57-Jean-PROCESS-1572-20091121013258;LEVT-M57-Jean-PROCESS-2080-20091123221633;LEVT-M57-Jean-PROCESS-3992-20091123170451;LEVT-M57-Jean-PROCESS-3996-20091121013335
phase9,fused_candidate_audit,n_estimators_250,,E5,E5,,,,,,,,,,,,,46,,,E5,0.0,,,,,5.0,5.0,LEVT-M57-Jean-PROCESS-1372-20091121013235;LEVT-M57-Jean-PROCESS-1944-20091121013301;LEVT-M57-Jean-PROCESS-3560-20091123221635;LEVT-M57-Jean-PROCESS-932-20091121013232;LEVT-M57-Jean-PROCESS-976-20091121013232
phase9,fused_candidate_audit,n_estimators_250,,E5,E5,,,,,,,,,,,,,46,,,E5,0.25,,,,,5.0,5.0,LEVT-M57-Jean-PROCESS-1372-20091121013235;LEVT-M57-Jean-PROCESS-1944-20091121013301;LEVT-M57-Jean-PROCESS-3560-20091123221635;LEVT-M57-Jean-PROCESS-932-20091121013232;LEVT-M57-Jean-PROCESS-976-20091121013232
phase9,fused_candidate_audit,n_estimators_250,,E5,E5,,,,,,,,,,,,,46,,,E5,0.5,,,,,5.0,5.0,LEVT-M57-Jean-PROCESS-1372-20091121013235;LEVT-M57-Jean-PROCESS-1944-20091121013301;LEVT-M57-Jean-PROCESS-2080-20091123221633;LEVT-M57-Jean-PROCESS-3560-20091123221635;LEVT-M57-Jean-PROCESS-976-20091121013232
phase9,fused_candidate_audit,n_estimators_250,,E5,E5,,,,,,,,,,,,,46,,,E5,0.75,,,,,5.0,5.0,LEVT-M57-Jean-PROCESS-1204-20091123165512;LEVT-M57-Jean-PROCESS-1572-20091121013258;LEVT-M57-Jean-PROCESS-2080-20091123221633;LEVT-M57-Jean-PROCESS-3560-20091123221635;LEVT-M57-Jean-PROCESS-3996-20091121013335
phase9,fused_candidate_audit,n_estimators_250,,E5,E5,,,,,,,,,,,,,46,,,E5,1.0,,,,,5.0,5.0,LEVT-M57-Jean-PROCESS-1204-20091123165512;LEVT-M57-Jean-PROCESS-1572-20091121013258;LEVT-M57-Jean-PROCESS-2080-20091123221633;LEVT-M57-Jean-PROCESS-3992-20091123170451;LEVT-M57-Jean-PROCESS-3996-20091121013335
phase9,fused_candidate_audit,n_estimators_1000,,E5,E5,,,,,,,,,,,,,46,,,E5,0.0,,,,,5.0,5.0,LEVT-M57-Jean-PROCESS-1372-20091121013235;LEVT-M57-Jean-PROCESS-1944-20091121013301;LEVT-M57-Jean-PROCESS-3560-20091123221635;LEVT-M57-Jean-PROCESS-932-20091121013232;LEVT-M57-Jean-PROCESS-976-20091121013232
phase9,fused_candidate_audit,n_estimators_1000,,E5,E5,,,,,,,,,,,,,46,,,E5,0.25,,,,,5.0,5.0,LEVT-M57-Jean-PROCESS-1372-20091121013235;LEVT-M57-Jean-PROCESS-1944-20091121013301;LEVT-M57-Jean-PROCESS-3560-20091123221635;LEVT-M57-Jean-PROCESS-932-20091121013232;LEVT-M57-Jean-PROCESS-976-20091121013232
phase9,fused_candidate_audit,n_estimators_1000,,E5,E5,,,,,,,,,,,,,46,,,E5,0.5,,,,,5.0,5.0,LEVT-M57-Jean-PROCESS-1372-20091121013235;LEVT-M57-Jean-PROCESS-1944-20091121013301;LEVT-M57-Jean-PROCESS-2080-20091123221633;LEVT-M57-Jean-PROCESS-3560-20091123221635;LEVT-M57-Jean-PROCESS-976-20091121013232
phase9,fused_candidate_audit,n_estimators_1000,,E5,E5,,,,,,,,,,,,,46,,,E5,0.75,,,,,5.0,5.0,LEVT-M57-Jean-PROCESS-1204-20091123165512;LEVT-M57-Jean-PROCESS-1572-20091121013258;LEVT-M57-Jean-PROCESS-2080-20091123221633;LEVT-M57-Jean-PROCESS-3560-20091123221635;LEVT-M57-Jean-PROCESS-3996-20091121013335
phase9,fused_candidate_audit,n_estimators_1000,,E5,E5,,,,,,,,,,,,,46,,,E5,1.0,,,,,5.0,5.0,LEVT-M57-Jean-PROCESS-1204-20091123165512;LEVT-M57-Jean-PROCESS-1572-20091121013258;LEVT-M57-Jean-PROCESS-2080-20091123221633;LEVT-M57-Jean-PROCESS-3992-20091123170451;LEVT-M57-Jean-PROCESS-3996-20091121013335
phase9,fused_candidate_audit,contamination_005,,E5,E5,,,,,,,,,,,,,46,,,E5,0.0,,,,,3.0,3.0,LEVT-M57-Jean-PROCESS-1944-20091121013301;LEVT-M57-Jean-PROCESS-3560-20091123221635;LEVT-M57-Jean-PROCESS-976-20091121013232
phase9,fused_candidate_audit,contamination_005,,E5,E5,,,,,,,,,,,,,46,,,E5,0.25,,,,,3.0,3.0,LEVT-M57-Jean-PROCESS-1944-20091121013301;LEVT-M57-Jean-PROCESS-3560-20091123221635;LEVT-M57-Jean-PROCESS-976-20091121013232
phase9,fused_candidate_audit,contamination_005,,E5,E5,,,,,,,,,,,,,46,,,E5,0.5,,,,,3.0,3.0,LEVT-M57-Jean-PROCESS-1372-20091121013235;LEVT-M57-Jean-PROCESS-3560-20091123221635;LEVT-M57-Jean-PROCESS-976-20091121013232
phase9,fused_candidate_audit,contamination_005,,E5,E5,,,,,,,,,,,,,46,,,E5,0.75,,,,,3.0,3.0,LEVT-M57-Jean-PROCESS-1204-20091123165512;LEVT-M57-Jean-PROCESS-2080-20091123221633;LEVT-M57-Jean-PROCESS-3996-20091121013335
phase9,fused_candidate_audit,contamination_005,,E5,E5,,,,,,,,,,,,,46,,,E5,1.0,,,,,3.0,3.0,LEVT-M57-Jean-PROCESS-1204-20091123165512;LEVT-M57-Jean-PROCESS-1572-20091121013258;LEVT-M57-Jean-PROCESS-2080-20091123221633
phase9,fused_candidate_audit,contamination_015,,E5,E5,,,,,,,,,,,,,46,,,E5,0.0,,,,,7.0,7.0,LEVT-M57-Jean-PROCESS-1372-20091121013235;LEVT-M57-Jean-PROCESS-1664-20091121013258;LEVT-M57-Jean-PROCESS-1944-20091121013301;LEVT-M57-Jean-PROCESS-2892-20091123220335;LEVT-M57-Jean-PROCESS-3560-20091123221635;LEVT-M57-Jean-PROCESS-932-20091121013232;LEVT-M57-Jean-PROCESS-976-20091121013232
phase9,fused_candidate_audit,contamination_015,,E5,E5,,,,,,,,,,,,,46,,,E5,0.25,,,,,7.0,7.0,LEVT-M57-Jean-PROCESS-1372-20091121013235;LEVT-M57-Jean-PROCESS-1664-20091121013258;LEVT-M57-Jean-PROCESS-1944-20091121013301;LEVT-M57-Jean-PROCESS-2892-20091123220335;LEVT-M57-Jean-PROCESS-3560-20091123221635;LEVT-M57-Jean-PROCESS-932-20091121013232;LEVT-M57-Jean-PROCESS-976-20091121013232
phase9,fused_candidate_audit,contamination_015,,E5,E5,,,,,,,,,,,,,46,,,E5,0.5,,,,,7.0,7.0,LEVT-M57-Jean-PROCESS-1372-20091121013235;LEVT-M57-Jean-PROCESS-1944-20091121013301;LEVT-M57-Jean-PROCESS-2080-20091123221633;LEVT-M57-Jean-PROCESS-3560-20091123221635;LEVT-M57-Jean-PROCESS-3996-20091121013335;LEVT-M57-Jean-PROCESS-932-20091121013232;LEVT-M57-Jean-PROCESS-976-20091121013232
phase9,fused_candidate_audit,contamination_015,,E5,E5,,,,,,,,,,,,,46,,,E5,0.75,,,,,7.0,7.0,LEVT-M57-Jean-PROCESS-1204-20091123165512;LEVT-M57-Jean-PROCESS-1572-20091121013258;LEVT-M57-Jean-PROCESS-2080-20091123221633;LEVT-M57-Jean-PROCESS-3560-20091123221635;LEVT-M57-Jean-PROCESS-3992-20091123170451;LEVT-M57-Jean-PROCESS-3996-20091121013335;LEVT-M57-Jean-PROCESS-908-20091121013232
phase9,fused_candidate_audit,contamination_015,,E5,E5,,,,,,,,,,,,,46,,,E5,1.0,,,,,7.0,7.0,LEVT-M57-Jean-PROCESS-1204-20091123165512;LEVT-M57-Jean-PROCESS-1572-20091121013258;LEVT-M57-Jean-PROCESS-2080-20091123221633;LEVT-M57-Jean-PROCESS-2840-20091123170451;LEVT-M57-Jean-PROCESS-3992-20091123170451;LEVT-M57-Jean-PROCESS-3996-20091121013335;LEVT-M57-Jean-PROCESS-908-20091121013232
phase9,fused_candidate_audit,random_state_0,,E5,E5,,,,,,,,,,,,,46,,,E5,0.0,,,,,5.0,5.0,LEVT-M57-Jean-PROCESS-1372-20091121013235;LEVT-M57-Jean-PROCESS-1944-20091121013301;LEVT-M57-Jean-PROCESS-3560-20091123221635;LEVT-M57-Jean-PROCESS-932-20091121013232;LEVT-M57-Jean-PROCESS-976-20091121013232
phase9,fused_candidate_audit,random_state_0,,E5,E5,,,,,,,,,,,,,46,,,E5,0.25,,,,,5.0,5.0,LEVT-M57-Jean-PROCESS-1372-20091121013235;LEVT-M57-Jean-PROCESS-1944-20091121013301;LEVT-M57-Jean-PROCESS-3560-20091123221635;LEVT-M57-Jean-PROCESS-932-20091121013232;LEVT-M57-Jean-PROCESS-976-20091121013232
phase9,fused_candidate_audit,random_state_0,,E5,E5,,,,,,,,,,,,,46,,,E5,0.5,,,,,5.0,5.0,LEVT-M57-Jean-PROCESS-1372-20091121013235;LEVT-M57-Jean-PROCESS-1944-20091121013301;LEVT-M57-Jean-PROCESS-2080-20091123221633;LEVT-M57-Jean-PROCESS-3560-20091123221635;LEVT-M57-Jean-PROCESS-976-20091121013232
phase9,fused_candidate_audit,random_state_0,,E5,E5,,,,,,,,,,,,,46,,,E5,0.75,,,,,5.0,5.0,LEVT-M57-Jean-PROCESS-1204-20091123165512;LEVT-M57-Jean-PROCESS-1572-20091121013258;LEVT-M57-Jean-PROCESS-2080-20091123221633;LEVT-M57-Jean-PROCESS-3560-20091123221635;LEVT-M57-Jean-PROCESS-3996-20091121013335
phase9,fused_candidate_audit,random_state_0,,E5,E5,,,,,,,,,,,,,46,,,E5,1.0,,,,,5.0,5.0,LEVT-M57-Jean-PROCESS-1204-20091123165512;LEVT-M57-Jean-PROCESS-1572-20091121013258;LEVT-M57-Jean-PROCESS-2080-20091123221633;LEVT-M57-Jean-PROCESS-3992-20091123170451;LEVT-M57-Jean-PROCESS-3996-20091121013335
phase9,fused_candidate_audit,random_state_123,,E5,E5,,,,,,,,,,,,,46,,,E5,0.0,,,,,5.0,5.0,LEVT-M57-Jean-PROCESS-1372-20091121013235;LEVT-M57-Jean-PROCESS-1944-20091121013301;LEVT-M57-Jean-PROCESS-3560-20091123221635;LEVT-M57-Jean-PROCESS-932-20091121013232;LEVT-M57-Jean-PROCESS-976-20091121013232
phase9,fused_candidate_audit,random_state_123,,E5,E5,,,,,,,,,,,,,46,,,E5,0.25,,,,,5.0,5.0,LEVT-M57-Jean-PROCESS-1372-20091121013235;LEVT-M57-Jean-PROCESS-1944-20091121013301;LEVT-M57-Jean-PROCESS-3560-20091123221635;LEVT-M57-Jean-PROCESS-932-20091121013232;LEVT-M57-Jean-PROCESS-976-20091121013232
phase9,fused_candidate_audit,random_state_123,,E5,E5,,,,,,,,,,,,,46,,,E5,0.5,,,,,5.0,5.0,LEVT-M57-Jean-PROCESS-1372-20091121013235;LEVT-M57-Jean-PROCESS-1944-20091121013301;LEVT-M57-Jean-PROCESS-2080-20091123221633;LEVT-M57-Jean-PROCESS-3560-20091123221635;LEVT-M57-Jean-PROCESS-976-20091121013232
phase9,fused_candidate_audit,random_state_123,,E5,E5,,,,,,,,,,,,,46,,,E5,0.75,,,,,5.0,5.0,LEVT-M57-Jean-PROCESS-1204-20091123165512;LEVT-M57-Jean-PROCESS-1572-20091121013258;LEVT-M57-Jean-PROCESS-2080-20091123221633;LEVT-M57-Jean-PROCESS-3560-20091123221635;LEVT-M57-Jean-PROCESS-3996-20091121013335
phase9,fused_candidate_audit,random_state_123,,E5,E5,,,,,,,,,,,,,46,,,E5,1.0,,,,,5.0,5.0,LEVT-M57-Jean-PROCESS-1204-20091123165512;LEVT-M57-Jean-PROCESS-1572-20091121013258;LEVT-M57-Jean-PROCESS-2080-20091123221633;LEVT-M57-Jean-PROCESS-3992-20091123170451;LEVT-M57-Jean-PROCESS-3996-20091121013335
phase9,fused_candidate_audit,baseline,,E6,E6,,,,,,,,,,,,,46,,,E6,0.0,,,,,5.0,5.0,LEVT-M57-Jean-PROCESS-1372-20091121013235;LEVT-M57-Jean-PROCESS-1836-20091121013308;LEVT-M57-Jean-PROCESS-1944-20091121013301;LEVT-M57-Jean-PROCESS-2892-20091123220335;LEVT-M57-Jean-PROCESS-3560-20091123221635
phase9,fused_candidate_audit,baseline,,E6,E6,,,,,,,,,,,,,46,,,E6,0.25,,,,,5.0,5.0,LEVT-M57-Jean-PROCESS-1372-20091121013235;LEVT-M57-Jean-PROCESS-1572-20091121013258;LEVT-M57-Jean-PROCESS-1944-20091121013301;LEVT-M57-Jean-PROCESS-2892-20091123220335;LEVT-M57-Jean-PROCESS-3560-20091123221635
phase9,fused_candidate_audit,baseline,,E6,E6,,,,,,,,,,,,,46,,,E6,0.5,,,,,5.0,5.0,LEVT-M57-Jean-PROCESS-1204-20091123165512;LEVT-M57-Jean-PROCESS-1372-20091121013235;LEVT-M57-Jean-PROCESS-1572-20091121013258;LEVT-M57-Jean-PROCESS-2892-20091123220335;LEVT-M57-Jean-PROCESS-3560-20091123221635
phase9,fused_candidate_audit,baseline,,E6,E6,,,,,,,,,,,,,46,,,E6,0.75,,,,,5.0,5.0,LEVT-M57-Jean-PROCESS-1204-20091123165512;LEVT-M57-Jean-PROCESS-1572-20091121013258;LEVT-M57-Jean-PROCESS-2080-20091123221633;LEVT-M57-Jean-PROCESS-3560-20091123221635;LEVT-M57-Jean-PROCESS-3996-20091121013335
phase9,fused_candidate_audit,baseline,,E6,E6,,,,,,,,,,,,,46,,,E6,1.0,,,,,5.0,5.0,LEVT-M57-Jean-PROCESS-1204-20091123165512;LEVT-M57-Jean-PROCESS-1572-20091121013258;LEVT-M57-Jean-PROCESS-2080-20091123221633;LEVT-M57-Jean-PROCESS-3992-20091123170451;LEVT-M57-Jean-PROCESS-3996-20091121013335
phase9,fused_candidate_audit,n_estimators_250,,E6,E6,,,,,,,,,,,,,46,,,E6,0.0,,,,,5.0,5.0,LEVT-M57-Jean-PROCESS-1372-20091121013235;LEVT-M57-Jean-PROCESS-1836-20091121013308;LEVT-M57-Jean-PROCESS-1944-20091121013301;LEVT-M57-Jean-PROCESS-2892-20091123220335;LEVT-M57-Jean-PROCESS-3560-20091123221635
phase9,fused_candidate_audit,n_estimators_250,,E6,E6,,,,,,,,,,,,,46,,,E6,0.25,,,,,5.0,5.0,LEVT-M57-Jean-PROCESS-1372-20091121013235;LEVT-M57-Jean-PROCESS-1572-20091121013258;LEVT-M57-Jean-PROCESS-1944-20091121013301;LEVT-M57-Jean-PROCESS-2892-20091123220335;LEVT-M57-Jean-PROCESS-3560-20091123221635
phase9,fused_candidate_audit,n_estimators_250,,E6,E6,,,,,,,,,,,,,46,,,E6,0.5,,,,,5.0,5.0,LEVT-M57-Jean-PROCESS-1204-20091123165512;LEVT-M57-Jean-PROCESS-1372-20091121013235;LEVT-M57-Jean-PROCESS-1572-20091121013258;LEVT-M57-Jean-PROCESS-2892-20091123220335;LEVT-M57-Jean-PROCESS-3560-20091123221635
phase9,fused_candidate_audit,n_estimators_250,,E6,E6,,,,,,,,,,,,,46,,,E6,0.75,,,,,5.0,5.0,LEVT-M57-Jean-PROCESS-1204-20091123165512;LEVT-M57-Jean-PROCESS-1572-20091121013258;LEVT-M57-Jean-PROCESS-2080-20091123221633;LEVT-M57-Jean-PROCESS-3560-20091123221635;LEVT-M57-Jean-PROCESS-3996-20091121013335
phase9,fused_candidate_audit,n_estimators_250,,E6,E6,,,,,,,,,,,,,46,,,E6,1.0,,,,,5.0,5.0,LEVT-M57-Jean-PROCESS-1204-20091123165512;LEVT-M57-Jean-PROCESS-1572-20091121013258;LEVT-M57-Jean-PROCESS-2080-20091123221633;LEVT-M57-Jean-PROCESS-3992-20091123170451;LEVT-M57-Jean-PROCESS-3996-20091121013335
phase9,fused_candidate_audit,n_estimators_1000,,E6,E6,,,,,,,,,,,,,46,,,E6,0.0,,,,,5.0,5.0,LEVT-M57-Jean-PROCESS-1372-20091121013235;LEVT-M57-Jean-PROCESS-1836-20091121013308;LEVT-M57-Jean-PROCESS-1944-20091121013301;LEVT-M57-Jean-PROCESS-2892-20091123220335;LEVT-M57-Jean-PROCESS-3560-20091123221635
phase9,fused_candidate_audit,n_estimators_1000,,E6,E6,,,,,,,,,,,,,46,,,E6,0.25,,,,,5.0,5.0,LEVT-M57-Jean-PROCESS-1372-20091121013235;LEVT-M57-Jean-PROCESS-1572-20091121013258;LEVT-M57-Jean-PROCESS-1944-20091121013301;LEVT-M57-Jean-PROCESS-2892-20091123220335;LEVT-M57-Jean-PROCESS-3560-20091123221635
phase9,fused_candidate_audit,n_estimators_1000,,E6,E6,,,,,,,,,,,,,46,,,E6,0.5,,,,,5.0,5.0,LEVT-M57-Jean-PROCESS-1204-20091123165512;LEVT-M57-Jean-PROCESS-1372-20091121013235;LEVT-M57-Jean-PROCESS-1572-20091121013258;LEVT-M57-Jean-PROCESS-2892-20091123220335;LEVT-M57-Jean-PROCESS-3560-20091123221635
phase9,fused_candidate_audit,n_estimators_1000,,E6,E6,,,,,,,,,,,,,46,,,E6,0.75,,,,,5.0,5.0,LEVT-M57-Jean-PROCESS-1204-20091123165512;LEVT-M57-Jean-PROCESS-1572-20091121013258;LEVT-M57-Jean-PROCESS-2080-20091123221633;LEVT-M57-Jean-PROCESS-3560-20091123221635;LEVT-M57-Jean-PROCESS-3996-20091121013335
phase9,fused_candidate_audit,n_estimators_1000,,E6,E6,,,,,,,,,,,,,46,,,E6,1.0,,,,,5.0,5.0,LEVT-M57-Jean-PROCESS-1204-20091123165512;LEVT-M57-Jean-PROCESS-1572-20091121013258;LEVT-M57-Jean-PROCESS-2080-20091123221633;LEVT-M57-Jean-PROCESS-3992-20091123170451;LEVT-M57-Jean-PROCESS-3996-20091121013335
phase9,fused_candidate_audit,contamination_005,,E6,E6,,,,,,,,,,,,,46,,,E6,0.0,,,,,3.0,3.0,LEVT-M57-Jean-PROCESS-1372-20091121013235;LEVT-M57-Jean-PROCESS-1944-20091121013301;LEVT-M57-Jean-PROCESS-3560-20091123221635
phase9,fused_candidate_audit,contamination_005,,E6,E6,,,,,,,,,,,,,46,,,E6,0.25,,,,,3.0,3.0,LEVT-M57-Jean-PROCESS-1372-20091121013235;LEVT-M57-Jean-PROCESS-1572-20091121013258;LEVT-M57-Jean-PROCESS-3560-20091123221635
phase9,fused_candidate_audit,contamination_005,,E6,E6,,,,,,,,,,,,,46,,,E6,0.5,,,,,3.0,3.0,LEVT-M57-Jean-PROCESS-1572-20091121013258;LEVT-M57-Jean-PROCESS-2892-20091123220335;LEVT-M57-Jean-PROCESS-3560-20091123221635
phase9,fused_candidate_audit,contamination_005,,E6,E6,,,,,,,,,,,,,46,,,E6,0.75,,,,,3.0,3.0,LEVT-M57-Jean-PROCESS-1204-20091123165512;LEVT-M57-Jean-PROCESS-1572-20091121013258;LEVT-M57-Jean-PROCESS-2080-20091123221633
phase9,fused_candidate_audit,contamination_005,,E6,E6,,,,,,,,,,,,,46,,,E6,1.0,,,,,3.0,3.0,LEVT-M57-Jean-PROCESS-1204-20091123165512;LEVT-M57-Jean-PROCESS-1572-20091121013258;LEVT-M57-Jean-PROCESS-2080-20091123221633
phase9,fused_candidate_audit,contamination_015,,E6,E6,,,,,,,,,,,,,46,,,E6,0.0,,,,,7.0,7.0,LEVT-M57-Jean-PROCESS-1372-20091121013235;LEVT-M57-Jean-PROCESS-1572-20091121013258;LEVT-M57-Jean-PROCESS-1836-20091121013308;LEVT-M57-Jean-PROCESS-1944-20091121013301;LEVT-M57-Jean-PROCESS-2892-20091123220335;LEVT-M57-Jean-PROCESS-3560-20091123221635;LEVT-M57-Jean-PROCESS-976-20091121013232
phase9,fused_candidate_audit,contamination_015,,E6,E6,,,,,,,,,,,,,46,,,E6,0.25,,,,,7.0,7.0,LEVT-M57-Jean-PROCESS-1372-20091121013235;LEVT-M57-Jean-PROCESS-1572-20091121013258;LEVT-M57-Jean-PROCESS-1836-20091121013308;LEVT-M57-Jean-PROCESS-1944-20091121013301;LEVT-M57-Jean-PROCESS-2892-20091123220335;LEVT-M57-Jean-PROCESS-3560-20091123221635;LEVT-M57-Jean-PROCESS-976-20091121013232
phase9,fused_candidate_audit,contamination_015,,E6,E6,,,,,,,,,,,,,46,,,E6,0.5,,,,,7.0,7.0,LEVT-M57-Jean-PROCESS-1204-20091123165512;LEVT-M57-Jean-PROCESS-1372-20091121013235;LEVT-M57-Jean-PROCESS-1572-20091121013258;LEVT-M57-Jean-PROCESS-2080-20091123221633;LEVT-M57-Jean-PROCESS-2892-20091123220335;LEVT-M57-Jean-PROCESS-3560-20091123221635;LEVT-M57-Jean-PROCESS-3996-20091121013335
phase9,fused_candidate_audit,contamination_015,,E6,E6,,,,,,,,,,,,,46,,,E6,0.75,,,,,7.0,7.0,LEVT-M57-Jean-PROCESS-1204-20091123165512;LEVT-M57-Jean-PROCESS-1572-20091121013258;LEVT-M57-Jean-PROCESS-2080-20091123221633;LEVT-M57-Jean-PROCESS-3560-20091123221635;LEVT-M57-Jean-PROCESS-3992-20091123170451;LEVT-M57-Jean-PROCESS-3996-20091121013335;LEVT-M57-Jean-PROCESS-908-20091121013232
phase9,fused_candidate_audit,contamination_015,,E6,E6,,,,,,,,,,,,,46,,,E6,1.0,,,,,7.0,7.0,LEVT-M57-Jean-PROCESS-1204-20091123165512;LEVT-M57-Jean-PROCESS-1572-20091121013258;LEVT-M57-Jean-PROCESS-2080-20091123221633;LEVT-M57-Jean-PROCESS-2840-20091123170451;LEVT-M57-Jean-PROCESS-3992-20091123170451;LEVT-M57-Jean-PROCESS-3996-20091121013335;LEVT-M57-Jean-PROCESS-908-20091121013232
phase9,fused_candidate_audit,random_state_0,,E6,E6,,,,,,,,,,,,,46,,,E6,0.0,,,,,5.0,5.0,LEVT-M57-Jean-PROCESS-1372-20091121013235;LEVT-M57-Jean-PROCESS-1836-20091121013308;LEVT-M57-Jean-PROCESS-1944-20091121013301;LEVT-M57-Jean-PROCESS-2892-20091123220335;LEVT-M57-Jean-PROCESS-3560-20091123221635
phase9,fused_candidate_audit,random_state_0,,E6,E6,,,,,,,,,,,,,46,,,E6,0.25,,,,,5.0,5.0,LEVT-M57-Jean-PROCESS-1372-20091121013235;LEVT-M57-Jean-PROCESS-1572-20091121013258;LEVT-M57-Jean-PROCESS-1944-20091121013301;LEVT-M57-Jean-PROCESS-2892-20091123220335;LEVT-M57-Jean-PROCESS-3560-20091123221635
phase9,fused_candidate_audit,random_state_0,,E6,E6,,,,,,,,,,,,,46,,,E6,0.5,,,,,5.0,5.0,LEVT-M57-Jean-PROCESS-1204-20091123165512;LEVT-M57-Jean-PROCESS-1372-20091121013235;LEVT-M57-Jean-PROCESS-1572-20091121013258;LEVT-M57-Jean-PROCESS-2892-20091123220335;LEVT-M57-Jean-PROCESS-3560-20091123221635
phase9,fused_candidate_audit,random_state_0,,E6,E6,,,,,,,,,,,,,46,,,E6,0.75,,,,,5.0,5.0,LEVT-M57-Jean-PROCESS-1204-20091123165512;LEVT-M57-Jean-PROCESS-1572-20091121013258;LEVT-M57-Jean-PROCESS-2080-20091123221633;LEVT-M57-Jean-PROCESS-3560-20091123221635;LEVT-M57-Jean-PROCESS-3996-20091121013335
phase9,fused_candidate_audit,random_state_0,,E6,E6,,,,,,,,,,,,,46,,,E6,1.0,,,,,5.0,5.0,LEVT-M57-Jean-PROCESS-1204-20091123165512;LEVT-M57-Jean-PROCESS-1572-20091121013258;LEVT-M57-Jean-PROCESS-2080-20091123221633;LEVT-M57-Jean-PROCESS-3992-20091123170451;LEVT-M57-Jean-PROCESS-3996-20091121013335
phase9,fused_candidate_audit,random_state_123,,E6,E6,,,,,,,,,,,,,46,,,E6,0.0,,,,,5.0,5.0,LEVT-M57-Jean-PROCESS-1372-20091121013235;LEVT-M57-Jean-PROCESS-1836-20091121013308;LEVT-M57-Jean-PROCESS-1944-20091121013301;LEVT-M57-Jean-PROCESS-2892-20091123220335;LEVT-M57-Jean-PROCESS-3560-20091123221635
phase9,fused_candidate_audit,random_state_123,,E6,E6,,,,,,,,,,,,,46,,,E6,0.25,,,,,5.0,5.0,LEVT-M57-Jean-PROCESS-1372-20091121013235;LEVT-M57-Jean-PROCESS-1572-20091121013258;LEVT-M57-Jean-PROCESS-1944-20091121013301;LEVT-M57-Jean-PROCESS-2892-20091123220335;LEVT-M57-Jean-PROCESS-3560-20091123221635
phase9,fused_candidate_audit,random_state_123,,E6,E6,,,,,,,,,,,,,46,,,E6,0.5,,,,,5.0,5.0,LEVT-M57-Jean-PROCESS-1204-20091123165512;LEVT-M57-Jean-PROCESS-1372-20091121013235;LEVT-M57-Jean-PROCESS-1572-20091121013258;LEVT-M57-Jean-PROCESS-2892-20091123220335;LEVT-M57-Jean-PROCESS-3560-20091123221635
phase9,fused_candidate_audit,random_state_123,,E6,E6,,,,,,,,,,,,,46,,,E6,0.75,,,,,5.0,5.0,LEVT-M57-Jean-PROCESS-1204-20091123165512;LEVT-M57-Jean-PROCESS-1572-20091121013258;LEVT-M57-Jean-PROCESS-2080-20091123221633;LEVT-M57-Jean-PROCESS-3560-20091123221635;LEVT-M57-Jean-PROCESS-3996-20091121013335
phase9,fused_candidate_audit,random_state_123,,E6,E6,,,,,,,,,,,,,46,,,E6,1.0,,,,,5.0,5.0,LEVT-M57-Jean-PROCESS-1204-20091123165512;LEVT-M57-Jean-PROCESS-1572-20091121013258;LEVT-M57-Jean-PROCESS-2080-20091123221633;LEVT-M57-Jean-PROCESS-3992-20091123170451;LEVT-M57-Jean-PROCESS-3996-20091121013335
legacy,legacy_validated_alpha_vs_050,read_only_existing_fusion,,LegacyFusion_alpha_0.50,LegacyFusion_alpha_0.00,,3.0,2.0,LEVT-M57-Jean-PROCESS-1372-20091121013235;LEVT-M57-Jean-PROCESS-3560-20091123221635,0.5,0.41377824133125546,6.86570820407965e-05,3.0,LEVT-M57-Jean-PROCESS-1372-20091121013235;LEVT-M57-Jean-PROCESS-2892-20091123220335;LEVT-M57-Jean-PROCESS-3560-20091123221635,0.42857142857142855,5.0,5.0,46,,,,0.0,,,,,,,
legacy,legacy_validated_alpha_vs_050,read_only_existing_fusion,,LegacyFusion_alpha_0.50,LegacyFusion_alpha_0.00,,5.0,3.0,LEVT-M57-Jean-PROCESS-1372-20091121013235;LEVT-M57-Jean-PROCESS-2892-20091123220335;LEVT-M57-Jean-PROCESS-3560-20091123221635,0.42857142857142855,0.41377824133125546,6.86570820407965e-05,3.0,LEVT-M57-Jean-PROCESS-1372-20091121013235;LEVT-M57-Jean-PROCESS-2892-20091123220335;LEVT-M57-Jean-PROCESS-3560-20091123221635,0.42857142857142855,5.0,5.0,46,,,,0.0,,,,,,,
legacy,legacy_validated_alpha_vs_050,read_only_existing_fusion,,LegacyFusion_alpha_0.50,LegacyFusion_alpha_0.00,,10.0,5.0,LEVT-M57-Jean-PROCESS-1372-20091121013235;LEVT-M57-Jean-PROCESS-1572-20091121013258;LEVT-M57-Jean-PROCESS-1944-20091121013301;LEVT-M57-Jean-PROCESS-2892-20091123220335;LEVT-M57-Jean-PROCESS-3560-20091123221635,0.3333333333333333,0.41377824133125546,6.86570820407965e-05,3.0,LEVT-M57-Jean-PROCESS-1372-20091121013235;LEVT-M57-Jean-PROCESS-2892-20091123220335;LEVT-M57-Jean-PROCESS-3560-20091123221635,0.42857142857142855,5.0,5.0,46,,,,0.0,,,,,,,
legacy,legacy_validated_alpha_vs_050,read_only_existing_fusion,,LegacyFusion_alpha_0.50,LegacyFusion_alpha_0.25,,3.0,2.0,LEVT-M57-Jean-PROCESS-1372-20091121013235;LEVT-M57-Jean-PROCESS-3560-20091123221635,0.5,0.7391304347826088,4.384264337554626e-13,4.0,LEVT-M57-Jean-PROCESS-1372-20091121013235;LEVT-M57-Jean-PROCESS-1572-20091121013258;LEVT-M57-Jean-PROCESS-2892-20091123220335;LEVT-M57-Jean-PROCESS-3560-20091123221635,0.6666666666666666,5.0,5.0,46,,,,0.25,,,,,,,
legacy,legacy_validated_alpha_vs_050,read_only_existing_fusion,,LegacyFusion_alpha_0.50,LegacyFusion_alpha_0.25,,5.0,4.0,LEVT-M57-Jean-PROCESS-1372-20091121013235;LEVT-M57-Jean-PROCESS-1572-20091121013258;LEVT-M57-Jean-PROCESS-2892-20091123220335;LEVT-M57-Jean-PROCESS-3560-20091123221635,0.6666666666666666,0.7391304347826088,4.384264337554626e-13,4.0,LEVT-M57-Jean-PROCESS-1372-20091121013235;LEVT-M57-Jean-PROCESS-1572-20091121013258;LEVT-M57-Jean-PROCESS-2892-20091123220335;LEVT-M57-Jean-PROCESS-3560-20091123221635,0.6666666666666666,5.0,5.0,46,,,,0.25,,,,,,,
legacy,legacy_validated_alpha_vs_050,read_only_existing_fusion,,LegacyFusion_alpha_0.50,LegacyFusion_alpha_0.25,,10.0,7.0,LEVT-M57-Jean-PROCESS-1372-20091121013235;LEVT-M57-Jean-PROCESS-1572-20091121013258;LEVT-M57-Jean-PROCESS-1944-20091121013301;LEVT-M57-Jean-PROCESS-2892-20091123220335;LEVT-M57-Jean-PROCESS-3560-20091123221635;LEVT-M57-Jean-PROCESS-3992-20091123170451;LEVT-M57-Jean-PROCESS-3996-20091121013335,0.5384615384615384,0.7391304347826088,4.384264337554626e-13,4.0,LEVT-M57-Jean-PROCESS-1372-20091121013235;LEVT-M57-Jean-PROCESS-1572-20091121013258;LEVT-M57-Jean-PROCESS-2892-20091123220335;LEVT-M57-Jean-PROCESS-3560-20091123221635,0.6666666666666666,5.0,5.0,46,,,,0.25,,,,,,,
legacy,legacy_validated_alpha_vs_050,read_only_existing_fusion,,LegacyFusion_alpha_0.50,LegacyFusion_alpha_0.75,,3.0,1.0,LEVT-M57-Jean-PROCESS-1372-20091121013235,0.2,0.7874396135265701,1.1952658481789255e-14,3.0,LEVT-M57-Jean-PROCESS-1372-20091121013235;LEVT-M57-Jean-PROCESS-1572-20091121013258;LEVT-M57-Jean-PROCESS-3996-20091121013335,0.42857142857142855,5.0,5.0,46,,,,0.75,,,,,,,
legacy,legacy_validated_alpha_vs_050,read_only_existing_fusion,,LegacyFusion_alpha_0.50,LegacyFusion_alpha_0.75,,5.0,3.0,LEVT-M57-Jean-PROCESS-1372-20091121013235;LEVT-M57-Jean-PROCESS-1572-20091121013258;LEVT-M57-Jean-PROCESS-3996-20091121013335,0.42857142857142855,0.7874396135265701,1.1952658481789255e-14,3.0,LEVT-M57-Jean-PROCESS-1372-20091121013235;LEVT-M57-Jean-PROCESS-1572-20091121013258;LEVT-M57-Jean-PROCESS-3996-20091121013335,0.42857142857142855,5.0,5.0,46,,,,0.75,,,,,,,
legacy,legacy_validated_alpha_vs_050,read_only_existing_fusion,,LegacyFusion_alpha_0.50,LegacyFusion_alpha_0.75,,10.0,8.0,LEVT-M57-Jean-PROCESS-1204-20091123165512;LEVT-M57-Jean-PROCESS-1372-20091121013235;LEVT-M57-Jean-PROCESS-1572-20091121013258;LEVT-M57-Jean-PROCESS-2004-20091123235245;LEVT-M57-Jean-PROCESS-3560-20091123221635;LEVT-M57-Jean-PROCESS-3992-20091123170451;LEVT-M57-Jean-PROCESS-3996-20091121013335;LEVT-M57-Jean-PROCESS-4028-20091123171439,0.6666666666666666,0.7874396135265701,1.1952658481789255e-14,3.0,LEVT-M57-Jean-PROCESS-1372-20091121013235;LEVT-M57-Jean-PROCESS-1572-20091121013258;LEVT-M57-Jean-PROCESS-3996-20091121013335,0.42857142857142855,5.0,5.0,46,,,,0.75,,,,,,,
legacy,legacy_validated_alpha_vs_050,read_only_existing_fusion,,LegacyFusion_alpha_0.50,LegacyFusion_alpha_1.00,,3.0,0.0,,0.0,0.5732341881694271,2.170230004579812e-08,1.0,LEVT-M57-Jean-PROCESS-3996-20091121013335,0.1111111111111111,5.0,5.0,46,,,,1.0,,,,,,,
legacy,legacy_validated_alpha_vs_050,read_only_existing_fusion,,LegacyFusion_alpha_0.50,LegacyFusion_alpha_1.00,,5.0,1.0,LEVT-M57-Jean-PROCESS-3996-20091121013335,0.1111111111111111,0.5732341881694271,2.170230004579812e-08,1.0,LEVT-M57-Jean-PROCESS-3996-20091121013335,0.1111111111111111,5.0,5.0,46,,,,1.0,,,,,,,
legacy,legacy_validated_alpha_vs_050,read_only_existing_fusion,,LegacyFusion_alpha_0.50,LegacyFusion_alpha_1.00,,10.0,7.0,LEVT-M57-Jean-PROCESS-1204-20091123165512;LEVT-M57-Jean-PROCESS-1372-20091121013235;LEVT-M57-Jean-PROCESS-1572-20091121013258;LEVT-M57-Jean-PROCESS-2004-20091123235245;LEVT-M57-Jean-PROCESS-3992-20091123170451;LEVT-M57-Jean-PROCESS-3996-20091121013335;LEVT-M57-Jean-PROCESS-4028-20091123171439,0.5384615384615384,0.5732341881694271,2.170230004579812e-08,1.0,LEVT-M57-Jean-PROCESS-3996-20091121013335,0.1111111111111111,5.0,5.0,46,,,,1.0,,,,,,,
