case_id,event_id,timestamp,timestamp_end,timestamp_confidence,source,artifact_type,event_type,action,user,host,process,parent_process,process_id,parent_process_id,command_line,file,file_path,file_hash,device,ip_src,ip_dst,port_src,port_dst,protocol,parent_event_id,related_event_id,relationship,evidence_id,provenance
M57-Jean,EVT-M57-Jean-PROCESS-0,,,unknown,memory,pslist,process,process_start,,,System,,4,0.0,,,,,,,,,,,,,,M57-Jean-MEM-PSLIST-0,Volatility 3 windows.pslist from M57-Jean memory image
M57-Jean,EVT-M57-Jean-PARENT-0,,,unknown,memory,pstree,process_relationship,parent_of,,,System,,4,0.0,,,,,,,,,,,,,parent_of,M57-Jean-MEM-PSTREE-0,Volatility 3 windows.pstree from M57-Jean memory image
M57-Jean,EVT-M57-Jean-CMD-1,,,unknown,memory,cmdline,command_line,observed,,,smss.exe,,812,,\\SystemRoot\\System32\\smss.exe,,,,,,,,,,,,,M57-Jean-MEM-CMDLINE-1,Volatility 3 windows.cmdline from M57-Jean memory image
M57-Jean,EVT-M57-Jean-CMD-2,,,unknown,memory,cmdline,command_line,observed,,,csrss.exe,,908,,"C:\\WINDOWS\\system32\\csrss.exe ObjectDirectory=\\Windows SharedSection=1024,3072,512 Windows=On SubSystemType=Windows ServerDll=basesrv,1 ServerDll=winsrv:UserServerDllInitialization,3 ServerDll=winsrv:ConServerDllInitialization,2 ProfileControl=Off MaxRequestThreads=16",,,,,,,,,,,,,M57-Jean-MEM-CMDLINE-2,Volatility 3 windows.cmdline from M57-Jean memory image
M57-Jean,EVT-M57-Jean-CMD-3,,,unknown,memory,cmdline,command_line,observed,,,winlogon.exe,,932,,winlogon.exe,,,,,,,,,,,,,M57-Jean-MEM-CMDLINE-3,Volatility 3 windows.cmdline from M57-Jean memory image
M57-Jean,EVT-M57-Jean-CMD-4,,,unknown,memory,cmdline,command_line,observed,,,services.exe,,976,,C:\\WINDOWS\\system32\\services.exe,,,,,,,,,,,,,M57-Jean-MEM-CMDLINE-4,Volatility 3 windows.cmdline from M57-Jean memory image
M57-Jean,EVT-M57-Jean-CMD-5,,,unknown,memory,cmdline,command_line,observed,,,lsass.exe,,988,,C:\\WINDOWS\\system32\\lsass.exe,,,,,,,,,,,,,M57-Jean-MEM-CMDLINE-5,Volatility 3 windows.cmdline from M57-Jean memory image
M57-Jean,EVT-M57-Jean-CMD-6,,,unknown,memory,cmdline,command_line,observed,,,svchost.exe,,1152,,C:\\WINDOWS\\system32\\svchost -k DcomLaunch,,,,,,,,,,,,,M57-Jean-MEM-CMDLINE-6,Volatility 3 windows.cmdline from M57-Jean memory image
M57-Jean,EVT-M57-Jean-CMD-7,,,unknown,memory,cmdline,command_line,observed,,,svchost.exe,,1248,,C:\\WINDOWS\\system32\\svchost -k rpcss,,,,,,,,,,,,,M57-Jean-MEM-CMDLINE-7,Volatility 3 windows.cmdline from M57-Jean memory image
M57-Jean,EVT-M57-Jean-CMD-8,,,unknown,memory,cmdline,command_line,observed,,,svchost.exe,,1372,,C:\\WINDOWS\\System32\\svchost.exe -k netsvcs,,,,,,,,,,,,,M57-Jean-MEM-CMDLINE-8,Volatility 3 windows.cmdline from M57-Jean memory image
M57-Jean,EVT-M57-Jean-CMD-9,,,unknown,memory,cmdline,command_line,observed,,,svchost.exe,,1432,,C:\\WINDOWS\\system32\\svchost.exe -k NetworkService,,,,,,,,,,,,,M57-Jean-MEM-CMDLINE-9,Volatility 3 windows.cmdline from M57-Jean memory image
M57-Jean,EVT-M57-Jean-CMD-11,,,unknown,memory,cmdline,command_line,observed,,,avgrsx.exe,,1620,,"""C:\\Program Files\\AVG\\AVG9\\avgrsx.exe""",,,,,,,,,,,,,M57-Jean-MEM-CMDLINE-11,Volatility 3 windows.cmdline from M57-Jean memory image
M57-Jean,EVT-M57-Jean-CMD-12,,,unknown,memory,cmdline,command_line,observed,,,svchost.exe,,1732,,C:\\WINDOWS\\system32\\svchost.exe -k LocalService,,,,,,,,,,,,,M57-Jean-MEM-CMDLINE-12,Volatility 3 windows.cmdline from M57-Jean memory image
M57-Jean,EVT-M57-Jean-CMD-13,,,unknown,memory,cmdline,command_line,observed,,,avgcsrvx.exe,,1760,,"/pipeName=0b720fae-9bea-4b90-9ac0-f1207b2898d4 /coreSdkOptions=30 /logConfFile=""C:\\Documents and Settings\\All Users\\Application Data\\avg9\\temp\\2751d143-4c87-4183-9a2a-ec825d6a1686-654-oopp.tmp"" /loggerName=AVG.RS.Core /binaryPath=""C:\\Program Files\\AVG\\AVG9\\"" /tempPath=""C:\\Documents and Settings\\All Users\\Application Data\\avg9\\temp\\""",,,,,,,,,,,,,M57-Jean-MEM-CMDLINE-13,Volatility 3 windows.cmdline from M57-Jean memory image
M57-Jean,EVT-M57-Jean-CMD-14,,,unknown,memory,cmdline,command_line,observed,,,spoolsv.exe,,1996,,C:\\WINDOWS\\system32\\spoolsv.exe,,,,,,,,,,,,,M57-Jean-MEM-CMDLINE-14,Volatility 3 windows.cmdline from M57-Jean memory image
M57-Jean,EVT-M57-Jean-CMD-15,,,unknown,memory,cmdline,command_line,observed,,,AVGIDSAgent.exe,,2028,,"""C:\\Program Files\\AVG\\AVG9\\Identity Protection\\Agent\\Bin\\AVGIDSAgent.exe"" AVGIDSAgent",,,,,,,,,,,,,M57-Jean-MEM-CMDLINE-15,Volatility 3 windows.cmdline from M57-Jean memory image
M57-Jean,EVT-M57-Jean-CMD-17,,,unknown,memory,cmdline,command_line,observed,,,avgwdsvc.exe,,1664,,"""C:\\Program Files\\AVG\\AVG9\\avgwdsvc.exe""",,,,,,,,,,,,,M57-Jean-MEM-CMDLINE-17,Volatility 3 windows.cmdline from M57-Jean memory image
M57-Jean,EVT-M57-Jean-CMD-18,,,unknown,memory,cmdline,command_line,observed,,,avgfws9.exe,,1796,,"""C:\\Program Files\\AVG\\AVG9\\avgfws9.exe""",,,,,,,,,,,,,M57-Jean-MEM-CMDLINE-18,Volatility 3 windows.cmdline from M57-Jean memory image
M57-Jean,EVT-M57-Jean-CMD-19,,,unknown,memory,cmdline,command_line,observed,,,jqs.exe,,344,,"""C:\\Program Files\\Java\\jre6\\bin\\jqs.exe"" -service -config ""C:\\Program Files\\Java\\jre6\\lib\\deploy\\jqs\\jqs.conf""",,,,,,,,,,,,,M57-Jean-MEM-CMDLINE-19,Volatility 3 windows.cmdline from M57-Jean memory image
M57-Jean,EVT-M57-Jean-CMD-20,,,unknown,memory,cmdline,command_line,observed,,,explorer.exe,,1944,,C:\\WINDOWS\\Explorer.EXE,,,,,,,,,,,,,M57-Jean-MEM-CMDLINE-20,Volatility 3 windows.cmdline from M57-Jean memory image
M57-Jean,EVT-M57-Jean-CMD-22,,,unknown,memory,cmdline,command_line,observed,,,avgtray.exe,,1508,,"""C:\\PROGRA~1\\AVG\\AVG9\\avgtray.exe""",,,,,,,,,,,,,M57-Jean-MEM-CMDLINE-22,Volatility 3 windows.cmdline from M57-Jean memory image
M57-Jean,EVT-M57-Jean-CMD-25,,,unknown,memory,cmdline,command_line,observed,,,msmsgs.exe,,1752,,"""C:\\Program Files\\Messenger\\msmsgs.exe"" /background",,,,,,,,,,,,,M57-Jean-MEM-CMDLINE-25,Volatility 3 windows.cmdline from M57-Jean memory image
M57-Jean,EVT-M57-Jean-CMD-27,,,unknown,memory,cmdline,command_line,observed,,,avgemc.exe,,2132,,"""C:\\Program Files\\AVG\\AVG9\\avgemc.exe""",,,,,,,,,,,,,M57-Jean-MEM-CMDLINE-27,Volatility 3 windows.cmdline from M57-Jean memory image
M57-Jean,EVT-M57-Jean-CMD-28,,,unknown,memory,cmdline,command_line,observed,,,avgam.exe,,2244,,"""C:\\Program Files\\AVG\\AVG9\\avgam.exe""",,,,,,,,,,,,,M57-Jean-MEM-CMDLINE-28,Volatility 3 windows.cmdline from M57-Jean memory image
M57-Jean,EVT-M57-Jean-CMD-29,,,unknown,memory,cmdline,command_line,observed,,,avgnsx.exe,,2296,,"""C:\\Program Files\\AVG\\AVG9\\avgnsx.exe""",,,,,,,,,,,,,M57-Jean-MEM-CMDLINE-29,Volatility 3 windows.cmdline from M57-Jean memory image
M57-Jean,EVT-M57-Jean-CMD-31,,,unknown,memory,cmdline,command_line,observed,,,alg.exe,,3996,,C:\\WINDOWS\\System32\\alg.exe,,,,,,,,,,,,,M57-Jean-MEM-CMDLINE-31,Volatility 3 windows.cmdline from M57-Jean memory image
M57-Jean,EVT-M57-Jean-CMD-32,,,unknown,memory,cmdline,command_line,observed,,,avgcsrvx.exe,,1356,,"/pipeName=58f9671a-3f88-4487-b719-ce0f5ea9d328 /coreSdkOptions=18 /logConfFile=""C:\\Documents and Settings\\All Users\\Application Data\\avg9\\temp\\18ac7e4b-479c-4164-aa2b-1f89a4bde7f5-8f8-oopp.tmp"" /loggerName=AVG.NS.Core /tempPath=""C:\\Documents and Settings\\All Users\\Application Data\\avg9\\temp\\""",,,,,,,,,,,,,M57-Jean-MEM-CMDLINE-32,Volatility 3 windows.cmdline from M57-Jean memory image
M57-Jean,EVT-M57-Jean-CMD-34,,,unknown,memory,cmdline,command_line,observed,,,msimn.exe,,208,,"""C:\\Program Files\\Outlook Express\\msimn.exe""",,,,,,,,,,,,,M57-Jean-MEM-CMDLINE-34,Volatility 3 windows.cmdline from M57-Jean memory image
M57-Jean,EVT-M57-Jean-CMD-39,,,unknown,memory,cmdline,command_line,observed,,,firefox.exe,,2892,,"""C:\\Program Files\\Mozilla Firefox\\firefox.exe""",,,,,,,,,,,,,M57-Jean-MEM-CMDLINE-39,Volatility 3 windows.cmdline from M57-Jean memory image
M57-Jean,EVT-M57-Jean-CMD-41,,,unknown,memory,cmdline,command_line,observed,,,swriter.exe,,2080,,"""C:\\Program Files\\OpenOffice.org 3\\program\\swriter.exe""  -o ""C:\\Documents and Settings\\Pat\\My Documents\\Will1.odt""",,,,,,,,,,,,,M57-Jean-MEM-CMDLINE-41,Volatility 3 windows.cmdline from M57-Jean memory image
M57-Jean,EVT-M57-Jean-CMD-42,,,unknown,memory,cmdline,command_line,observed,,,soffice.exe,,3908,,"""C:\\Program Files\\OpenOffice.org 3\\program\\swriter.exe""  -o ""C:\\Documents and Settings\\Pat\\My Documents\\Will1.odt"" -writer",,,,,,,,,,,,,M57-Jean-MEM-CMDLINE-42,Volatility 3 windows.cmdline from M57-Jean memory image
M57-Jean,EVT-M57-Jean-CMD-43,,,unknown,memory,cmdline,command_line,observed,,,soffice.bin,,3560,,"""C:\\Program Files\\OpenOffice.org 3\\program\\swriter.exe"" ""-o"" ""C:\\Documents and Settings\\Pat\\My Documents\\Will1.odt"" ""-writer"" ""-env:OOO_CWD=2C:\\\\Documents and Settings\\\\Pat\\\\My Documents""",,,,,,,,,,,,,M57-Jean-MEM-CMDLINE-43,Volatility 3 windows.cmdline from M57-Jean memory image
M57-Jean,EVT-M57-Jean-CMD-46,,,unknown,memory,cmdline,command_line,observed,,,cmd.exe,,620,,"""C:\\WINDOWS\\system32\\cmd.exe""",,,,,,,,,,,,,M57-Jean-MEM-CMDLINE-46,Volatility 3 windows.cmdline from M57-Jean memory image
M57-Jean,EVT-M57-Jean-CMD-47,,,unknown,memory,cmdline,command_line,observed,,,mdd_1.3.exe,,2992,,z:\\ram\\mdd_1.3.exe -o z:\\ram\\pat-2009-11-23.ram,,,,,,,,,,,,,M57-Jean-MEM-CMDLINE-47,Volatility 3 windows.cmdline from M57-Jean memory image
M57-Jean,EVT-M57-Jean-DLL-0,,,unknown,memory,dlllist,module,loaded,,,csrss.exe,,908,,,csrss.exe,\\??\\C:\\WINDOWS\\system32\\csrss.exe,,,,,,,,,,,M57-Jean-MEM-DLL-0,Volatility 3 windows.dlllist from M57-Jean memory image
M57-Jean,EVT-M57-Jean-DLL-1,,,unknown,memory,dlllist,module,loaded,,,csrss.exe,,908,,,,,,,,,,,,,,,M57-Jean-MEM-DLL-1,Volatility 3 windows.dlllist from M57-Jean memory image
M57-Jean,EVT-M57-Jean-DLL-2,,,unknown,memory,dlllist,module,loaded,,,csrss.exe,,908,,,CSRSRV.dll,C:\\WINDOWS\\system32\\CSRSRV.dll,,,,,,,,,,,M57-Jean-MEM-DLL-2,Volatility 3 windows.dlllist from M57-Jean memory image
M57-Jean,EVT-M57-Jean-DLL-3,,,unknown,memory,dlllist,module,loaded,,,csrss.exe,,908,,,basesrv.dll,C:\\WINDOWS\\system32\\basesrv.dll,,,,,,,,,,,M57-Jean-MEM-DLL-3,Volatility 3 windows.dlllist from M57-Jean memory image
M57-Jean,EVT-M57-Jean-DLL-4,,,unknown,memory,dlllist,module,loaded,,,csrss.exe,,908,,,winsrv.dll,C:\\WINDOWS\\system32\\winsrv.dll,,,,,,,,,,,M57-Jean-MEM-DLL-4,Volatility 3 windows.dlllist from M57-Jean memory image
M57-Jean,EVT-M57-Jean-DLL-5,,,unknown,memory,dlllist,module,loaded,,,csrss.exe,,908,,,GDI32.dll,C:\\WINDOWS\\system32\\GDI32.dll,,,,,,,,,,,M57-Jean-MEM-DLL-5,Volatility 3 windows.dlllist from M57-Jean memory image
M57-Jean,EVT-M57-Jean-DLL-6,,,unknown,memory,dlllist,module,loaded,,,csrss.exe,,908,,,KERNEL32.dll,C:\\WINDOWS\\system32\\KERNEL32.dll,,,,,,,,,,,M57-Jean-MEM-DLL-6,Volatility 3 windows.dlllist from M57-Jean memory image
M57-Jean,EVT-M57-Jean-DLL-7,,,unknown,memory,dlllist,module,loaded,,,csrss.exe,,908,,,USER32.dll,C:\\WINDOWS\\system32\\USER32.dll,,,,,,,,,,,M57-Jean-MEM-DLL-7,Volatility 3 windows.dlllist from M57-Jean memory image
M57-Jean,EVT-M57-Jean-DLL-8,,,unknown,memory,dlllist,module,loaded,,,csrss.exe,,908,,,sxs.dll,C:\\WINDOWS\\system32\\sxs.dll,,,,,,,,,,,M57-Jean-MEM-DLL-8,Volatility 3 windows.dlllist from M57-Jean memory image
M57-Jean,EVT-M57-Jean-DLL-9,,,unknown,memory,dlllist,module,loaded,,,csrss.exe,,908,,,ADVAPI32.dll,C:\\WINDOWS\\system32\\ADVAPI32.dll,,,,,,,,,,,M57-Jean-MEM-DLL-9,Volatility 3 windows.dlllist from M57-Jean memory image
M57-Jean,EVT-M57-Jean-DLL-10,,,unknown,memory,dlllist,module,loaded,,,csrss.exe,,908,,,RPCRT4.dll,C:\\WINDOWS\\system32\\RPCRT4.dll,,,,,,,,,,,M57-Jean-MEM-DLL-10,Volatility 3 windows.dlllist from M57-Jean memory image
M57-Jean,EVT-M57-Jean-DLL-11,,,unknown,memory,dlllist,module,loaded,,,csrss.exe,,908,,,Secur32.dll,C:\\WINDOWS\\system32\\Secur32.dll,,,,,,,,,,,M57-Jean-MEM-DLL-11,Volatility 3 windows.dlllist from M57-Jean memory image
M57-Jean,EVT-M57-Jean-DLL-12,,,unknown,memory,dlllist,module,loaded,,,csrss.exe,,908,,,Apphelp.dll,C:\\WINDOWS\\system32\\Apphelp.dll,,,,,,,,,,,M57-Jean-MEM-DLL-12,Volatility 3 windows.dlllist from M57-Jean memory image
M57-Jean,EVT-M57-Jean-DLL-13,,,unknown,memory,dlllist,module,loaded,,,csrss.exe,,908,,,VERSION.dll,C:\\WINDOWS\\system32\\VERSION.dll,,,,,,,,,,,M57-Jean-MEM-DLL-13,Volatility 3 windows.dlllist from M57-Jean memory image
M57-Jean,EVT-M57-Jean-DLL-14,,,unknown,memory,dlllist,module,loaded,,,winlogon.exe,,932,,,winlogon.exe,\\??\\C:\\WINDOWS\\system32\\winlogon.exe,,,,,,,,,,,M57-Jean-MEM-DLL-14,Volatility 3 windows.dlllist from M57-Jean memory image
M57-Jean,EVT-M57-Jean-DLL-15,,,unknown,memory,dlllist,module,loaded,,,winlogon.exe,,932,,,ntdll.dll,C:\\WINDOWS\\system32\\ntdll.dll,,,,,,,,,,,M57-Jean-MEM-DLL-15,Volatility 3 windows.dlllist from M57-Jean memory image
M57-Jean,EVT-M57-Jean-DLL-16,,,unknown,memory,dlllist,module,loaded,,,winlogon.exe,,932,,,kernel32.dll,C:\\WINDOWS\\system32\\kernel32.dll,,,,,,,,,,,M57-Jean-MEM-DLL-16,Volatility 3 windows.dlllist from M57-Jean memory image
M57-Jean,EVT-M57-Jean-DLL-17,,,unknown,memory,dlllist,module,loaded,,,winlogon.exe,,932,,,ADVAPI32.dll,C:\\WINDOWS\\system32\\ADVAPI32.dll,,,,,,,,,,,M57-Jean-MEM-DLL-17,Volatility 3 windows.dlllist from M57-Jean memory image
M57-Jean,EVT-M57-Jean-DLL-18,,,unknown,memory,dlllist,module,loaded,,,winlogon.exe,,932,,,RPCRT4.dll,C:\\WINDOWS\\system32\\RPCRT4.dll,,,,,,,,,,,M57-Jean-MEM-DLL-18,Volatility 3 windows.dlllist from M57-Jean memory image
M57-Jean,EVT-M57-Jean-DLL-19,,,unknown,memory,dlllist,module,loaded,,,winlogon.exe,,932,,,Secur32.dll,C:\\WINDOWS\\system32\\Secur32.dll,,,,,,,,,,,M57-Jean-MEM-DLL-19,Volatility 3 windows.dlllist from M57-Jean memory image
M57-Jean,EVT-M57-Jean-DLL-20,,,unknown,memory,dlllist,module,loaded,,,winlogon.exe,,932,,,AUTHZ.dll,C:\\WINDOWS\\system32\\AUTHZ.dll,,,,,,,,,,,M57-Jean-MEM-DLL-20,Volatility 3 windows.dlllist from M57-Jean memory image
M57-Jean,EVT-M57-Jean-DLL-21,,,unknown,memory,dlllist,module,loaded,,,winlogon.exe,,932,,,msvcrt.dll,C:\\WINDOWS\\system32\\msvcrt.dll,,,,,,,,,,,M57-Jean-MEM-DLL-21,Volatility 3 windows.dlllist from M57-Jean memory image
M57-Jean,EVT-M57-Jean-DLL-22,,,unknown,memory,dlllist,module,loaded,,,winlogon.exe,,932,,,CRYPT32.dll,C:\\WINDOWS\\system32\\CRYPT32.dll,,,,,,,,,,,M57-Jean-MEM-DLL-22,Volatility 3 windows.dlllist from M57-Jean memory image
M57-Jean,EVT-M57-Jean-DLL-23,,,unknown,memory,dlllist,module,loaded,,,winlogon.exe,,932,,,MSASN1.dll,C:\\WINDOWS\\system32\\MSASN1.dll,,,,,,,,,,,M57-Jean-MEM-DLL-23,Volatility 3 windows.dlllist from M57-Jean memory image
M57-Jean,EVT-M57-Jean-DLL-24,,,unknown,memory,dlllist,module,loaded,,,winlogon.exe,,932,,,USER32.dll,C:\\WINDOWS\\system32\\USER32.dll,,,,,,,,,,,M57-Jean-MEM-DLL-24,Volatility 3 windows.dlllist from M57-Jean memory image
M57-Jean,EVT-M57-Jean-DLL-25,,,unknown,memory,dlllist,module,loaded,,,winlogon.exe,,932,,,GDI32.dll,C:\\WINDOWS\\system32\\GDI32.dll,,,,,,,,,,,M57-Jean-MEM-DLL-25,Volatility 3 windows.dlllist from M57-Jean memory image
M57-Jean,EVT-M57-Jean-DLL-26,,,unknown,memory,dlllist,module,loaded,,,winlogon.exe,,932,,,NDdeApi.dll,C:\\WINDOWS\\system32\\NDdeApi.dll,,,,,,,,,,,M57-Jean-MEM-DLL-26,Volatility 3 windows.dlllist from M57-Jean memory image
M57-Jean,EVT-M57-Jean-DLL-27,,,unknown,memory,dlllist,module,loaded,,,winlogon.exe,,932,,,PROFMAP.dll,C:\\WINDOWS\\system32\\PROFMAP.dll,,,,,,,,,,,M57-Jean-MEM-DLL-27,Volatility 3 windows.dlllist from M57-Jean memory image
M57-Jean,EVT-M57-Jean-DLL-28,,,unknown,memory,dlllist,module,loaded,,,winlogon.exe,,932,,,NETAPI32.dll,C:\\WINDOWS\\system32\\NETAPI32.dll,,,,,,,,,,,M57-Jean-MEM-DLL-28,Volatility 3 windows.dlllist from M57-Jean memory image
M57-Jean,EVT-M57-Jean-DLL-29,,,unknown,memory,dlllist,module,loaded,,,winlogon.exe,,932,,,USERENV.dll,C:\\WINDOWS\\system32\\USERENV.dll,,,,,,,,,,,M57-Jean-MEM-DLL-29,Volatility 3 windows.dlllist from M57-Jean memory image
M57-Jean,EVT-M57-Jean-DLL-30,,,unknown,memory,dlllist,module,loaded,,,winlogon.exe,,932,,,PSAPI.DLL,C:\\WINDOWS\\system32\\PSAPI.DLL,,,,,,,,,,,M57-Jean-MEM-DLL-30,Volatility 3 windows.dlllist from M57-Jean memory image
M57-Jean,EVT-M57-Jean-DLL-31,,,unknown,memory,dlllist,module,loaded,,,winlogon.exe,,932,,,REGAPI.dll,C:\\WINDOWS\\system32\\REGAPI.dll,,,,,,,,,,,M57-Jean-MEM-DLL-31,Volatility 3 windows.dlllist from M57-Jean memory image
M57-Jean,EVT-M57-Jean-DLL-32,,,unknown,memory,dlllist,module,loaded,,,winlogon.exe,,932,,,SETUPAPI.dll,C:\\WINDOWS\\system32\\SETUPAPI.dll,,,,,,,,,,,M57-Jean-MEM-DLL-32,Volatility 3 windows.dlllist from M57-Jean memory image
M57-Jean,EVT-M57-Jean-DLL-33,,,unknown,memory,dlllist,module,loaded,,,winlogon.exe,,932,,,VERSION.dll,C:\\WINDOWS\\system32\\VERSION.dll,,,,,,,,,,,M57-Jean-MEM-DLL-33,Volatility 3 windows.dlllist from M57-Jean memory image
M57-Jean,EVT-M57-Jean-DLL-34,,,unknown,memory,dlllist,module,loaded,,,winlogon.exe,,932,,,WINSTA.dll,C:\\WINDOWS\\system32\\WINSTA.dll,,,,,,,,,,,M57-Jean-MEM-DLL-34,Volatility 3 windows.dlllist from M57-Jean memory image
M57-Jean,EVT-M57-Jean-DLL-35,,,unknown,memory,dlllist,module,loaded,,,winlogon.exe,,932,,,WINTRUST.dll,C:\\WINDOWS\\system32\\WINTRUST.dll,,,,,,,,,,,M57-Jean-MEM-DLL-35,Volatility 3 windows.dlllist from M57-Jean memory image
M57-Jean,EVT-M57-Jean-DLL-36,,,unknown,memory,dlllist,module,loaded,,,winlogon.exe,,932,,,IMAGEHLP.dll,C:\\WINDOWS\\system32\\IMAGEHLP.dll,,,,,,,,,,,M57-Jean-MEM-DLL-36,Volatility 3 windows.dlllist from M57-Jean memory image
M57-Jean,EVT-M57-Jean-DLL-37,,,unknown,memory,dlllist,module,loaded,,,winlogon.exe,,932,,,WS2_32.dll,C:\\WINDOWS\\system32\\WS2_32.dll,,,,,,,,,,,M57-Jean-MEM-DLL-37,Volatility 3 windows.dlllist from M57-Jean memory image
M57-Jean,EVT-M57-Jean-DLL-38,,,unknown,memory,dlllist,module,loaded,,,winlogon.exe,,932,,,WS2HELP.dll,C:\\WINDOWS\\system32\\WS2HELP.dll,,,,,,,,,,,M57-Jean-MEM-DLL-38,Volatility 3 windows.dlllist from M57-Jean memory image
M57-Jean,EVT-M57-Jean-DLL-39,,,unknown,memory,dlllist,module,loaded,,,winlogon.exe,,932,,,IMM32.DLL,C:\\WINDOWS\\system32\\IMM32.DLL,,,,,,,,,,,M57-Jean-MEM-DLL-39,Volatility 3 windows.dlllist from M57-Jean memory image
M57-Jean,EVT-M57-Jean-DLL-40,,,unknown,memory,dlllist,module,loaded,,,winlogon.exe,,932,,,MSGINA.dll,C:\\WINDOWS\\system32\\MSGINA.dll,,,,,,,,,,,M57-Jean-MEM-DLL-40,Volatility 3 windows.dlllist from M57-Jean memory image
M57-Jean,EVT-M57-Jean-DLL-41,,,unknown,memory,dlllist,module,loaded,,,winlogon.exe,,932,,,COMCTL32.dll,C:\\WINDOWS\\system32\\COMCTL32.dll,,,,,,,,,,,M57-Jean-MEM-DLL-41,Volatility 3 windows.dlllist from M57-Jean memory image
M57-Jean,EVT-M57-Jean-DLL-42,,,unknown,memory,dlllist,module,loaded,,,winlogon.exe,,932,,,ODBC32.dll,C:\\WINDOWS\\system32\\ODBC32.dll,,,,,,,,,,,M57-Jean-MEM-DLL-42,Volatility 3 windows.dlllist from M57-Jean memory image
M57-Jean,EVT-M57-Jean-DLL-43,,,unknown,memory,dlllist,module,loaded,,,winlogon.exe,,932,,,comdlg32.dll,C:\\WINDOWS\\system32\\comdlg32.dll,,,,,,,,,,,M57-Jean-MEM-DLL-43,Volatility 3 windows.dlllist from M57-Jean memory image
M57-Jean,EVT-M57-Jean-DLL-44,,,unknown,memory,dlllist,module,loaded,,,winlogon.exe,,932,,,SHELL32.dll,C:\\WINDOWS\\system32\\SHELL32.dll,,,,,,,,,,,M57-Jean-MEM-DLL-44,Volatility 3 windows.dlllist from M57-Jean memory image
M57-Jean,EVT-M57-Jean-DLL-45,,,unknown,memory,dlllist,module,loaded,,,winlogon.exe,,932,,,SHLWAPI.dll,C:\\WINDOWS\\system32\\SHLWAPI.dll,,,,,,,,,,,M57-Jean-MEM-DLL-45,Volatility 3 windows.dlllist from M57-Jean memory image
M57-Jean,EVT-M57-Jean-DLL-46,,,unknown,memory,dlllist,module,loaded,,,winlogon.exe,,932,,,comctl32.dll,C:\\WINDOWS\\WinSxS\\x86_Microsoft.Windows.Common-Controls_6595b64144ccf1df_6.0.2600.5512_x-ww_35d4ce83\\comctl32.dll,,,,,,,,,,,M57-Jean-MEM-DLL-46,Volatility 3 windows.dlllist from M57-Jean memory image
M57-Jean,EVT-M57-Jean-DLL-47,,,unknown,memory,dlllist,module,loaded,,,winlogon.exe,,932,,,odbcint.dll,C:\\WINDOWS\\system32\\odbcint.dll,,,,,,,,,,,M57-Jean-MEM-DLL-47,Volatility 3 windows.dlllist from M57-Jean memory image
M57-Jean,EVT-M57-Jean-DLL-48,,,unknown,memory,dlllist,module,loaded,,,winlogon.exe,,932,,,SHSVCS.dll,C:\\WINDOWS\\system32\\SHSVCS.dll,,,,,,,,,,,M57-Jean-MEM-DLL-48,Volatility 3 windows.dlllist from M57-Jean memory image
M57-Jean,EVT-M57-Jean-DLL-49,,,unknown,memory,dlllist,module,loaded,,,winlogon.exe,,932,,,sfc.dll,C:\\WINDOWS\\system32\\sfc.dll,,,,,,,,,,,M57-Jean-MEM-DLL-49,Volatility 3 windows.dlllist from M57-Jean memory image
M57-Jean,EVT-M57-Jean-DLL-50,,,unknown,memory,dlllist,module,loaded,,,winlogon.exe,,932,,,sfc_os.dll,C:\\WINDOWS\\system32\\sfc_os.dll,,,,,,,,,,,M57-Jean-MEM-DLL-50,Volatility 3 windows.dlllist from M57-Jean memory image
M57-Jean,EVT-M57-Jean-DLL-51,,,unknown,memory,dlllist,module,loaded,,,winlogon.exe,,932,,,ole32.dll,C:\\WINDOWS\\system32\\ole32.dll,,,,,,,,,,,M57-Jean-MEM-DLL-51,Volatility 3 windows.dlllist from M57-Jean memory image
M57-Jean,EVT-M57-Jean-DLL-52,,,unknown,memory,dlllist,module,loaded,,,winlogon.exe,,932,,,Apphelp.dll,C:\\WINDOWS\\system32\\Apphelp.dll,,,,,,,,,,,M57-Jean-MEM-DLL-52,Volatility 3 windows.dlllist from M57-Jean memory image
M57-Jean,EVT-M57-Jean-DLL-53,,,unknown,memory,dlllist,module,loaded,,,winlogon.exe,,932,,,msctfime.ime,C:\\WINDOWS\\system32\\msctfime.ime,,,,,,,,,,,M57-Jean-MEM-DLL-53,Volatility 3 windows.dlllist from M57-Jean memory image
M57-Jean,EVT-M57-Jean-DLL-54,,,unknown,memory,dlllist,module,loaded,,,winlogon.exe,,932,,,WINSCARD.DLL,C:\\WINDOWS\\system32\\WINSCARD.DLL,,,,,,,,,,,M57-Jean-MEM-DLL-54,Volatility 3 windows.dlllist from M57-Jean memory image
M57-Jean,EVT-M57-Jean-DLL-55,,,unknown,memory,dlllist,module,loaded,,,winlogon.exe,,932,,,WTSAPI32.dll,C:\\WINDOWS\\system32\\WTSAPI32.dll,,,,,,,,,,,M57-Jean-MEM-DLL-55,Volatility 3 windows.dlllist from M57-Jean memory image
M57-Jean,EVT-M57-Jean-DLL-56,,,unknown,memory,dlllist,module,loaded,,,winlogon.exe,,932,,,sxs.dll,C:\\WINDOWS\\system32\\sxs.dll,,,,,,,,,,,M57-Jean-MEM-DLL-56,Volatility 3 windows.dlllist from M57-Jean memory image
M57-Jean,EVT-M57-Jean-DLL-57,,,unknown,memory,dlllist,module,loaded,,,winlogon.exe,,932,,,uxtheme.dll,C:\\WINDOWS\\system32\\uxtheme.dll,,,,,,,,,,,M57-Jean-MEM-DLL-57,Volatility 3 windows.dlllist from M57-Jean memory image
M57-Jean,EVT-M57-Jean-DLL-58,,,unknown,memory,dlllist,module,loaded,,,winlogon.exe,,932,,,WINMM.dll,C:\\WINDOWS\\system32\\WINMM.dll,,,,,,,,,,,M57-Jean-MEM-DLL-58,Volatility 3 windows.dlllist from M57-Jean memory image
M57-Jean,EVT-M57-Jean-DLL-59,,,unknown,memory,dlllist,module,loaded,,,winlogon.exe,,932,,,avgrsstx.dll,C:\\WINDOWS\\system32\\avgrsstx.dll,,,,,,,,,,,M57-Jean-MEM-DLL-59,Volatility 3 windows.dlllist from M57-Jean memory image
M57-Jean,EVT-M57-Jean-DLL-60,,,unknown,memory,dlllist,module,loaded,,,winlogon.exe,,932,,,cscdll.dll,C:\\WINDOWS\\system32\\cscdll.dll,,,,,,,,,,,M57-Jean-MEM-DLL-60,Volatility 3 windows.dlllist from M57-Jean memory image
M57-Jean,EVT-M57-Jean-DLL-61,,,unknown,memory,dlllist,module,loaded,,,winlogon.exe,,932,,,rsaenh.dll,C:\\WINDOWS\\system32\\rsaenh.dll,,,,,,,,,,,M57-Jean-MEM-DLL-61,Volatility 3 windows.dlllist from M57-Jean memory image
M57-Jean,EVT-M57-Jean-DLL-62,,,unknown,memory,dlllist,module,loaded,,,winlogon.exe,,932,,,dimsntfy.dll,C:\\WINDOWS\\System32\\dimsntfy.dll,,,,,,,,,,,M57-Jean-MEM-DLL-62,Volatility 3 windows.dlllist from M57-Jean memory image
M57-Jean,EVT-M57-Jean-DLL-63,,,unknown,memory,dlllist,module,loaded,,,winlogon.exe,,932,,,WlNotify.dll,C:\\WINDOWS\\system32\\WlNotify.dll,,,,,,,,,,,M57-Jean-MEM-DLL-63,Volatility 3 windows.dlllist from M57-Jean memory image
M57-Jean,EVT-M57-Jean-DLL-64,,,unknown,memory,dlllist,module,loaded,,,winlogon.exe,,932,,,MPR.dll,C:\\WINDOWS\\system32\\MPR.dll,,,,,,,,,,,M57-Jean-MEM-DLL-64,Volatility 3 windows.dlllist from M57-Jean memory image
M57-Jean,EVT-M57-Jean-DLL-65,,,unknown,memory,dlllist,module,loaded,,,winlogon.exe,,932,,,WINSPOOL.DRV,C:\\WINDOWS\\system32\\WINSPOOL.DRV,,,,,,,,,,,M57-Jean-MEM-DLL-65,Volatility 3 windows.dlllist from M57-Jean memory image
M57-Jean,EVT-M57-Jean-DLL-66,,,unknown,memory,dlllist,module,loaded,,,winlogon.exe,,932,,,WgaLogon.dll,C:\\WINDOWS\\system32\\WgaLogon.dll,,,,,,,,,,,M57-Jean-MEM-DLL-66,Volatility 3 windows.dlllist from M57-Jean memory image
M57-Jean,EVT-M57-Jean-DLL-67,,,unknown,memory,dlllist,module,loaded,,,winlogon.exe,,932,,,OLEAUT32.dll,C:\\WINDOWS\\system32\\OLEAUT32.dll,,,,,,,,,,,M57-Jean-MEM-DLL-67,Volatility 3 windows.dlllist from M57-Jean memory image
M57-Jean,EVT-M57-Jean-DLL-68,,,unknown,memory,dlllist,module,loaded,,,winlogon.exe,,932,,,NTMARTA.DLL,C:\\WINDOWS\\system32\\NTMARTA.DLL,,,,,,,,,,,M57-Jean-MEM-DLL-68,Volatility 3 windows.dlllist from M57-Jean memory image
M57-Jean,EVT-M57-Jean-DLL-69,,,unknown,memory,dlllist,module,loaded,,,winlogon.exe,,932,,,SAMLIB.dll,C:\\WINDOWS\\system32\\SAMLIB.dll,,,,,,,,,,,M57-Jean-MEM-DLL-69,Volatility 3 windows.dlllist from M57-Jean memory image
M57-Jean,EVT-M57-Jean-DLL-70,,,unknown,memory,dlllist,module,loaded,,,winlogon.exe,,932,,,WLDAP32.dll,C:\\WINDOWS\\system32\\WLDAP32.dll,,,,,,,,,,,M57-Jean-MEM-DLL-70,Volatility 3 windows.dlllist from M57-Jean memory image
M57-Jean,EVT-M57-Jean-DLL-71,,,unknown,memory,dlllist,module,loaded,,,winlogon.exe,,932,,,CLBCATQ.DLL,C:\\WINDOWS\\system32\\CLBCATQ.DLL,,,,,,,,,,,M57-Jean-MEM-DLL-71,Volatility 3 windows.dlllist from M57-Jean memory image
M57-Jean,EVT-M57-Jean-DLL-72,,,unknown,memory,dlllist,module,loaded,,,winlogon.exe,,932,,,COMRes.dll,C:\\WINDOWS\\system32\\COMRes.dll,,,,,,,,,,,M57-Jean-MEM-DLL-72,Volatility 3 windows.dlllist from M57-Jean memory image
M57-Jean,EVT-M57-Jean-DLL-73,,,unknown,memory,dlllist,module,loaded,,,winlogon.exe,,932,,,msv1_0.dll,C:\\WINDOWS\\system32\\msv1_0.dll,,,,,,,,,,,M57-Jean-MEM-DLL-73,Volatility 3 windows.dlllist from M57-Jean memory image
M57-Jean,EVT-M57-Jean-DLL-74,,,unknown,memory,dlllist,module,loaded,,,winlogon.exe,,932,,,cryptdll.dll,C:\\WINDOWS\\system32\\cryptdll.dll,,,,,,,,,,,M57-Jean-MEM-DLL-74,Volatility 3 windows.dlllist from M57-Jean memory image
M57-Jean,EVT-M57-Jean-DLL-75,,,unknown,memory,dlllist,module,loaded,,,winlogon.exe,,932,,,iphlpapi.dll,C:\\WINDOWS\\system32\\iphlpapi.dll,,,,,,,,,,,M57-Jean-MEM-DLL-75,Volatility 3 windows.dlllist from M57-Jean memory image
M57-Jean,EVT-M57-Jean-DLL-76,,,unknown,memory,dlllist,module,loaded,,,winlogon.exe,,932,,,cscui.dll,C:\\WINDOWS\\system32\\cscui.dll,,,,,,,,,,,M57-Jean-MEM-DLL-76,Volatility 3 windows.dlllist from M57-Jean memory image
M57-Jean,EVT-M57-Jean-DLL-77,,,unknown,memory,dlllist,module,loaded,,,winlogon.exe,,932,,,MPRAPI.dll,C:\\WINDOWS\\system32\\MPRAPI.dll,,,,,,,,,,,M57-Jean-MEM-DLL-77,Volatility 3 windows.dlllist from M57-Jean memory image
M57-Jean,EVT-M57-Jean-DLL-78,,,unknown,memory,dlllist,module,loaded,,,winlogon.exe,,932,,,ACTIVEDS.dll,C:\\WINDOWS\\system32\\ACTIVEDS.dll,,,,,,,,,,,M57-Jean-MEM-DLL-78,Volatility 3 windows.dlllist from M57-Jean memory image
M57-Jean,EVT-M57-Jean-DLL-79,,,unknown,memory,dlllist,module,loaded,,,winlogon.exe,,932,,,adsldpc.dll,C:\\WINDOWS\\system32\\adsldpc.dll,,,,,,,,,,,M57-Jean-MEM-DLL-79,Volatility 3 windows.dlllist from M57-Jean memory image
M57-Jean,EVT-M57-Jean-DLL-80,,,unknown,memory,dlllist,module,loaded,,,winlogon.exe,,932,,,ATL.DLL,C:\\WINDOWS\\system32\\ATL.DLL,,,,,,,,,,,M57-Jean-MEM-DLL-80,Volatility 3 windows.dlllist from M57-Jean memory image
M57-Jean,EVT-M57-Jean-DLL-81,,,unknown,memory,dlllist,module,loaded,,,winlogon.exe,,932,,,rtutils.dll,C:\\WINDOWS\\system32\\rtutils.dll,,,,,,,,,,,M57-Jean-MEM-DLL-81,Volatility 3 windows.dlllist from M57-Jean memory image
M57-Jean,EVT-M57-Jean-DLL-82,,,unknown,memory,dlllist,module,loaded,,,winlogon.exe,,932,,,xpsp2res.dll,C:\\WINDOWS\\system32\\xpsp2res.dll,,,,,,,,,,,M57-Jean-MEM-DLL-82,Volatility 3 windows.dlllist from M57-Jean memory image
M57-Jean,EVT-M57-Jean-DLL-83,,,unknown,memory,dlllist,module,loaded,,,winlogon.exe,,932,,,drprov.dll,C:\\WINDOWS\\System32\\drprov.dll,,,,,,,,,,,M57-Jean-MEM-DLL-83,Volatility 3 windows.dlllist from M57-Jean memory image
M57-Jean,EVT-M57-Jean-DLL-84,,,unknown,memory,dlllist,module,loaded,,,winlogon.exe,,932,,,ntlanman.dll,C:\\WINDOWS\\System32\\ntlanman.dll,,,,,,,,,,,M57-Jean-MEM-DLL-84,Volatility 3 windows.dlllist from M57-Jean memory image
M57-Jean,EVT-M57-Jean-DLL-85,,,unknown,memory,dlllist,module,loaded,,,winlogon.exe,,932,,,NETUI0.dll,C:\\WINDOWS\\System32\\NETUI0.dll,,,,,,,,,,,M57-Jean-MEM-DLL-85,Volatility 3 windows.dlllist from M57-Jean memory image
M57-Jean,EVT-M57-Jean-DLL-86,,,unknown,memory,dlllist,module,loaded,,,winlogon.exe,,932,,,NETUI1.dll,C:\\WINDOWS\\System32\\NETUI1.dll,,,,,,,,,,,M57-Jean-MEM-DLL-86,Volatility 3 windows.dlllist from M57-Jean memory image
M57-Jean,EVT-M57-Jean-DLL-87,,,unknown,memory,dlllist,module,loaded,,,winlogon.exe,,932,,,NETRAP.dll,C:\\WINDOWS\\System32\\NETRAP.dll,,,,,,,,,,,M57-Jean-MEM-DLL-87,Volatility 3 windows.dlllist from M57-Jean memory image
M57-Jean,EVT-M57-Jean-DLL-88,,,unknown,memory,dlllist,module,loaded,,,winlogon.exe,,932,,,davclnt.dll,C:\\WINDOWS\\System32\\davclnt.dll,,,,,,,,,,,M57-Jean-MEM-DLL-88,Volatility 3 windows.dlllist from M57-Jean memory image
M57-Jean,EVT-M57-Jean-DLL-89,,,unknown,memory,dlllist,module,loaded,,,winlogon.exe,,932,,,MPRUI.dll,C:\\WINDOWS\\system32\\MPRUI.dll,,,,,,,,,,,M57-Jean-MEM-DLL-89,Volatility 3 windows.dlllist from M57-Jean memory image
M57-Jean,EVT-M57-Jean-DLL-90,,,unknown,memory,dlllist,module,loaded,,,winlogon.exe,,932,,,NETUI2.dll,C:\\WINDOWS\\system32\\NETUI2.dll,,,,,,,,,,,M57-Jean-MEM-DLL-90,Volatility 3 windows.dlllist from M57-Jean memory image
M57-Jean,EVT-M57-Jean-DLL-91,,,unknown,memory,dlllist,module,loaded,,,winlogon.exe,,932,,,netmsg.dll,C:\\WINDOWS\\system32\\netmsg.dll,,,,,,,,,,,M57-Jean-MEM-DLL-91,Volatility 3 windows.dlllist from M57-Jean memory image
M57-Jean,EVT-M57-Jean-DLL-92,,,unknown,memory,dlllist,module,loaded,,,winlogon.exe,,932,,,wbemprox.dll,C:\\WINDOWS\\system32\\wbem\\wbemprox.dll,,,,,,,,,,,M57-Jean-MEM-DLL-92,Volatility 3 windows.dlllist from M57-Jean memory image
M57-Jean,EVT-M57-Jean-DLL-93,,,unknown,memory,dlllist,module,loaded,,,winlogon.exe,,932,,,wbemcomn.dll,C:\\WINDOWS\\system32\\wbem\\wbemcomn.dll,,,,,,,,,,,M57-Jean-MEM-DLL-93,Volatility 3 windows.dlllist from M57-Jean memory image
M57-Jean,EVT-M57-Jean-DLL-94,,,unknown,memory,dlllist,module,loaded,,,winlogon.exe,,932,,,wbemsvc.dll,C:\\WINDOWS\\system32\\wbem\\wbemsvc.dll,,,,,,,,,,,M57-Jean-MEM-DLL-94,Volatility 3 windows.dlllist from M57-Jean memory image
M57-Jean,EVT-M57-Jean-DLL-95,,,unknown,memory,dlllist,module,loaded,,,winlogon.exe,,932,,,fastprox.dll,C:\\WINDOWS\\system32\\wbem\\fastprox.dll,,,,,,,,,,,M57-Jean-MEM-DLL-95,Volatility 3 windows.dlllist from M57-Jean memory image
M57-Jean,EVT-M57-Jean-DLL-96,,,unknown,memory,dlllist,module,loaded,,,winlogon.exe,,932,,,MSVCP60.dll,C:\\WINDOWS\\system32\\MSVCP60.dll,,,,,,,,,,,M57-Jean-MEM-DLL-96,Volatility 3 windows.dlllist from M57-Jean memory image
M57-Jean,EVT-M57-Jean-DLL-97,,,unknown,memory,dlllist,module,loaded,,,winlogon.exe,,932,,,NTDSAPI.dll,C:\\WINDOWS\\system32\\NTDSAPI.dll,,,,,,,,,,,M57-Jean-MEM-DLL-97,Volatility 3 windows.dlllist from M57-Jean memory image
M57-Jean,EVT-M57-Jean-DLL-98,,,unknown,memory,dlllist,module,loaded,,,winlogon.exe,,932,,,DNSAPI.dll,C:\\WINDOWS\\system32\\DNSAPI.dll,,,,,,,,,,,M57-Jean-MEM-DLL-98,Volatility 3 windows.dlllist from M57-Jean memory image
M57-Jean,EVT-M57-Jean-DLL-99,,,unknown,memory,dlllist,module,loaded,,,winlogon.exe,,932,,,msxml3.dll,C:\\WINDOWS\\system32\\msxml3.dll,,,,,,,,,,,M57-Jean-MEM-DLL-99,Volatility 3 windows.dlllist from M57-Jean memory image
M57-Jean,EVT-M57-Jean-DLL-100,,,unknown,memory,dlllist,module,loaded,,,services.exe,,976,,,services.exe,C:\\WINDOWS\\system32\\services.exe,,,,,,,,,,,M57-Jean-MEM-DLL-100,Volatility 3 windows.dlllist from M57-Jean memory image
M57-Jean,EVT-M57-Jean-DLL-101,,,unknown,memory,dlllist,module,loaded,,,services.exe,,976,,,,,,,,,,,,,,,M57-Jean-MEM-DLL-101,Volatility 3 windows.dlllist from M57-Jean memory image
M57-Jean,EVT-M57-Jean-DLL-102,,,unknown,memory,dlllist,module,loaded,,,services.exe,,976,,,kernel32.dll,C:\\WINDOWS\\system32\\kernel32.dll,,,,,,,,,,,M57-Jean-MEM-DLL-102,Volatility 3 windows.dlllist from M57-Jean memory image
M57-Jean,EVT-M57-Jean-DLL-103,,,unknown,memory,dlllist,module,loaded,,,services.exe,,976,,,ADVAPI32.dll,C:\\WINDOWS\\system32\\ADVAPI32.dll,,,,,,,,,,,M57-Jean-MEM-DLL-103,Volatility 3 windows.dlllist from M57-Jean memory image
M57-Jean,EVT-M57-Jean-DLL-104,,,unknown,memory,dlllist,module,loaded,,,services.exe,,976,,,RPCRT4.dll,C:\\WINDOWS\\system32\\RPCRT4.dll,,,,,,,,,,,M57-Jean-MEM-DLL-104,Volatility 3 windows.dlllist from M57-Jean memory image
M57-Jean,EVT-M57-Jean-DLL-105,,,unknown,memory,dlllist,module,loaded,,,services.exe,,976,,,Secur32.dll,C:\\WINDOWS\\system32\\Secur32.dll,,,,,,,,,,,M57-Jean-MEM-DLL-105,Volatility 3 windows.dlllist from M57-Jean memory image
M57-Jean,EVT-M57-Jean-DLL-106,,,unknown,memory,dlllist,module,loaded,,,services.exe,,976,,,msvcrt.dll,C:\\WINDOWS\\system32\\msvcrt.dll,,,,,,,,,,,M57-Jean-MEM-DLL-106,Volatility 3 windows.dlllist from M57-Jean memory image
M57-Jean,EVT-M57-Jean-DLL-107,,,unknown,memory,dlllist,module,loaded,,,services.exe,,976,,,NCObjAPI.DLL,C:\\WINDOWS\\system32\\NCObjAPI.DLL,,,,,,,,,,,M57-Jean-MEM-DLL-107,Volatility 3 windows.dlllist from M57-Jean memory image
M57-Jean,EVT-M57-Jean-DLL-108,,,unknown,memory,dlllist,module,loaded,,,services.exe,,976,,,MSVCP60.dll,C:\\WINDOWS\\system32\\MSVCP60.dll,,,,,,,,,,,M57-Jean-MEM-DLL-108,Volatility 3 windows.dlllist from M57-Jean memory image
M57-Jean,EVT-M57-Jean-DLL-109,,,unknown,memory,dlllist,module,loaded,,,services.exe,,976,,,SCESRV.dll,C:\\WINDOWS\\system32\\SCESRV.dll,,,,,,,,,,,M57-Jean-MEM-DLL-109,Volatility 3 windows.dlllist from M57-Jean memory image
M57-Jean,EVT-M57-Jean-DLL-110,,,unknown,memory,dlllist,module,loaded,,,services.exe,,976,,,AUTHZ.dll,C:\\WINDOWS\\system32\\AUTHZ.dll,,,,,,,,,,,M57-Jean-MEM-DLL-110,Volatility 3 windows.dlllist from M57-Jean memory image
M57-Jean,EVT-M57-Jean-DLL-111,,,unknown,memory,dlllist,module,loaded,,,services.exe,,976,,,USER32.dll,C:\\WINDOWS\\system32\\USER32.dll,,,,,,,,,,,M57-Jean-MEM-DLL-111,Volatility 3 windows.dlllist from M57-Jean memory image
M57-Jean,EVT-M57-Jean-DLL-112,,,unknown,memory,dlllist,module,loaded,,,services.exe,,976,,,GDI32.dll,C:\\WINDOWS\\system32\\GDI32.dll,,,,,,,,,,,M57-Jean-MEM-DLL-112,Volatility 3 windows.dlllist from M57-Jean memory image
M57-Jean,EVT-M57-Jean-DLL-113,,,unknown,memory,dlllist,module,loaded,,,services.exe,,976,,,USERENV.dll,C:\\WINDOWS\\system32\\USERENV.dll,,,,,,,,,,,M57-Jean-MEM-DLL-113,Volatility 3 windows.dlllist from M57-Jean memory image
M57-Jean,EVT-M57-Jean-DLL-114,,,unknown,memory,dlllist,module,loaded,,,services.exe,,976,,,umpnpmgr.dll,C:\\WINDOWS\\system32\\umpnpmgr.dll,,,,,,,,,,,M57-Jean-MEM-DLL-114,Volatility 3 windows.dlllist from M57-Jean memory image
M57-Jean,EVT-M57-Jean-DLL-115,,,unknown,memory,dlllist,module,loaded,,,services.exe,,976,,,WINSTA.dll,C:\\WINDOWS\\system32\\WINSTA.dll,,,,,,,,,,,M57-Jean-MEM-DLL-115,Volatility 3 windows.dlllist from M57-Jean memory image
M57-Jean,EVT-M57-Jean-DLL-116,,,unknown,memory,dlllist,module,loaded,,,services.exe,,976,,,NETAPI32.dll,C:\\WINDOWS\\system32\\NETAPI32.dll,,,,,,,,,,,M57-Jean-MEM-DLL-116,Volatility 3 windows.dlllist from M57-Jean memory image
M57-Jean,EVT-M57-Jean-DLL-117,,,unknown,memory,dlllist,module,loaded,,,services.exe,,976,,,ShimEng.dll,C:\\WINDOWS\\system32\\ShimEng.dll,,,,,,,,,,,M57-Jean-MEM-DLL-117,Volatility 3 windows.dlllist from M57-Jean memory image
M57-Jean,EVT-M57-Jean-DLL-118,,,unknown,memory,dlllist,module,loaded,,,services.exe,,976,,,AcAdProc.dll,C:\\WINDOWS\\AppPatch\\AcAdProc.dll,,,,,,,,,,,M57-Jean-MEM-DLL-118,Volatility 3 windows.dlllist from M57-Jean memory image
M57-Jean,EVT-M57-Jean-DLL-119,,,unknown,memory,dlllist,module,loaded,,,services.exe,,976,,,IMM32.DLL,C:\\WINDOWS\\system32\\IMM32.DLL,,,,,,,,,,,M57-Jean-MEM-DLL-119,Volatility 3 windows.dlllist from M57-Jean memory image
M57-Jean,EVT-M57-Jean-DLL-120,,,unknown,memory,dlllist,module,loaded,,,services.exe,,976,,,Apphelp.dll,C:\\WINDOWS\\system32\\Apphelp.dll,,,,,,,,,,,M57-Jean-MEM-DLL-120,Volatility 3 windows.dlllist from M57-Jean memory image
M57-Jean,EVT-M57-Jean-DLL-121,,,unknown,memory,dlllist,module,loaded,,,services.exe,,976,,,VERSION.dll,C:\\WINDOWS\\system32\\VERSION.dll,,,,,,,,,,,M57-Jean-MEM-DLL-121,Volatility 3 windows.dlllist from M57-Jean memory image
M57-Jean,EVT-M57-Jean-DLL-122,,,unknown,memory,dlllist,module,loaded,,,services.exe,,976,,,eventlog.dll,C:\\WINDOWS\\system32\\eventlog.dll,,,,,,,,,,,M57-Jean-MEM-DLL-122,Volatility 3 windows.dlllist from M57-Jean memory image
M57-Jean,EVT-M57-Jean-DLL-123,,,unknown,memory,dlllist,module,loaded,,,services.exe,,976,,,PSAPI.DLL,C:\\WINDOWS\\system32\\PSAPI.DLL,,,,,,,,,,,M57-Jean-MEM-DLL-123,Volatility 3 windows.dlllist from M57-Jean memory image
M57-Jean,EVT-M57-Jean-DLL-124,,,unknown,memory,dlllist,module,loaded,,,services.exe,,976,,,WS2_32.dll,C:\\WINDOWS\\system32\\WS2_32.dll,,,,,,,,,,,M57-Jean-MEM-DLL-124,Volatility 3 windows.dlllist from M57-Jean memory image
M57-Jean,EVT-M57-Jean-DLL-125,,,unknown,memory,dlllist,module,loaded,,,services.exe,,976,,,WS2HELP.dll,C:\\WINDOWS\\system32\\WS2HELP.dll,,,,,,,,,,,M57-Jean-MEM-DLL-125,Volatility 3 windows.dlllist from M57-Jean memory image
M57-Jean,EVT-M57-Jean-DLL-126,,,unknown,memory,dlllist,module,loaded,,,services.exe,,976,,,wtsapi32.dll,C:\\WINDOWS\\system32\\wtsapi32.dll,,,,,,,,,,,M57-Jean-MEM-DLL-126,Volatility 3 windows.dlllist from M57-Jean memory image
M57-Jean,EVT-M57-Jean-DLL-127,,,unknown,memory,dlllist,module,loaded,,,lsass.exe,,988,,,lsass.exe,C:\\WINDOWS\\system32\\lsass.exe,,,,,,,,,,,M57-Jean-MEM-DLL-127,Volatility 3 windows.dlllist from M57-Jean memory image
M57-Jean,EVT-M57-Jean-DLL-128,,,unknown,memory,dlllist,module,loaded,,,lsass.exe,,988,,,,,,,,,,,,,,,M57-Jean-MEM-DLL-128,Volatility 3 windows.dlllist from M57-Jean memory image
M57-Jean,EVT-M57-Jean-DLL-129,,,unknown,memory,dlllist,module,loaded,,,lsass.exe,,988,,,kernel32.dll,C:\\WINDOWS\\system32\\kernel32.dll,,,,,,,,,,,M57-Jean-MEM-DLL-129,Volatility 3 windows.dlllist from M57-Jean memory image
M57-Jean,EVT-M57-Jean-DLL-130,,,unknown,memory,dlllist,module,loaded,,,lsass.exe,,988,,,ADVAPI32.dll,C:\\WINDOWS\\system32\\ADVAPI32.dll,,,,,,,,,,,M57-Jean-MEM-DLL-130,Volatility 3 windows.dlllist from M57-Jean memory image
M57-Jean,EVT-M57-Jean-DLL-131,,,unknown,memory,dlllist,module,loaded,,,lsass.exe,,988,,,RPCRT4.dll,C:\\WINDOWS\\system32\\RPCRT4.dll,,,,,,,,,,,M57-Jean-MEM-DLL-131,Volatility 3 windows.dlllist from M57-Jean memory image
M57-Jean,EVT-M57-Jean-DLL-132,,,unknown,memory,dlllist,module,loaded,,,lsass.exe,,988,,,Secur32.dll,C:\\WINDOWS\\system32\\Secur32.dll,,,,,,,,,,,M57-Jean-MEM-DLL-132,Volatility 3 windows.dlllist from M57-Jean memory image
M57-Jean,EVT-M57-Jean-DLL-133,,,unknown,memory,dlllist,module,loaded,,,lsass.exe,,988,,,LSASRV.dll,C:\\WINDOWS\\system32\\LSASRV.dll,,,,,,,,,,,M57-Jean-MEM-DLL-133,Volatility 3 windows.dlllist from M57-Jean memory image
M57-Jean,EVT-M57-Jean-DLL-134,,,unknown,memory,dlllist,module,loaded,,,lsass.exe,,988,,,MPR.dll,C:\\WINDOWS\\system32\\MPR.dll,,,,,,,,,,,M57-Jean-MEM-DLL-134,Volatility 3 windows.dlllist from M57-Jean memory image
M57-Jean,EVT-M57-Jean-DLL-135,,,unknown,memory,dlllist,module,loaded,,,lsass.exe,,988,,,USER32.dll,C:\\WINDOWS\\system32\\USER32.dll,,,,,,,,,,,M57-Jean-MEM-DLL-135,Volatility 3 windows.dlllist from M57-Jean memory image
M57-Jean,EVT-M57-Jean-DLL-136,,,unknown,memory,dlllist,module,loaded,,,lsass.exe,,988,,,GDI32.dll,C:\\WINDOWS\\system32\\GDI32.dll,,,,,,,,,,,M57-Jean-MEM-DLL-136,Volatility 3 windows.dlllist from M57-Jean memory image
M57-Jean,EVT-M57-Jean-DLL-137,,,unknown,memory,dlllist,module,loaded,,,lsass.exe,,988,,,MSASN1.dll,C:\\WINDOWS\\system32\\MSASN1.dll,,,,,,,,,,,M57-Jean-MEM-DLL-137,Volatility 3 windows.dlllist from M57-Jean memory image
M57-Jean,EVT-M57-Jean-DLL-138,,,unknown,memory,dlllist,module,loaded,,,lsass.exe,,988,,,msvcrt.dll,C:\\WINDOWS\\system32\\msvcrt.dll,,,,,,,,,,,M57-Jean-MEM-DLL-138,Volatility 3 windows.dlllist from M57-Jean memory image
M57-Jean,EVT-M57-Jean-DLL-139,,,unknown,memory,dlllist,module,loaded,,,lsass.exe,,988,,,NETAPI32.dll,C:\\WINDOWS\\system32\\NETAPI32.dll,,,,,,,,,,,M57-Jean-MEM-DLL-139,Volatility 3 windows.dlllist from M57-Jean memory image
M57-Jean,EVT-M57-Jean-DLL-140,,,unknown,memory,dlllist,module,loaded,,,lsass.exe,,988,,,NTDSAPI.dll,C:\\WINDOWS\\system32\\NTDSAPI.dll,,,,,,,,,,,M57-Jean-MEM-DLL-140,Volatility 3 windows.dlllist from M57-Jean memory image
M57-Jean,EVT-M57-Jean-DLL-141,,,unknown,memory,dlllist,module,loaded,,,lsass.exe,,988,,,DNSAPI.dll,C:\\WINDOWS\\system32\\DNSAPI.dll,,,,,,,,,,,M57-Jean-MEM-DLL-141,Volatility 3 windows.dlllist from M57-Jean memory image
M57-Jean,EVT-M57-Jean-DLL-142,,,unknown,memory,dlllist,module,loaded,,,lsass.exe,,988,,,WS2_32.dll,C:\\WINDOWS\\system32\\WS2_32.dll,,,,,,,,,,,M57-Jean-MEM-DLL-142,Volatility 3 windows.dlllist from M57-Jean memory image
M57-Jean,EVT-M57-Jean-DLL-143,,,unknown,memory,dlllist,module,loaded,,,lsass.exe,,988,,,WS2HELP.dll,C:\\WINDOWS\\system32\\WS2HELP.dll,,,,,,,,,,,M57-Jean-MEM-DLL-143,Volatility 3 windows.dlllist from M57-Jean memory image
M57-Jean,EVT-M57-Jean-DLL-144,,,unknown,memory,dlllist,module,loaded,,,lsass.exe,,988,,,WLDAP32.dll,C:\\WINDOWS\\system32\\WLDAP32.dll,,,,,,,,,,,M57-Jean-MEM-DLL-144,Volatility 3 windows.dlllist from M57-Jean memory image
M57-Jean,EVT-M57-Jean-DLL-145,,,unknown,memory,dlllist,module,loaded,,,lsass.exe,,988,,,SAMLIB.dll,C:\\WINDOWS\\system32\\SAMLIB.dll,,,,,,,,,,,M57-Jean-MEM-DLL-145,Volatility 3 windows.dlllist from M57-Jean memory image
M57-Jean,EVT-M57-Jean-DLL-146,,,unknown,memory,dlllist,module,loaded,,,lsass.exe,,988,,,SAMSRV.dll,C:\\WINDOWS\\system32\\SAMSRV.dll,,,,,,,,,,,M57-Jean-MEM-DLL-146,Volatility 3 windows.dlllist from M57-Jean memory image
M57-Jean,EVT-M57-Jean-DLL-147,,,unknown,memory,dlllist,module,loaded,,,lsass.exe,,988,,,cryptdll.dll,C:\\WINDOWS\\system32\\cryptdll.dll,,,,,,,,,,,M57-Jean-MEM-DLL-147,Volatility 3 windows.dlllist from M57-Jean memory image
M57-Jean,EVT-M57-Jean-DLL-148,,,unknown,memory,dlllist,module,loaded,,,lsass.exe,,988,,,ShimEng.dll,C:\\WINDOWS\\system32\\ShimEng.dll,,,,,,,,,,,M57-Jean-MEM-DLL-148,Volatility 3 windows.dlllist from M57-Jean memory image
M57-Jean,EVT-M57-Jean-DLL-149,,,unknown,memory,dlllist,module,loaded,,,lsass.exe,,988,,,AcGenral.DLL,C:\\WINDOWS\\AppPatch\\AcGenral.DLL,,,,,,,,,,,M57-Jean-MEM-DLL-149,Volatility 3 windows.dlllist from M57-Jean memory image
M57-Jean,EVT-M57-Jean-DLL-150,,,unknown,memory,dlllist,module,loaded,,,lsass.exe,,988,,,WINMM.dll,C:\\WINDOWS\\system32\\WINMM.dll,,,,,,,,,,,M57-Jean-MEM-DLL-150,Volatility 3 windows.dlllist from M57-Jean memory image
M57-Jean,EVT-M57-Jean-DLL-151,,,unknown,memory,dlllist,module,loaded,,,lsass.exe,,988,,,ole32.dll,C:\\WINDOWS\\system32\\ole32.dll,,,,,,,,,,,M57-Jean-MEM-DLL-151,Volatility 3 windows.dlllist from M57-Jean memory image
M57-Jean,EVT-M57-Jean-DLL-152,,,unknown,memory,dlllist,module,loaded,,,lsass.exe,,988,,,OLEAUT32.dll,C:\\WINDOWS\\system32\\OLEAUT32.dll,,,,,,,,,,,M57-Jean-MEM-DLL-152,Volatility 3 windows.dlllist from M57-Jean memory image
M57-Jean,EVT-M57-Jean-DLL-153,,,unknown,memory,dlllist,module,loaded,,,lsass.exe,,988,,,MSACM32.dll,C:\\WINDOWS\\system32\\MSACM32.dll,,,,,,,,,,,M57-Jean-MEM-DLL-153,Volatility 3 windows.dlllist from M57-Jean memory image
M57-Jean,EVT-M57-Jean-DLL-154,,,unknown,memory,dlllist,module,loaded,,,lsass.exe,,988,,,VERSION.dll,C:\\WINDOWS\\system32\\VERSION.dll,,,,,,,,,,,M57-Jean-MEM-DLL-154,Volatility 3 windows.dlllist from M57-Jean memory image
M57-Jean,EVT-M57-Jean-DLL-155,,,unknown,memory,dlllist,module,loaded,,,lsass.exe,,988,,,SHELL32.dll,C:\\WINDOWS\\system32\\SHELL32.dll,,,,,,,,,,,M57-Jean-MEM-DLL-155,Volatility 3 windows.dlllist from M57-Jean memory image
M57-Jean,EVT-M57-Jean-DLL-156,,,unknown,memory,dlllist,module,loaded,,,lsass.exe,,988,,,SHLWAPI.dll,C:\\WINDOWS\\system32\\SHLWAPI.dll,,,,,,,,,,,M57-Jean-MEM-DLL-156,Volatility 3 windows.dlllist from M57-Jean memory image
M57-Jean,EVT-M57-Jean-DLL-157,,,unknown,memory,dlllist,module,loaded,,,lsass.exe,,988,,,USERENV.dll,C:\\WINDOWS\\system32\\USERENV.dll,,,,,,,,,,,M57-Jean-MEM-DLL-157,Volatility 3 windows.dlllist from M57-Jean memory image
M57-Jean,EVT-M57-Jean-DLL-158,,,unknown,memory,dlllist,module,loaded,,,lsass.exe,,988,,,UxTheme.dll,C:\\WINDOWS\\system32\\UxTheme.dll,,,,,,,,,,,M57-Jean-MEM-DLL-158,Volatility 3 windows.dlllist from M57-Jean memory image
M57-Jean,EVT-M57-Jean-DLL-159,,,unknown,memory,dlllist,module,loaded,,,lsass.exe,,988,,,IMM32.DLL,C:\\WINDOWS\\system32\\IMM32.DLL,,,,,,,,,,,M57-Jean-MEM-DLL-159,Volatility 3 windows.dlllist from M57-Jean memory image
M57-Jean,EVT-M57-Jean-DLL-160,,,unknown,memory,dlllist,module,loaded,,,lsass.exe,,988,,,comctl32.dll,C:\\WINDOWS\\WinSxS\\x86_Microsoft.Windows.Common-Controls_6595b64144ccf1df_6.0.2600.5512_x-ww_35d4ce83\\comctl32.dll,,,,,,,,,,,M57-Jean-MEM-DLL-160,Volatility 3 windows.dlllist from M57-Jean memory image
M57-Jean,EVT-M57-Jean-DLL-161,,,unknown,memory,dlllist,module,loaded,,,lsass.exe,,988,,,comctl32.dll,C:\\WINDOWS\\system32\\comctl32.dll,,,,,,,,,,,M57-Jean-MEM-DLL-161,Volatility 3 windows.dlllist from M57-Jean memory image
M57-Jean,EVT-M57-Jean-DLL-162,,,unknown,memory,dlllist,module,loaded,,,lsass.exe,,988,,,msprivs.dll,C:\\WINDOWS\\system32\\msprivs.dll,,,,,,,,,,,M57-Jean-MEM-DLL-162,Volatility 3 windows.dlllist from M57-Jean memory image
M57-Jean,EVT-M57-Jean-DLL-163,,,unknown,memory,dlllist,module,loaded,,,lsass.exe,,988,,,kerberos.dll,C:\\WINDOWS\\system32\\kerberos.dll,,,,,,,,,,,M57-Jean-MEM-DLL-163,Volatility 3 windows.dlllist from M57-Jean memory image
M57-Jean,EVT-M57-Jean-DLL-164,,,unknown,memory,dlllist,module,loaded,,,lsass.exe,,988,,,msv1_0.dll,C:\\WINDOWS\\system32\\msv1_0.dll,,,,,,,,,,,M57-Jean-MEM-DLL-164,Volatility 3 windows.dlllist from M57-Jean memory image
M57-Jean,EVT-M57-Jean-DLL-165,,,unknown,memory,dlllist,module,loaded,,,lsass.exe,,988,,,iphlpapi.dll,C:\\WINDOWS\\system32\\iphlpapi.dll,,,,,,,,,,,M57-Jean-MEM-DLL-165,Volatility 3 windows.dlllist from M57-Jean memory image
M57-Jean,EVT-M57-Jean-DLL-166,,,unknown,memory,dlllist,module,loaded,,,lsass.exe,,988,,,netlogon.dll,C:\\WINDOWS\\system32\\netlogon.dll,,,,,,,,,,,M57-Jean-MEM-DLL-166,Volatility 3 windows.dlllist from M57-Jean memory image
M57-Jean,EVT-M57-Jean-DLL-167,,,unknown,memory,dlllist,module,loaded,,,lsass.exe,,988,,,w32time.dll,C:\\WINDOWS\\system32\\w32time.dll,,,,,,,,,,,M57-Jean-MEM-DLL-167,Volatility 3 windows.dlllist from M57-Jean memory image
M57-Jean,EVT-M57-Jean-DLL-168,,,unknown,memory,dlllist,module,loaded,,,lsass.exe,,988,,,MSVCP60.dll,C:\\WINDOWS\\system32\\MSVCP60.dll,,,,,,,,,,,M57-Jean-MEM-DLL-168,Volatility 3 windows.dlllist from M57-Jean memory image
M57-Jean,EVT-M57-Jean-DLL-169,,,unknown,memory,dlllist,module,loaded,,,lsass.exe,,988,,,schannel.dll,C:\\WINDOWS\\system32\\schannel.dll,,,,,,,,,,,M57-Jean-MEM-DLL-169,Volatility 3 windows.dlllist from M57-Jean memory image
M57-Jean,EVT-M57-Jean-DLL-170,,,unknown,memory,dlllist,module,loaded,,,lsass.exe,,988,,,CRYPT32.dll,C:\\WINDOWS\\system32\\CRYPT32.dll,,,,,,,,,,,M57-Jean-MEM-DLL-170,Volatility 3 windows.dlllist from M57-Jean memory image
M57-Jean,EVT-M57-Jean-DLL-171,,,unknown,memory,dlllist,module,loaded,,,lsass.exe,,988,,,wdigest.dll,C:\\WINDOWS\\system32\\wdigest.dll,,,,,,,,,,,M57-Jean-MEM-DLL-171,Volatility 3 windows.dlllist from M57-Jean memory image
M57-Jean,EVT-M57-Jean-DLL-172,,,unknown,memory,dlllist,module,loaded,,,lsass.exe,,988,,,rsaenh.dll,C:\\WINDOWS\\system32\\rsaenh.dll,,,,,,,,,,,M57-Jean-MEM-DLL-172,Volatility 3 windows.dlllist from M57-Jean memory image
M57-Jean,EVT-M57-Jean-DLL-173,,,unknown,memory,dlllist,module,loaded,,,lsass.exe,,988,,,scecli.dll,C:\\WINDOWS\\system32\\scecli.dll,,,,,,,,,,,M57-Jean-MEM-DLL-173,Volatility 3 windows.dlllist from M57-Jean memory image
M57-Jean,EVT-M57-Jean-DLL-174,,,unknown,memory,dlllist,module,loaded,,,lsass.exe,,988,,,SETUPAPI.dll,C:\\WINDOWS\\system32\\SETUPAPI.dll,,,,,,,,,,,M57-Jean-MEM-DLL-174,Volatility 3 windows.dlllist from M57-Jean memory image
M57-Jean,EVT-M57-Jean-DLL-175,,,unknown,memory,dlllist,module,loaded,,,lsass.exe,,988,,,ipsecsvc.dll,C:\\WINDOWS\\system32\\ipsecsvc.dll,,,,,,,,,,,M57-Jean-MEM-DLL-175,Volatility 3 windows.dlllist from M57-Jean memory image
M57-Jean,EVT-M57-Jean-DLL-176,,,unknown,memory,dlllist,module,loaded,,,lsass.exe,,988,,,AUTHZ.dll,C:\\WINDOWS\\system32\\AUTHZ.dll,,,,,,,,,,,M57-Jean-MEM-DLL-176,Volatility 3 windows.dlllist from M57-Jean memory image
M57-Jean,EVT-M57-Jean-DLL-177,,,unknown,memory,dlllist,module,loaded,,,lsass.exe,,988,,,oakley.DLL,C:\\WINDOWS\\system32\\oakley.DLL,,,,,,,,,,,M57-Jean-MEM-DLL-177,Volatility 3 windows.dlllist from M57-Jean memory image
M57-Jean,EVT-M57-Jean-DLL-178,,,unknown,memory,dlllist,module,loaded,,,lsass.exe,,988,,,WINIPSEC.DLL,C:\\WINDOWS\\system32\\WINIPSEC.DLL,,,,,,,,,,,M57-Jean-MEM-DLL-178,Volatility 3 windows.dlllist from M57-Jean memory image
M57-Jean,EVT-M57-Jean-DLL-179,,,unknown,memory,dlllist,module,loaded,,,lsass.exe,,988,,,pstorsvc.dll,C:\\WINDOWS\\system32\\pstorsvc.dll,,,,,,,,,,,M57-Jean-MEM-DLL-179,Volatility 3 windows.dlllist from M57-Jean memory image
M57-Jean,EVT-M57-Jean-DLL-180,,,unknown,memory,dlllist,module,loaded,,,lsass.exe,,988,,,mswsock.dll,C:\\WINDOWS\\system32\\mswsock.dll,,,,,,,,,,,M57-Jean-MEM-DLL-180,Volatility 3 windows.dlllist from M57-Jean memory image
M57-Jean,EVT-M57-Jean-DLL-181,,,unknown,memory,dlllist,module,loaded,,,lsass.exe,,988,,,hnetcfg.dll,C:\\WINDOWS\\system32\\hnetcfg.dll,,,,,,,,,,,M57-Jean-MEM-DLL-181,Volatility 3 windows.dlllist from M57-Jean memory image
M57-Jean,EVT-M57-Jean-DLL-182,,,unknown,memory,dlllist,module,loaded,,,lsass.exe,,988,,,wshtcpip.dll,C:\\WINDOWS\\System32\\wshtcpip.dll,,,,,,,,,,,M57-Jean-MEM-DLL-182,Volatility 3 windows.dlllist from M57-Jean memory image
M57-Jean,EVT-M57-Jean-DLL-183,,,unknown,memory,dlllist,module,loaded,,,lsass.exe,,988,,,psbase.dll,C:\\WINDOWS\\system32\\psbase.dll,,,,,,,,,,,M57-Jean-MEM-DLL-183,Volatility 3 windows.dlllist from M57-Jean memory image
M57-Jean,EVT-M57-Jean-DLL-184,,,unknown,memory,dlllist,module,loaded,,,lsass.exe,,988,,,dssenh.dll,C:\\WINDOWS\\system32\\dssenh.dll,,,,,,,,,,,M57-Jean-MEM-DLL-184,Volatility 3 windows.dlllist from M57-Jean memory image
M57-Jean,EVT-M57-Jean-DLL-185,,,unknown,memory,dlllist,module,loaded,,,svchost.exe,,1152,,,svchost.exe,C:\\WINDOWS\\system32\\svchost.exe,,,,,,,,,,,M57-Jean-MEM-DLL-185,Volatility 3 windows.dlllist from M57-Jean memory image
M57-Jean,EVT-M57-Jean-DLL-186,,,unknown,memory,dlllist,module,loaded,,,svchost.exe,,1152,,,ntdll.dll,C:\\WINDOWS\\system32\\ntdll.dll,,,,,,,,,,,M57-Jean-MEM-DLL-186,Volatility 3 windows.dlllist from M57-Jean memory image
M57-Jean,EVT-M57-Jean-DLL-187,,,unknown,memory,dlllist,module,loaded,,,svchost.exe,,1152,,,kernel32.dll,C:\\WINDOWS\\system32\\kernel32.dll,,,,,,,,,,,M57-Jean-MEM-DLL-187,Volatility 3 windows.dlllist from M57-Jean memory image
M57-Jean,EVT-M57-Jean-DLL-188,,,unknown,memory,dlllist,module,loaded,,,svchost.exe,,1152,,,ADVAPI32.dll,C:\\WINDOWS\\system32\\ADVAPI32.dll,,,,,,,,,,,M57-Jean-MEM-DLL-188,Volatility 3 windows.dlllist from M57-Jean memory image
M57-Jean,EVT-M57-Jean-DLL-189,,,unknown,memory,dlllist,module,loaded,,,svchost.exe,,1152,,,RPCRT4.dll,C:\\WINDOWS\\system32\\RPCRT4.dll,,,,,,,,,,,M57-Jean-MEM-DLL-189,Volatility 3 windows.dlllist from M57-Jean memory image
M57-Jean,EVT-M57-Jean-DLL-190,,,unknown,memory,dlllist,module,loaded,,,svchost.exe,,1152,,,Secur32.dll,C:\\WINDOWS\\system32\\Secur32.dll,,,,,,,,,,,M57-Jean-MEM-DLL-190,Volatility 3 windows.dlllist from M57-Jean memory image
M57-Jean,EVT-M57-Jean-DLL-191,,,unknown,memory,dlllist,module,loaded,,,svchost.exe,,1152,,,ShimEng.dll,C:\\WINDOWS\\system32\\ShimEng.dll,,,,,,,,,,,M57-Jean-MEM-DLL-191,Volatility 3 windows.dlllist from M57-Jean memory image
M57-Jean,EVT-M57-Jean-DLL-192,,,unknown,memory,dlllist,module,loaded,,,svchost.exe,,1152,,,AcGenral.DLL,C:\\WINDOWS\\AppPatch\\AcGenral.DLL,,,,,,,,,,,M57-Jean-MEM-DLL-192,Volatility 3 windows.dlllist from M57-Jean memory image
M57-Jean,EVT-M57-Jean-DLL-193,,,unknown,memory,dlllist,module,loaded,,,svchost.exe,,1152,,,USER32.dll,C:\\WINDOWS\\system32\\USER32.dll,,,,,,,,,,,M57-Jean-MEM-DLL-193,Volatility 3 windows.dlllist from M57-Jean memory image
M57-Jean,EVT-M57-Jean-DLL-194,,,unknown,memory,dlllist,module,loaded,,,svchost.exe,,1152,,,GDI32.dll,C:\\WINDOWS\\system32\\GDI32.dll,,,,,,,,,,,M57-Jean-MEM-DLL-194,Volatility 3 windows.dlllist from M57-Jean memory image
M57-Jean,EVT-M57-Jean-DLL-195,,,unknown,memory,dlllist,module,loaded,,,svchost.exe,,1152,,,WINMM.dll,C:\\WINDOWS\\system32\\WINMM.dll,,,,,,,,,,,M57-Jean-MEM-DLL-195,Volatility 3 windows.dlllist from M57-Jean memory image
M57-Jean,EVT-M57-Jean-DLL-196,,,unknown,memory,dlllist,module,loaded,,,svchost.exe,,1152,,,ole32.dll,C:\\WINDOWS\\system32\\ole32.dll,,,,,,,,,,,M57-Jean-MEM-DLL-196,Volatility 3 windows.dlllist from M57-Jean memory image
M57-Jean,EVT-M57-Jean-DLL-197,,,unknown,memory,dlllist,module,loaded,,,svchost.exe,,1152,,,msvcrt.dll,C:\\WINDOWS\\system32\\msvcrt.dll,,,,,,,,,,,M57-Jean-MEM-DLL-197,Volatility 3 windows.dlllist from M57-Jean memory image
M57-Jean,EVT-M57-Jean-DLL-198,,,unknown,memory,dlllist,module,loaded,,,svchost.exe,,1152,,,OLEAUT32.dll,C:\\WINDOWS\\system32\\OLEAUT32.dll,,,,,,,,,,,M57-Jean-MEM-DLL-198,Volatility 3 windows.dlllist from M57-Jean memory image
M57-Jean,EVT-M57-Jean-DLL-199,,,unknown,memory,dlllist,module,loaded,,,svchost.exe,,1152,,,MSACM32.dll,C:\\WINDOWS\\system32\\MSACM32.dll,,,,,,,,,,,M57-Jean-MEM-DLL-199,Volatility 3 windows.dlllist from M57-Jean memory image
M57-Jean,EVT-M57-Jean-DLL-200,,,unknown,memory,dlllist,module,loaded,,,svchost.exe,,1152,,,VERSION.dll,C:\\WINDOWS\\system32\\VERSION.dll,,,,,,,,,,,M57-Jean-MEM-DLL-200,Volatility 3 windows.dlllist from M57-Jean memory image
M57-Jean,EVT-M57-Jean-DLL-201,,,unknown,memory,dlllist,module,loaded,,,svchost.exe,,1152,,,SHELL32.dll,C:\\WINDOWS\\system32\\SHELL32.dll,,,,,,,,,,,M57-Jean-MEM-DLL-201,Volatility 3 windows.dlllist from M57-Jean memory image
M57-Jean,EVT-M57-Jean-DLL-202,,,unknown,memory,dlllist,module,loaded,,,svchost.exe,,1152,,,SHLWAPI.dll,C:\\WINDOWS\\system32\\SHLWAPI.dll,,,,,,,,,,,M57-Jean-MEM-DLL-202,Volatility 3 windows.dlllist from M57-Jean memory image
M57-Jean,EVT-M57-Jean-DLL-203,,,unknown,memory,dlllist,module,loaded,,,svchost.exe,,1152,,,USERENV.dll,C:\\WINDOWS\\system32\\USERENV.dll,,,,,,,,,,,M57-Jean-MEM-DLL-203,Volatility 3 windows.dlllist from M57-Jean memory image
M57-Jean,EVT-M57-Jean-DLL-204,,,unknown,memory,dlllist,module,loaded,,,svchost.exe,,1152,,,UxTheme.dll,C:\\WINDOWS\\system32\\UxTheme.dll,,,,,,,,,,,M57-Jean-MEM-DLL-204,Volatility 3 windows.dlllist from M57-Jean memory image
M57-Jean,EVT-M57-Jean-DLL-205,,,unknown,memory,dlllist,module,loaded,,,svchost.exe,,1152,,,IMM32.DLL,C:\\WINDOWS\\system32\\IMM32.DLL,,,,,,,,,,,M57-Jean-MEM-DLL-205,Volatility 3 windows.dlllist from M57-Jean memory image
M57-Jean,EVT-M57-Jean-DLL-206,,,unknown,memory,dlllist,module,loaded,,,svchost.exe,,1152,,,comctl32.dll,C:\\WINDOWS\\WinSxS\\x86_Microsoft.Windows.Common-Controls_6595b64144ccf1df_6.0.2600.5512_x-ww_35d4ce83\\comctl32.dll,,,,,,,,,,,M57-Jean-MEM-DLL-206,Volatility 3 windows.dlllist from M57-Jean memory image
M57-Jean,EVT-M57-Jean-DLL-207,,,unknown,memory,dlllist,module,loaded,,,svchost.exe,,1152,,,comctl32.dll,C:\\WINDOWS\\system32\\comctl32.dll,,,,,,,,,,,M57-Jean-MEM-DLL-207,Volatility 3 windows.dlllist from M57-Jean memory image
M57-Jean,EVT-M57-Jean-DLL-208,,,unknown,memory,dlllist,module,loaded,,,svchost.exe,,1152,,,NTMARTA.DLL,C:\\WINDOWS\\system32\\NTMARTA.DLL,,,,,,,,,,,M57-Jean-MEM-DLL-208,Volatility 3 windows.dlllist from M57-Jean memory image
M57-Jean,EVT-M57-Jean-DLL-209,,,unknown,memory,dlllist,module,loaded,,,svchost.exe,,1152,,,SAMLIB.dll,C:\\WINDOWS\\system32\\SAMLIB.dll,,,,,,,,,,,M57-Jean-MEM-DLL-209,Volatility 3 windows.dlllist from M57-Jean memory image
M57-Jean,EVT-M57-Jean-DLL-210,,,unknown,memory,dlllist,module,loaded,,,svchost.exe,,1152,,,WLDAP32.dll,C:\\WINDOWS\\system32\\WLDAP32.dll,,,,,,,,,,,M57-Jean-MEM-DLL-210,Volatility 3 windows.dlllist from M57-Jean memory image
M57-Jean,EVT-M57-Jean-DLL-211,,,unknown,memory,dlllist,module,loaded,,,svchost.exe,,1152,,,rpcss.dll,c:\\windows\\system32\\rpcss.dll,,,,,,,,,,,M57-Jean-MEM-DLL-211,Volatility 3 windows.dlllist from M57-Jean memory image
M57-Jean,EVT-M57-Jean-DLL-212,,,unknown,memory,dlllist,module,loaded,,,svchost.exe,,1152,,,WS2_32.dll,c:\\windows\\system32\\WS2_32.dll,,,,,,,,,,,M57-Jean-MEM-DLL-212,Volatility 3 windows.dlllist from M57-Jean memory image
M57-Jean,EVT-M57-Jean-DLL-213,,,unknown,memory,dlllist,module,loaded,,,svchost.exe,,1152,,,WS2HELP.dll,c:\\windows\\system32\\WS2HELP.dll,,,,,,,,,,,M57-Jean-MEM-DLL-213,Volatility 3 windows.dlllist from M57-Jean memory image
M57-Jean,EVT-M57-Jean-DLL-214,,,unknown,memory,dlllist,module,loaded,,,svchost.exe,,1152,,,xpsp2res.dll,C:\\WINDOWS\\system32\\xpsp2res.dll,,,,,,,,,,,M57-Jean-MEM-DLL-214,Volatility 3 windows.dlllist from M57-Jean memory image
M57-Jean,EVT-M57-Jean-DLL-215,,,unknown,memory,dlllist,module,loaded,,,svchost.exe,,1152,,,CLBCATQ.DLL,C:\\WINDOWS\\system32\\CLBCATQ.DLL,,,,,,,,,,,M57-Jean-MEM-DLL-215,Volatility 3 windows.dlllist from M57-Jean memory image
M57-Jean,EVT-M57-Jean-DLL-216,,,unknown,memory,dlllist,module,loaded,,,svchost.exe,,1152,,,COMRes.dll,C:\\WINDOWS\\system32\\COMRes.dll,,,,,,,,,,,M57-Jean-MEM-DLL-216,Volatility 3 windows.dlllist from M57-Jean memory image
M57-Jean,EVT-M57-Jean-DLL-217,,,unknown,memory,dlllist,module,loaded,,,svchost.exe,,1152,,,termsrv.dll,c:\\windows\\system32\\termsrv.dll,,,,,,,,,,,M57-Jean-MEM-DLL-217,Volatility 3 windows.dlllist from M57-Jean memory image
M57-Jean,EVT-M57-Jean-DLL-218,,,unknown,memory,dlllist,module,loaded,,,svchost.exe,,1152,,,ICAAPI.dll,c:\\windows\\system32\\ICAAPI.dll,,,,,,,,,,,M57-Jean-MEM-DLL-218,Volatility 3 windows.dlllist from M57-Jean memory image
M57-Jean,EVT-M57-Jean-DLL-219,,,unknown,memory,dlllist,module,loaded,,,svchost.exe,,1152,,,SETUPAPI.dll,c:\\windows\\system32\\SETUPAPI.dll,,,,,,,,,,,M57-Jean-MEM-DLL-219,Volatility 3 windows.dlllist from M57-Jean memory image
M57-Jean,EVT-M57-Jean-DLL-220,,,unknown,memory,dlllist,module,loaded,,,svchost.exe,,1152,,,WINTRUST.dll,c:\\windows\\system32\\WINTRUST.dll,,,,,,,,,,,M57-Jean-MEM-DLL-220,Volatility 3 windows.dlllist from M57-Jean memory image
M57-Jean,EVT-M57-Jean-DLL-221,,,unknown,memory,dlllist,module,loaded,,,svchost.exe,,1152,,,CRYPT32.dll,c:\\windows\\system32\\CRYPT32.dll,,,,,,,,,,,M57-Jean-MEM-DLL-221,Volatility 3 windows.dlllist from M57-Jean memory image
M57-Jean,EVT-M57-Jean-DLL-222,,,unknown,memory,dlllist,module,loaded,,,svchost.exe,,1152,,,MSASN1.dll,c:\\windows\\system32\\MSASN1.dll,,,,,,,,,,,M57-Jean-MEM-DLL-222,Volatility 3 windows.dlllist from M57-Jean memory image
M57-Jean,EVT-M57-Jean-DLL-223,,,unknown,memory,dlllist,module,loaded,,,svchost.exe,,1152,,,IMAGEHLP.dll,C:\\WINDOWS\\system32\\IMAGEHLP.dll,,,,,,,,,,,M57-Jean-MEM-DLL-223,Volatility 3 windows.dlllist from M57-Jean memory image
M57-Jean,EVT-M57-Jean-DLL-224,,,unknown,memory,dlllist,module,loaded,,,svchost.exe,,1152,,,AUTHZ.dll,c:\\windows\\system32\\AUTHZ.dll,,,,,,,,,,,M57-Jean-MEM-DLL-224,Volatility 3 windows.dlllist from M57-Jean memory image
M57-Jean,EVT-M57-Jean-DLL-225,,,unknown,memory,dlllist,module,loaded,,,svchost.exe,,1152,,,mstlsapi.dll,c:\\windows\\system32\\mstlsapi.dll,,,,,,,,,,,M57-Jean-MEM-DLL-225,Volatility 3 windows.dlllist from M57-Jean memory image
M57-Jean,EVT-M57-Jean-DLL-226,,,unknown,memory,dlllist,module,loaded,,,svchost.exe,,1152,,,ACTIVEDS.dll,c:\\windows\\system32\\ACTIVEDS.dll,,,,,,,,,,,M57-Jean-MEM-DLL-226,Volatility 3 windows.dlllist from M57-Jean memory image
M57-Jean,EVT-M57-Jean-DLL-227,,,unknown,memory,dlllist,module,loaded,,,svchost.exe,,1152,,,adsldpc.dll,c:\\windows\\system32\\adsldpc.dll,,,,,,,,,,,M57-Jean-MEM-DLL-227,Volatility 3 windows.dlllist from M57-Jean memory image
M57-Jean,EVT-M57-Jean-DLL-228,,,unknown,memory,dlllist,module,loaded,,,svchost.exe,,1152,,,NETAPI32.dll,c:\\windows\\system32\\NETAPI32.dll,,,,,,,,,,,M57-Jean-MEM-DLL-228,Volatility 3 windows.dlllist from M57-Jean memory image
M57-Jean,EVT-M57-Jean-DLL-229,,,unknown,memory,dlllist,module,loaded,,,svchost.exe,,1152,,,ATL.DLL,c:\\windows\\system32\\ATL.DLL,,,,,,,,,,,M57-Jean-MEM-DLL-229,Volatility 3 windows.dlllist from M57-Jean memory image
M57-Jean,EVT-M57-Jean-DLL-230,,,unknown,memory,dlllist,module,loaded,,,svchost.exe,,1152,,,REGAPI.dll,C:\\WINDOWS\\system32\\REGAPI.dll,,,,,,,,,,,M57-Jean-MEM-DLL-230,Volatility 3 windows.dlllist from M57-Jean memory image
M57-Jean,EVT-M57-Jean-DLL-231,,,unknown,memory,dlllist,module,loaded,,,svchost.exe,,1152,,,rsaenh.dll,C:\\WINDOWS\\system32\\rsaenh.dll,,,,,,,,,,,M57-Jean-MEM-DLL-231,Volatility 3 windows.dlllist from M57-Jean memory image
M57-Jean,EVT-M57-Jean-DLL-232,,,unknown,memory,dlllist,module,loaded,,,svchost.exe,,1152,,,Apphelp.dll,C:\\WINDOWS\\system32\\Apphelp.dll,,,,,,,,,,,M57-Jean-MEM-DLL-232,Volatility 3 windows.dlllist from M57-Jean memory image
M57-Jean,EVT-M57-Jean-DLL-233,,,unknown,memory,dlllist,module,loaded,,,svchost.exe,,1248,,,svchost.exe,C:\\WINDOWS\\system32\\svchost.exe,,,,,,,,,,,M57-Jean-MEM-DLL-233,Volatility 3 windows.dlllist from M57-Jean memory image
M57-Jean,EVT-M57-Jean-DLL-234,,,unknown,memory,dlllist,module,loaded,,,svchost.exe,,1248,,,,,,,,,,,,,,,M57-Jean-MEM-DLL-234,Volatility 3 windows.dlllist from M57-Jean memory image
M57-Jean,EVT-M57-Jean-DLL-235,,,unknown,memory,dlllist,module,loaded,,,svchost.exe,,1248,,,kernel32.dll,C:\\WINDOWS\\system32\\kernel32.dll,,,,,,,,,,,M57-Jean-MEM-DLL-235,Volatility 3 windows.dlllist from M57-Jean memory image
M57-Jean,EVT-M57-Jean-DLL-236,,,unknown,memory,dlllist,module,loaded,,,svchost.exe,,1248,,,ADVAPI32.dll,C:\\WINDOWS\\system32\\ADVAPI32.dll,,,,,,,,,,,M57-Jean-MEM-DLL-236,Volatility 3 windows.dlllist from M57-Jean memory image
M57-Jean,EVT-M57-Jean-DLL-237,,,unknown,memory,dlllist,module,loaded,,,svchost.exe,,1248,,,RPCRT4.dll,C:\\WINDOWS\\system32\\RPCRT4.dll,,,,,,,,,,,M57-Jean-MEM-DLL-237,Volatility 3 windows.dlllist from M57-Jean memory image
M57-Jean,EVT-M57-Jean-DLL-238,,,unknown,memory,dlllist,module,loaded,,,svchost.exe,,1248,,,Secur32.dll,C:\\WINDOWS\\system32\\Secur32.dll,,,,,,,,,,,M57-Jean-MEM-DLL-238,Volatility 3 windows.dlllist from M57-Jean memory image
M57-Jean,EVT-M57-Jean-DLL-239,,,unknown,memory,dlllist,module,loaded,,,svchost.exe,,1248,,,ShimEng.dll,C:\\WINDOWS\\system32\\ShimEng.dll,,,,,,,,,,,M57-Jean-MEM-DLL-239,Volatility 3 windows.dlllist from M57-Jean memory image
M57-Jean,EVT-M57-Jean-DLL-240,,,unknown,memory,dlllist,module,loaded,,,svchost.exe,,1248,,,AcGenral.DLL,C:\\WINDOWS\\AppPatch\\AcGenral.DLL,,,,,,,,,,,M57-Jean-MEM-DLL-240,Volatility 3 windows.dlllist from M57-Jean memory image
M57-Jean,EVT-M57-Jean-DLL-241,,,unknown,memory,dlllist,module,loaded,,,svchost.exe,,1248,,,USER32.dll,C:\\WINDOWS\\system32\\USER32.dll,,,,,,,,,,,M57-Jean-MEM-DLL-241,Volatility 3 windows.dlllist from M57-Jean memory image
M57-Jean,EVT-M57-Jean-DLL-242,,,unknown,memory,dlllist,module,loaded,,,svchost.exe,,1248,,,GDI32.dll,C:\\WINDOWS\\system32\\GDI32.dll,,,,,,,,,,,M57-Jean-MEM-DLL-242,Volatility 3 windows.dlllist from M57-Jean memory image
M57-Jean,EVT-M57-Jean-DLL-243,,,unknown,memory,dlllist,module,loaded,,,svchost.exe,,1248,,,WINMM.dll,C:\\WINDOWS\\system32\\WINMM.dll,,,,,,,,,,,M57-Jean-MEM-DLL-243,Volatility 3 windows.dlllist from M57-Jean memory image
M57-Jean,EVT-M57-Jean-DLL-244,,,unknown,memory,dlllist,module,loaded,,,svchost.exe,,1248,,,ole32.dll,C:\\WINDOWS\\system32\\ole32.dll,,,,,,,,,,,M57-Jean-MEM-DLL-244,Volatility 3 windows.dlllist from M57-Jean memory image
M57-Jean,EVT-M57-Jean-DLL-245,,,unknown,memory,dlllist,module,loaded,,,svchost.exe,,1248,,,msvcrt.dll,C:\\WINDOWS\\system32\\msvcrt.dll,,,,,,,,,,,M57-Jean-MEM-DLL-245,Volatility 3 windows.dlllist from M57-Jean memory image
M57-Jean,EVT-M57-Jean-DLL-246,,,unknown,memory,dlllist,module,loaded,,,svchost.exe,,1248,,,OLEAUT32.dll,C:\\WINDOWS\\system32\\OLEAUT32.dll,,,,,,,,,,,M57-Jean-MEM-DLL-246,Volatility 3 windows.dlllist from M57-Jean memory image
M57-Jean,EVT-M57-Jean-DLL-247,,,unknown,memory,dlllist,module,loaded,,,svchost.exe,,1248,,,MSACM32.dll,C:\\WINDOWS\\system32\\MSACM32.dll,,,,,,,,,,,M57-Jean-MEM-DLL-247,Volatility 3 windows.dlllist from M57-Jean memory image
M57-Jean,EVT-M57-Jean-DLL-248,,,unknown,memory,dlllist,module,loaded,,,svchost.exe,,1248,,,VERSION.dll,C:\\WINDOWS\\system32\\VERSION.dll,,,,,,,,,,,M57-Jean-MEM-DLL-248,Volatility 3 windows.dlllist from M57-Jean memory image
M57-Jean,EVT-M57-Jean-DLL-249,,,unknown,memory,dlllist,module,loaded,,,svchost.exe,,1248,,,SHELL32.dll,C:\\WINDOWS\\system32\\SHELL32.dll,,,,,,,,,,,M57-Jean-MEM-DLL-249,Volatility 3 windows.dlllist from M57-Jean memory image
M57-Jean,EVT-M57-Jean-DLL-250,,,unknown,memory,dlllist,module,loaded,,,svchost.exe,,1248,,,SHLWAPI.dll,C:\\WINDOWS\\system32\\SHLWAPI.dll,,,,,,,,,,,M57-Jean-MEM-DLL-250,Volatility 3 windows.dlllist from M57-Jean memory image
M57-Jean,EVT-M57-Jean-DLL-251,,,unknown,memory,dlllist,module,loaded,,,svchost.exe,,1248,,,USERENV.dll,C:\\WINDOWS\\system32\\USERENV.dll,,,,,,,,,,,M57-Jean-MEM-DLL-251,Volatility 3 windows.dlllist from M57-Jean memory image
M57-Jean,EVT-M57-Jean-DLL-252,,,unknown,memory,dlllist,module,loaded,,,svchost.exe,,1248,,,UxTheme.dll,C:\\WINDOWS\\system32\\UxTheme.dll,,,,,,,,,,,M57-Jean-MEM-DLL-252,Volatility 3 windows.dlllist from M57-Jean memory image
M57-Jean,EVT-M57-Jean-DLL-253,,,unknown,memory,dlllist,module,loaded,,,svchost.exe,,1248,,,IMM32.DLL,C:\\WINDOWS\\system32\\IMM32.DLL,,,,,,,,,,,M57-Jean-MEM-DLL-253,Volatility 3 windows.dlllist from M57-Jean memory image
M57-Jean,EVT-M57-Jean-DLL-254,,,unknown,memory,dlllist,module,loaded,,,svchost.exe,,1248,,,comctl32.dll,C:\\WINDOWS\\WinSxS\\x86_Microsoft.Windows.Common-Controls_6595b64144ccf1df_6.0.2600.5512_x-ww_35d4ce83\\comctl32.dll,,,,,,,,,,,M57-Jean-MEM-DLL-254,Volatility 3 windows.dlllist from M57-Jean memory image
M57-Jean,EVT-M57-Jean-DLL-255,,,unknown,memory,dlllist,module,loaded,,,svchost.exe,,1248,,,comctl32.dll,C:\\WINDOWS\\system32\\comctl32.dll,,,,,,,,,,,M57-Jean-MEM-DLL-255,Volatility 3 windows.dlllist from M57-Jean memory image
M57-Jean,EVT-M57-Jean-DLL-256,,,unknown,memory,dlllist,module,loaded,,,svchost.exe,,1248,,,rpcss.dll,c:\\windows\\system32\\rpcss.dll,,,,,,,,,,,M57-Jean-MEM-DLL-256,Volatility 3 windows.dlllist from M57-Jean memory image
M57-Jean,EVT-M57-Jean-DLL-257,,,unknown,memory,dlllist,module,loaded,,,svchost.exe,,1248,,,WS2_32.dll,c:\\windows\\system32\\WS2_32.dll,,,,,,,,,,,M57-Jean-MEM-DLL-257,Volatility 3 windows.dlllist from M57-Jean memory image
M57-Jean,EVT-M57-Jean-DLL-258,,,unknown,memory,dlllist,module,loaded,,,svchost.exe,,1248,,,WS2HELP.dll,c:\\windows\\system32\\WS2HELP.dll,,,,,,,,,,,M57-Jean-MEM-DLL-258,Volatility 3 windows.dlllist from M57-Jean memory image
M57-Jean,EVT-M57-Jean-DLL-259,,,unknown,memory,dlllist,module,loaded,,,svchost.exe,,1248,,,xpsp2res.dll,C:\\WINDOWS\\system32\\xpsp2res.dll,,,,,,,,,,,M57-Jean-MEM-DLL-259,Volatility 3 windows.dlllist from M57-Jean memory image
M57-Jean,EVT-M57-Jean-DLL-260,,,unknown,memory,dlllist,module,loaded,,,svchost.exe,,1248,,,rsaenh.dll,C:\\WINDOWS\\system32\\rsaenh.dll,,,,,,,,,,,M57-Jean-MEM-DLL-260,Volatility 3 windows.dlllist from M57-Jean memory image
M57-Jean,EVT-M57-Jean-DLL-261,,,unknown,memory,dlllist,module,loaded,,,svchost.exe,,1248,,,mswsock.dll,C:\\WINDOWS\\system32\\mswsock.dll,,,,,,,,,,,M57-Jean-MEM-DLL-261,Volatility 3 windows.dlllist from M57-Jean memory image
M57-Jean,EVT-M57-Jean-DLL-262,,,unknown,memory,dlllist,module,loaded,,,svchost.exe,,1248,,,hnetcfg.dll,C:\\WINDOWS\\system32\\hnetcfg.dll,,,,,,,,,,,M57-Jean-MEM-DLL-262,Volatility 3 windows.dlllist from M57-Jean memory image
M57-Jean,EVT-M57-Jean-DLL-263,,,unknown,memory,dlllist,module,loaded,,,svchost.exe,,1248,,,wshtcpip.dll,C:\\WINDOWS\\System32\\wshtcpip.dll,,,,,,,,,,,M57-Jean-MEM-DLL-263,Volatility 3 windows.dlllist from M57-Jean memory image
M57-Jean,EVT-M57-Jean-DLL-264,,,unknown,memory,dlllist,module,loaded,,,svchost.exe,,1248,,,DNSAPI.dll,C:\\WINDOWS\\system32\\DNSAPI.dll,,,,,,,,,,,M57-Jean-MEM-DLL-264,Volatility 3 windows.dlllist from M57-Jean memory image
M57-Jean,EVT-M57-Jean-DLL-265,,,unknown,memory,dlllist,module,loaded,,,svchost.exe,,1248,,,iphlpapi.dll,C:\\WINDOWS\\system32\\iphlpapi.dll,,,,,,,,,,,M57-Jean-MEM-DLL-265,Volatility 3 windows.dlllist from M57-Jean memory image
M57-Jean,EVT-M57-Jean-DLL-266,,,unknown,memory,dlllist,module,loaded,,,svchost.exe,,1248,,,winrnr.dll,C:\\WINDOWS\\System32\\winrnr.dll,,,,,,,,,,,M57-Jean-MEM-DLL-266,Volatility 3 windows.dlllist from M57-Jean memory image
M57-Jean,EVT-M57-Jean-DLL-267,,,unknown,memory,dlllist,module,loaded,,,svchost.exe,,1248,,,WLDAP32.dll,C:\\WINDOWS\\system32\\WLDAP32.dll,,,,,,,,,,,M57-Jean-MEM-DLL-267,Volatility 3 windows.dlllist from M57-Jean memory image
M57-Jean,EVT-M57-Jean-DLL-268,,,unknown,memory,dlllist,module,loaded,,,svchost.exe,,1248,,,rasadhlp.dll,C:\\WINDOWS\\system32\\rasadhlp.dll,,,,,,,,,,,M57-Jean-MEM-DLL-268,Volatility 3 windows.dlllist from M57-Jean memory image
M57-Jean,EVT-M57-Jean-DLL-269,,,unknown,memory,dlllist,module,loaded,,,svchost.exe,,1248,,,CLBCATQ.DLL,C:\\WINDOWS\\system32\\CLBCATQ.DLL,,,,,,,,,,,M57-Jean-MEM-DLL-269,Volatility 3 windows.dlllist from M57-Jean memory image
M57-Jean,EVT-M57-Jean-DLL-270,,,unknown,memory,dlllist,module,loaded,,,svchost.exe,,1248,,,COMRes.dll,C:\\WINDOWS\\system32\\COMRes.dll,,,,,,,,,,,M57-Jean-MEM-DLL-270,Volatility 3 windows.dlllist from M57-Jean memory image
M57-Jean,EVT-M57-Jean-DLL-271,,,unknown,memory,dlllist,module,loaded,,,svchost.exe,,1372,,,svchost.exe,C:\\WINDOWS\\System32\\svchost.exe,,,,,,,,,,,M57-Jean-MEM-DLL-271,Volatility 3 windows.dlllist from M57-Jean memory image
M57-Jean,EVT-M57-Jean-DLL-272,,,unknown,memory,dlllist,module,loaded,,,svchost.exe,,1372,,,ntdll.dll,C:\\WINDOWS\\system32\\ntdll.dll,,,,,,,,,,,M57-Jean-MEM-DLL-272,Volatility 3 windows.dlllist from M57-Jean memory image
M57-Jean,EVT-M57-Jean-DLL-273,,,unknown,memory,dlllist,module,loaded,,,svchost.exe,,1372,,,kernel32.dll,C:\\WINDOWS\\system32\\kernel32.dll,,,,,,,,,,,M57-Jean-MEM-DLL-273,Volatility 3 windows.dlllist from M57-Jean memory image
M57-Jean,EVT-M57-Jean-DLL-274,,,unknown,memory,dlllist,module,loaded,,,svchost.exe,,1372,,,ADVAPI32.dll,C:\\WINDOWS\\system32\\ADVAPI32.dll,,,,,,,,,,,M57-Jean-MEM-DLL-274,Volatility 3 windows.dlllist from M57-Jean memory image
M57-Jean,EVT-M57-Jean-DLL-275,,,unknown,memory,dlllist,module,loaded,,,svchost.exe,,1372,,,RPCRT4.dll,C:\\WINDOWS\\system32\\RPCRT4.dll,,,,,,,,,,,M57-Jean-MEM-DLL-275,Volatility 3 windows.dlllist from M57-Jean memory image
M57-Jean,EVT-M57-Jean-DLL-276,,,unknown,memory,dlllist,module,loaded,,,svchost.exe,,1372,,,Secur32.dll,C:\\WINDOWS\\system32\\Secur32.dll,,,,,,,,,,,M57-Jean-MEM-DLL-276,Volatility 3 windows.dlllist from M57-Jean memory image
M57-Jean,EVT-M57-Jean-DLL-277,,,unknown,memory,dlllist,module,loaded,,,svchost.exe,,1372,,,ShimEng.dll,C:\\WINDOWS\\System32\\ShimEng.dll,,,,,,,,,,,M57-Jean-MEM-DLL-277,Volatility 3 windows.dlllist from M57-Jean memory image
M57-Jean,EVT-M57-Jean-DLL-278,,,unknown,memory,dlllist,module,loaded,,,svchost.exe,,1372,,,AcGenral.DLL,C:\\WINDOWS\\AppPatch\\AcGenral.DLL,,,,,,,,,,,M57-Jean-MEM-DLL-278,Volatility 3 windows.dlllist from M57-Jean memory image
M57-Jean,EVT-M57-Jean-DLL-279,,,unknown,memory,dlllist,module,loaded,,,svchost.exe,,1372,,,USER32.dll,C:\\WINDOWS\\system32\\USER32.dll,,,,,,,,,,,M57-Jean-MEM-DLL-279,Volatility 3 windows.dlllist from M57-Jean memory image
M57-Jean,EVT-M57-Jean-DLL-280,,,unknown,memory,dlllist,module,loaded,,,svchost.exe,,1372,,,GDI32.dll,C:\\WINDOWS\\system32\\GDI32.dll,,,,,,,,,,,M57-Jean-MEM-DLL-280,Volatility 3 windows.dlllist from M57-Jean memory image
M57-Jean,EVT-M57-Jean-DLL-281,,,unknown,memory,dlllist,module,loaded,,,svchost.exe,,1372,,,WINMM.dll,C:\\WINDOWS\\System32\\WINMM.dll,,,,,,,,,,,M57-Jean-MEM-DLL-281,Volatility 3 windows.dlllist from M57-Jean memory image
M57-Jean,EVT-M57-Jean-DLL-282,,,unknown,memory,dlllist,module,loaded,,,svchost.exe,,1372,,,ole32.dll,C:\\WINDOWS\\system32\\ole32.dll,,,,,,,,,,,M57-Jean-MEM-DLL-282,Volatility 3 windows.dlllist from M57-Jean memory image
M57-Jean,EVT-M57-Jean-DLL-283,,,unknown,memory,dlllist,module,loaded,,,svchost.exe,,1372,,,msvcrt.dll,C:\\WINDOWS\\system32\\msvcrt.dll,,,,,,,,,,,M57-Jean-MEM-DLL-283,Volatility 3 windows.dlllist from M57-Jean memory image
M57-Jean,EVT-M57-Jean-DLL-284,,,unknown,memory,dlllist,module,loaded,,,svchost.exe,,1372,,,OLEAUT32.dll,C:\\WINDOWS\\system32\\OLEAUT32.dll,,,,,,,,,,,M57-Jean-MEM-DLL-284,Volatility 3 windows.dlllist from M57-Jean memory image
M57-Jean,EVT-M57-Jean-DLL-285,,,unknown,memory,dlllist,module,loaded,,,svchost.exe,,1372,,,MSACM32.dll,C:\\WINDOWS\\System32\\MSACM32.dll,,,,,,,,,,,M57-Jean-MEM-DLL-285,Volatility 3 windows.dlllist from M57-Jean memory image
M57-Jean,EVT-M57-Jean-DLL-286,,,unknown,memory,dlllist,module,loaded,,,svchost.exe,,1372,,,VERSION.dll,C:\\WINDOWS\\system32\\VERSION.dll,,,,,,,,,,,M57-Jean-MEM-DLL-286,Volatility 3 windows.dlllist from M57-Jean memory image
M57-Jean,EVT-M57-Jean-DLL-287,,,unknown,memory,dlllist,module,loaded,,,svchost.exe,,1372,,,SHELL32.dll,C:\\WINDOWS\\system32\\SHELL32.dll,,,,,,,,,,,M57-Jean-MEM-DLL-287,Volatility 3 windows.dlllist from M57-Jean memory image
M57-Jean,EVT-M57-Jean-DLL-288,,,unknown,memory,dlllist,module,loaded,,,svchost.exe,,1372,,,SHLWAPI.dll,C:\\WINDOWS\\system32\\SHLWAPI.dll,,,,,,,,,,,M57-Jean-MEM-DLL-288,Volatility 3 windows.dlllist from M57-Jean memory image
M57-Jean,EVT-M57-Jean-DLL-289,,,unknown,memory,dlllist,module,loaded,,,svchost.exe,,1372,,,USERENV.dll,C:\\WINDOWS\\system32\\USERENV.dll,,,,,,,,,,,M57-Jean-MEM-DLL-289,Volatility 3 windows.dlllist from M57-Jean memory image
M57-Jean,EVT-M57-Jean-DLL-290,,,unknown,memory,dlllist,module,loaded,,,svchost.exe,,1372,,,UxTheme.dll,C:\\WINDOWS\\System32\\UxTheme.dll,,,,,,,,,,,M57-Jean-MEM-DLL-290,Volatility 3 windows.dlllist from M57-Jean memory image
M57-Jean,EVT-M57-Jean-DLL-291,,,unknown,memory,dlllist,module,loaded,,,svchost.exe,,1372,,,IMM32.DLL,C:\\WINDOWS\\system32\\IMM32.DLL,,,,,,,,,,,M57-Jean-MEM-DLL-291,Volatility 3 windows.dlllist from M57-Jean memory image
M57-Jean,EVT-M57-Jean-DLL-292,,,unknown,memory,dlllist,module,loaded,,,svchost.exe,,1372,,,comctl32.dll,C:\\WINDOWS\\WinSxS\\x86_Microsoft.Windows.Common-Controls_6595b64144ccf1df_6.0.2600.5512_x-ww_35d4ce83\\comctl32.dll,,,,,,,,,,,M57-Jean-MEM-DLL-292,Volatility 3 windows.dlllist from M57-Jean memory image
M57-Jean,EVT-M57-Jean-DLL-293,,,unknown,memory,dlllist,module,loaded,,,svchost.exe,,1372,,,comctl32.dll,C:\\WINDOWS\\system32\\comctl32.dll,,,,,,,,,,,M57-Jean-MEM-DLL-293,Volatility 3 windows.dlllist from M57-Jean memory image
M57-Jean,EVT-M57-Jean-DLL-294,,,unknown,memory,dlllist,module,loaded,,,svchost.exe,,1372,,,NTMARTA.DLL,C:\\WINDOWS\\System32\\NTMARTA.DLL,,,,,,,,,,,M57-Jean-MEM-DLL-294,Volatility 3 windows.dlllist from M57-Jean memory image
M57-Jean,EVT-M57-Jean-DLL-295,,,unknown,memory,dlllist,module,loaded,,,svchost.exe,,1372,,,SAMLIB.dll,C:\\WINDOWS\\System32\\SAMLIB.dll,,,,,,,,,,,M57-Jean-MEM-DLL-295,Volatility 3 windows.dlllist from M57-Jean memory image
M57-Jean,EVT-M57-Jean-DLL-296,,,unknown,memory,dlllist,module,loaded,,,svchost.exe,,1372,,,WLDAP32.dll,C:\\WINDOWS\\system32\\WLDAP32.dll,,,,,,,,,,,M57-Jean-MEM-DLL-296,Volatility 3 windows.dlllist from M57-Jean memory image
M57-Jean,EVT-M57-Jean-DLL-297,,,unknown,memory,dlllist,module,loaded,,,svchost.exe,,1372,,,xpsp2res.dll,C:\\WINDOWS\\System32\\xpsp2res.dll,,,,,,,,,,,M57-Jean-MEM-DLL-297,Volatility 3 windows.dlllist from M57-Jean memory image
M57-Jean,EVT-M57-Jean-DLL-298,,,unknown,memory,dlllist,module,loaded,,,svchost.exe,,1372,,,shsvcs.dll,c:\\windows\\system32\\shsvcs.dll,,,,,,,,,,,M57-Jean-MEM-DLL-298,Volatility 3 windows.dlllist from M57-Jean memory image
M57-Jean,EVT-M57-Jean-DLL-299,,,unknown,memory,dlllist,module,loaded,,,svchost.exe,,1372,,,WINSTA.dll,C:\\WINDOWS\\System32\\WINSTA.dll,,,,,,,,,,,M57-Jean-MEM-DLL-299,Volatility 3 windows.dlllist from M57-Jean memory image
M57-Jean,EVT-M57-Jean-DLL-300,,,unknown,memory,dlllist,module,loaded,,,svchost.exe,,1372,,,NETAPI32.dll,C:\\WINDOWS\\System32\\NETAPI32.dll,,,,,,,,,,,M57-Jean-MEM-DLL-300,Volatility 3 windows.dlllist from M57-Jean memory image
M57-Jean,EVT-M57-Jean-DLL-301,,,unknown,memory,dlllist,module,loaded,,,svchost.exe,,1372,,,dhcpcsvc.dll,c:\\windows\\system32\\dhcpcsvc.dll,,,,,,,,,,,M57-Jean-MEM-DLL-301,Volatility 3 windows.dlllist from M57-Jean memory image
M57-Jean,EVT-M57-Jean-DLL-302,,,unknown,memory,dlllist,module,loaded,,,svchost.exe,,1372,,,DNSAPI.dll,c:\\windows\\system32\\DNSAPI.dll,,,,,,,,,,,M57-Jean-MEM-DLL-302,Volatility 3 windows.dlllist from M57-Jean memory image
M57-Jean,EVT-M57-Jean-DLL-303,,,unknown,memory,dlllist,module,loaded,,,svchost.exe,,1372,,,WS2_32.dll,c:\\windows\\system32\\WS2_32.dll,,,,,,,,,,,M57-Jean-MEM-DLL-303,Volatility 3 windows.dlllist from M57-Jean memory image
M57-Jean,EVT-M57-Jean-DLL-304,,,unknown,memory,dlllist,module,loaded,,,svchost.exe,,1372,,,WS2HELP.dll,c:\\windows\\system32\\WS2HELP.dll,,,,,,,,,,,M57-Jean-MEM-DLL-304,Volatility 3 windows.dlllist from M57-Jean memory image
M57-Jean,EVT-M57-Jean-DLL-305,,,unknown,memory,dlllist,module,loaded,,,svchost.exe,,1372,,,iphlpapi.dll,c:\\windows\\system32\\iphlpapi.dll,,,,,,,,,,,M57-Jean-MEM-DLL-305,Volatility 3 windows.dlllist from M57-Jean memory image
M57-Jean,EVT-M57-Jean-DLL-306,,,unknown,memory,dlllist,module,loaded,,,svchost.exe,,1372,,,mswsock.dll,C:\\WINDOWS\\system32\\mswsock.dll,,,,,,,,,,,M57-Jean-MEM-DLL-306,Volatility 3 windows.dlllist from M57-Jean memory image
M57-Jean,EVT-M57-Jean-DLL-307,,,unknown,memory,dlllist,module,loaded,,,svchost.exe,,1372,,,hnetcfg.dll,C:\\WINDOWS\\System32\\hnetcfg.dll,,,,,,,,,,,M57-Jean-MEM-DLL-307,Volatility 3 windows.dlllist from M57-Jean memory image
M57-Jean,EVT-M57-Jean-DLL-308,,,unknown,memory,dlllist,module,loaded,,,svchost.exe,,1372,,,wshtcpip.dll,C:\\WINDOWS\\System32\\wshtcpip.dll,,,,,,,,,,,M57-Jean-MEM-DLL-308,Volatility 3 windows.dlllist from M57-Jean memory image
M57-Jean,EVT-M57-Jean-DLL-309,,,unknown,memory,dlllist,module,loaded,,,svchost.exe,,1372,,,rsaenh.dll,C:\\WINDOWS\\System32\\rsaenh.dll,,,,,,,,,,,M57-Jean-MEM-DLL-309,Volatility 3 windows.dlllist from M57-Jean memory image
M57-Jean,EVT-M57-Jean-DLL-310,,,unknown,memory,dlllist,module,loaded,,,svchost.exe,,1372,,,wzcsvc.dll,c:\\windows\\system32\\wzcsvc.dll,,,,,,,,,,,M57-Jean-MEM-DLL-310,Volatility 3 windows.dlllist from M57-Jean memory image
M57-Jean,EVT-M57-Jean-DLL-311,,,unknown,memory,dlllist,module,loaded,,,svchost.exe,,1372,,,rtutils.dll,c:\\windows\\system32\\rtutils.dll,,,,,,,,,,,M57-Jean-MEM-DLL-311,Volatility 3 windows.dlllist from M57-Jean memory image
M57-Jean,EVT-M57-Jean-DLL-312,,,unknown,memory,dlllist,module,loaded,,,svchost.exe,,1372,,,WMI.dll,c:\\windows\\system32\\WMI.dll,,,,,,,,,,,M57-Jean-MEM-DLL-312,Volatility 3 windows.dlllist from M57-Jean memory image
M57-Jean,EVT-M57-Jean-DLL-313,,,unknown,memory,dlllist,module,loaded,,,svchost.exe,,1372,,,CRYPT32.dll,c:\\windows\\system32\\CRYPT32.dll,,,,,,,,,,,M57-Jean-MEM-DLL-313,Volatility 3 windows.dlllist from M57-Jean memory image
M57-Jean,EVT-M57-Jean-DLL-314,,,unknown,memory,dlllist,module,loaded,,,svchost.exe,,1372,,,MSASN1.dll,c:\\windows\\system32\\MSASN1.dll,,,,,,,,,,,M57-Jean-MEM-DLL-314,Volatility 3 windows.dlllist from M57-Jean memory image
M57-Jean,EVT-M57-Jean-DLL-315,,,unknown,memory,dlllist,module,loaded,,,svchost.exe,,1372,,,EapolQec.dll,c:\\windows\\system32\\EapolQec.dll,,,,,,,,,,,M57-Jean-MEM-DLL-315,Volatility 3 windows.dlllist from M57-Jean memory image
M57-Jean,EVT-M57-Jean-DLL-316,,,unknown,memory,dlllist,module,loaded,,,svchost.exe,,1372,,,ATL.DLL,c:\\windows\\system32\\ATL.DLL,,,,,,,,,,,M57-Jean-MEM-DLL-316,Volatility 3 windows.dlllist from M57-Jean memory image
M57-Jean,EVT-M57-Jean-DLL-317,,,unknown,memory,dlllist,module,loaded,,,svchost.exe,,1372,,,QUtil.dll,c:\\windows\\system32\\QUtil.dll,,,,,,,,,,,M57-Jean-MEM-DLL-317,Volatility 3 windows.dlllist from M57-Jean memory image
M57-Jean,EVT-M57-Jean-DLL-318,,,unknown,memory,dlllist,module,loaded,,,svchost.exe,,1372,,,MSVCP60.dll,c:\\windows\\system32\\MSVCP60.dll,,,,,,,,,,,M57-Jean-MEM-DLL-318,Volatility 3 windows.dlllist from M57-Jean memory image
M57-Jean,EVT-M57-Jean-DLL-319,,,unknown,memory,dlllist,module,loaded,,,svchost.exe,,1372,,,dot3api.dll,c:\\windows\\system32\\dot3api.dll,,,,,,,,,,,M57-Jean-MEM-DLL-319,Volatility 3 windows.dlllist from M57-Jean memory image
M57-Jean,EVT-M57-Jean-DLL-320,,,unknown,memory,dlllist,module,loaded,,,svchost.exe,,1372,,,WTSAPI32.dll,c:\\windows\\system32\\WTSAPI32.dll,,,,,,,,,,,M57-Jean-MEM-DLL-320,Volatility 3 windows.dlllist from M57-Jean memory image
M57-Jean,EVT-M57-Jean-DLL-321,,,unknown,memory,dlllist,module,loaded,,,svchost.exe,,1372,,,ESENT.dll,c:\\windows\\system32\\ESENT.dll,,,,,,,,,,,M57-Jean-MEM-DLL-321,Volatility 3 windows.dlllist from M57-Jean memory image
M57-Jean,EVT-M57-Jean-DLL-322,,,unknown,memory,dlllist,module,loaded,,,svchost.exe,,1372,,,CLBCATQ.DLL,C:\\WINDOWS\\System32\\CLBCATQ.DLL,,,,,,,,,,,M57-Jean-MEM-DLL-322,Volatility 3 windows.dlllist from M57-Jean memory image
M57-Jean,EVT-M57-Jean-DLL-323,,,unknown,memory,dlllist,module,loaded,,,svchost.exe,,1372,,,COMRes.dll,C:\\WINDOWS\\System32\\COMRes.dll,,,,,,,,,,,M57-Jean-MEM-DLL-323,Volatility 3 windows.dlllist from M57-Jean memory image
M57-Jean,EVT-M57-Jean-DLL-324,,,unknown,memory,dlllist,module,loaded,,,svchost.exe,,1372,,,rastls.dll,C:\\WINDOWS\\System32\\rastls.dll,,,,,,,,,,,M57-Jean-MEM-DLL-324,Volatility 3 windows.dlllist from M57-Jean memory image
M57-Jean,EVT-M57-Jean-DLL-325,,,unknown,memory,dlllist,module,loaded,,,svchost.exe,,1372,,,CRYPTUI.dll,C:\\WINDOWS\\System32\\CRYPTUI.dll,,,,,,,,,,,M57-Jean-MEM-DLL-325,Volatility 3 windows.dlllist from M57-Jean memory image
M57-Jean,EVT-M57-Jean-DLL-326,,,unknown,memory,dlllist,module,loaded,,,svchost.exe,,1372,,,WININET.dll,C:\\WINDOWS\\system32\\WININET.dll,,,,,,,,,,,M57-Jean-MEM-DLL-326,Volatility 3 windows.dlllist from M57-Jean memory image
M57-Jean,EVT-M57-Jean-DLL-327,,,unknown,memory,dlllist,module,loaded,,,svchost.exe,,1372,,,Normaliz.dll,C:\\WINDOWS\\system32\\Normaliz.dll,,,,,,,,,,,M57-Jean-MEM-DLL-327,Volatility 3 windows.dlllist from M57-Jean memory image
M57-Jean,EVT-M57-Jean-DLL-328,,,unknown,memory,dlllist,module,loaded,,,svchost.exe,,1372,,,urlmon.dll,C:\\WINDOWS\\system32\\urlmon.dll,,,,,,,,,,,M57-Jean-MEM-DLL-328,Volatility 3 windows.dlllist from M57-Jean memory image
M57-Jean,EVT-M57-Jean-DLL-329,,,unknown,memory,dlllist,module,loaded,,,svchost.exe,,1372,,,iertutil.dll,C:\\WINDOWS\\system32\\iertutil.dll,,,,,,,,,,,M57-Jean-MEM-DLL-329,Volatility 3 windows.dlllist from M57-Jean memory image
M57-Jean,EVT-M57-Jean-DLL-330,,,unknown,memory,dlllist,module,loaded,,,svchost.exe,,1372,,,WINTRUST.dll,C:\\WINDOWS\\System32\\WINTRUST.dll,,,,,,,,,,,M57-Jean-MEM-DLL-330,Volatility 3 windows.dlllist from M57-Jean memory image
M57-Jean,EVT-M57-Jean-DLL-331,,,unknown,memory,dlllist,module,loaded,,,svchost.exe,,1372,,,IMAGEHLP.dll,C:\\WINDOWS\\system32\\IMAGEHLP.dll,,,,,,,,,,,M57-Jean-MEM-DLL-331,Volatility 3 windows.dlllist from M57-Jean memory image
M57-Jean,EVT-M57-Jean-DLL-332,,,unknown,memory,dlllist,module,loaded,,,svchost.exe,,1372,,,MPRAPI.dll,C:\\WINDOWS\\System32\\MPRAPI.dll,,,,,,,,,,,M57-Jean-MEM-DLL-332,Volatility 3 windows.dlllist from M57-Jean memory image
M57-Jean,EVT-M57-Jean-DLL-333,,,unknown,memory,dlllist,module,loaded,,,svchost.exe,,1372,,,ACTIVEDS.dll,C:\\WINDOWS\\System32\\ACTIVEDS.dll,,,,,,,,,,,M57-Jean-MEM-DLL-333,Volatility 3 windows.dlllist from M57-Jean memory image
M57-Jean,EVT-M57-Jean-DLL-334,,,unknown,memory,dlllist,module,loaded,,,svchost.exe,,1372,,,adsldpc.dll,C:\\WINDOWS\\System32\\adsldpc.dll,,,,,,,,,,,M57-Jean-MEM-DLL-334,Volatility 3 windows.dlllist from M57-Jean memory image
M57-Jean,EVT-M57-Jean-DLL-335,,,unknown,memory,dlllist,module,loaded,,,svchost.exe,,1372,,,SETUPAPI.dll,C:\\WINDOWS\\System32\\SETUPAPI.dll,,,,,,,,,,,M57-Jean-MEM-DLL-335,Volatility 3 windows.dlllist from M57-Jean memory image
M57-Jean,EVT-M57-Jean-DLL-336,,,unknown,memory,dlllist,module,loaded,,,svchost.exe,,1372,,,RASAPI32.dll,C:\\WINDOWS\\System32\\RASAPI32.dll,,,,,,,,,,,M57-Jean-MEM-DLL-336,Volatility 3 windows.dlllist from M57-Jean memory image
M57-Jean,EVT-M57-Jean-DLL-337,,,unknown,memory,dlllist,module,loaded,,,svchost.exe,,1372,,,rasman.dll,C:\\WINDOWS\\System32\\rasman.dll,,,,,,,,,,,M57-Jean-MEM-DLL-337,Volatility 3 windows.dlllist from M57-Jean memory image
M57-Jean,EVT-M57-Jean-DLL-338,,,unknown,memory,dlllist,module,loaded,,,svchost.exe,,1372,,,TAPI32.dll,C:\\WINDOWS\\System32\\TAPI32.dll,,,,,,,,,,,M57-Jean-MEM-DLL-338,Volatility 3 windows.dlllist from M57-Jean memory image
M57-Jean,EVT-M57-Jean-DLL-339,,,unknown,memory,dlllist,module,loaded,,,svchost.exe,,1372,,,SCHANNEL.dll,C:\\WINDOWS\\System32\\SCHANNEL.dll,,,,,,,,,,,M57-Jean-MEM-DLL-339,Volatility 3 windows.dlllist from M57-Jean memory image
M57-Jean,EVT-M57-Jean-DLL-340,,,unknown,memory,dlllist,module,loaded,,,svchost.exe,,1372,,,WinSCard.dll,C:\\WINDOWS\\System32\\WinSCard.dll,,,,,,,,,,,M57-Jean-MEM-DLL-340,Volatility 3 windows.dlllist from M57-Jean memory image
M57-Jean,EVT-M57-Jean-DLL-341,,,unknown,memory,dlllist,module,loaded,,,svchost.exe,,1372,,,PSAPI.DLL,C:\\WINDOWS\\System32\\PSAPI.DLL,,,,,,,,,,,M57-Jean-MEM-DLL-341,Volatility 3 windows.dlllist from M57-Jean memory image
M57-Jean,EVT-M57-Jean-DLL-342,,,unknown,memory,dlllist,module,loaded,,,svchost.exe,,1372,,,raschap.dll,C:\\WINDOWS\\System32\\raschap.dll,,,,,,,,,,,M57-Jean-MEM-DLL-342,Volatility 3 windows.dlllist from M57-Jean memory image
M57-Jean,EVT-M57-Jean-DLL-343,,,unknown,memory,dlllist,module,loaded,,,svchost.exe,,1372,,,msv1_0.dll,C:\\WINDOWS\\system32\\msv1_0.dll,,,,,,,,,,,M57-Jean-MEM-DLL-343,Volatility 3 windows.dlllist from M57-Jean memory image
M57-Jean,EVT-M57-Jean-DLL-344,,,unknown,memory,dlllist,module,loaded,,,svchost.exe,,1372,,,cryptdll.dll,C:\\WINDOWS\\System32\\cryptdll.dll,,,,,,,,,,,M57-Jean-MEM-DLL-344,Volatility 3 windows.dlllist from M57-Jean memory image
M57-Jean,EVT-M57-Jean-DLL-345,,,unknown,memory,dlllist,module,loaded,,,svchost.exe,,1372,,,schedsvc.dll,c:\\windows\\system32\\schedsvc.dll,,,,,,,,,,,M57-Jean-MEM-DLL-345,Volatility 3 windows.dlllist from M57-Jean memory image
M57-Jean,EVT-M57-Jean-DLL-346,,,unknown,memory,dlllist,module,loaded,,,svchost.exe,,1372,,,NTDSAPI.dll,c:\\windows\\system32\\NTDSAPI.dll,,,,,,,,,,,M57-Jean-MEM-DLL-346,Volatility 3 windows.dlllist from M57-Jean memory image
M57-Jean,EVT-M57-Jean-DLL-347,,,unknown,memory,dlllist,module,loaded,,,svchost.exe,,1372,,,MSIDLE.DLL,C:\\WINDOWS\\System32\\MSIDLE.DLL,,,,,,,,,,,M57-Jean-MEM-DLL-347,Volatility 3 windows.dlllist from M57-Jean memory image
M57-Jean,EVT-M57-Jean-DLL-348,,,unknown,memory,dlllist,module,loaded,,,svchost.exe,,1372,,,audiosrv.dll,c:\\windows\\system32\\audiosrv.dll,,,,,,,,,,,M57-Jean-MEM-DLL-348,Volatility 3 windows.dlllist from M57-Jean memory image
M57-Jean,EVT-M57-Jean-DLL-349,,,unknown,memory,dlllist,module,loaded,,,svchost.exe,,1372,,,wkssvc.dll,c:\\windows\\system32\\wkssvc.dll,,,,,,,,,,,M57-Jean-MEM-DLL-349,Volatility 3 windows.dlllist from M57-Jean memory image
M57-Jean,EVT-M57-Jean-DLL-350,,,unknown,memory,dlllist,module,loaded,,,svchost.exe,,1372,,,cryptsvc.dll,c:\\windows\\system32\\cryptsvc.dll,,,,,,,,,,,M57-Jean-MEM-DLL-350,Volatility 3 windows.dlllist from M57-Jean memory image
M57-Jean,EVT-M57-Jean-DLL-351,,,unknown,memory,dlllist,module,loaded,,,svchost.exe,,1372,,,certcli.dll,c:\\windows\\system32\\certcli.dll,,,,,,,,,,,M57-Jean-MEM-DLL-351,Volatility 3 windows.dlllist from M57-Jean memory image
M57-Jean,EVT-M57-Jean-DLL-352,,,unknown,memory,dlllist,module,loaded,,,svchost.exe,,1372,,,pchsvc.dll,c:\\windows\\pchealth\\helpctr\\binaries\\pchsvc.dll,,,,,,,,,,,M57-Jean-MEM-DLL-352,Volatility 3 windows.dlllist from M57-Jean memory image
M57-Jean,EVT-M57-Jean-DLL-353,,,unknown,memory,dlllist,module,loaded,,,svchost.exe,,1372,,,es.dll,c:\\windows\\system32\\es.dll,,,,,,,,,,,M57-Jean-MEM-DLL-353,Volatility 3 windows.dlllist from M57-Jean memory image
M57-Jean,EVT-M57-Jean-DLL-354,,,unknown,memory,dlllist,module,loaded,,,svchost.exe,,1372,,,ersvc.dll,c:\\windows\\system32\\ersvc.dll,,,,,,,,,,,M57-Jean-MEM-DLL-354,Volatility 3 windows.dlllist from M57-Jean memory image
M57-Jean,EVT-M57-Jean-DLL-355,,,unknown,memory,dlllist,module,loaded,,,svchost.exe,,1372,,,dmserver.dll,c:\\windows\\system32\\dmserver.dll,,,,,,,,,,,M57-Jean-MEM-DLL-355,Volatility 3 windows.dlllist from M57-Jean memory image
M57-Jean,EVT-M57-Jean-DLL-356,,,unknown,memory,dlllist,module,loaded,,,svchost.exe,,1372,,,srvsvc.dll,c:\\windows\\system32\\srvsvc.dll,,,,,,,,,,,M57-Jean-MEM-DLL-356,Volatility 3 windows.dlllist from M57-Jean memory image
M57-Jean,EVT-M57-Jean-DLL-357,,,unknown,memory,dlllist,module,loaded,,,svchost.exe,,1372,,,netman.dll,c:\\windows\\system32\\netman.dll,,,,,,,,,,,M57-Jean-MEM-DLL-357,Volatility 3 windows.dlllist from M57-Jean memory image
M57-Jean,EVT-M57-Jean-DLL-358,,,unknown,memory,dlllist,module,loaded,,,svchost.exe,,1372,,,netshell.dll,c:\\windows\\system32\\netshell.dll,,,,,,,,,,,M57-Jean-MEM-DLL-358,Volatility 3 windows.dlllist from M57-Jean memory image
M57-Jean,EVT-M57-Jean-DLL-359,,,unknown,memory,dlllist,module,loaded,,,svchost.exe,,1372,,,credui.dll,c:\\windows\\system32\\credui.dll,,,,,,,,,,,M57-Jean-MEM-DLL-359,Volatility 3 windows.dlllist from M57-Jean memory image
M57-Jean,EVT-M57-Jean-DLL-360,,,unknown,memory,dlllist,module,loaded,,,svchost.exe,,1372,,,dot3dlg.dll,c:\\windows\\system32\\dot3dlg.dll,,,,,,,,,,,M57-Jean-MEM-DLL-360,Volatility 3 windows.dlllist from M57-Jean memory image
M57-Jean,EVT-M57-Jean-DLL-361,,,unknown,memory,dlllist,module,loaded,,,svchost.exe,,1372,,,OneX.DLL,c:\\windows\\system32\\OneX.DLL,,,,,,,,,,,M57-Jean-MEM-DLL-361,Volatility 3 windows.dlllist from M57-Jean memory image
M57-Jean,EVT-M57-Jean-DLL-362,,,unknown,memory,dlllist,module,loaded,,,svchost.exe,,1372,,,eappcfg.dll,c:\\windows\\system32\\eappcfg.dll,,,,,,,,,,,M57-Jean-MEM-DLL-362,Volatility 3 windows.dlllist from M57-Jean memory image
M57-Jean,EVT-M57-Jean-DLL-363,,,unknown,memory,dlllist,module,loaded,,,svchost.exe,,1372,,,eappprxy.dll,c:\\windows\\system32\\eappprxy.dll,,,,,,,,,,,M57-Jean-MEM-DLL-363,Volatility 3 windows.dlllist from M57-Jean memory image
M57-Jean,EVT-M57-Jean-DLL-364,,,unknown,memory,dlllist,module,loaded,,,svchost.exe,,1372,,,WZCSAPI.DLL,c:\\windows\\system32\\WZCSAPI.DLL,,,,,,,,,,,M57-Jean-MEM-DLL-364,Volatility 3 windows.dlllist from M57-Jean memory image
M57-Jean,EVT-M57-Jean-DLL-365,,,unknown,memory,dlllist,module,loaded,,,svchost.exe,,1372,,,w32time.dll,c:\\windows\\system32\\w32time.dll,,,,,,,,,,,M57-Jean-MEM-DLL-365,Volatility 3 windows.dlllist from M57-Jean memory image
M57-Jean,EVT-M57-Jean-DLL-366,,,unknown,memory,dlllist,module,loaded,,,svchost.exe,,1372,,,trkwks.dll,c:\\windows\\system32\\trkwks.dll,,,,,,,,,,,M57-Jean-MEM-DLL-366,Volatility 3 windows.dlllist from M57-Jean memory image
M57-Jean,EVT-M57-Jean-DLL-367,,,unknown,memory,dlllist,module,loaded,,,svchost.exe,,1372,,,srsvc.dll,c:\\windows\\system32\\srsvc.dll,,,,,,,,,,,M57-Jean-MEM-DLL-367,Volatility 3 windows.dlllist from M57-Jean memory image
M57-Jean,EVT-M57-Jean-DLL-368,,,unknown,memory,dlllist,module,loaded,,,svchost.exe,,1372,,,POWRPROF.dll,c:\\windows\\system32\\POWRPROF.dll,,,,,,,,,,,M57-Jean-MEM-DLL-368,Volatility 3 windows.dlllist from M57-Jean memory image
M57-Jean,EVT-M57-Jean-DLL-369,,,unknown,memory,dlllist,module,loaded,,,svchost.exe,,1372,,,sens.dll,c:\\windows\\system32\\sens.dll,,,,,,,,,,,M57-Jean-MEM-DLL-369,Volatility 3 windows.dlllist from M57-Jean memory image
M57-Jean,EVT-M57-Jean-DLL-370,,,unknown,memory,dlllist,module,loaded,,,svchost.exe,,1372,,,seclogon.dll,c:\\windows\\system32\\seclogon.dll,,,,,,,,,,,M57-Jean-MEM-DLL-370,Volatility 3 windows.dlllist from M57-Jean memory image
M57-Jean,EVT-M57-Jean-DLL-371,,,unknown,memory,dlllist,module,loaded,,,svchost.exe,,1372,,,wuauserv.dll,c:\\windows\\system32\\wuauserv.dll,,,,,,,,,,,M57-Jean-MEM-DLL-371,Volatility 3 windows.dlllist from M57-Jean memory image
M57-Jean,EVT-M57-Jean-DLL-372,,,unknown,memory,dlllist,module,loaded,,,svchost.exe,,1372,,,wmisvc.dll,c:\\windows\\system32\\wbem\\wmisvc.dll,,,,,,,,,,,M57-Jean-MEM-DLL-372,Volatility 3 windows.dlllist from M57-Jean memory image
M57-Jean,EVT-M57-Jean-DLL-373,,,unknown,memory,dlllist,module,loaded,,,svchost.exe,,1372,,,VSSAPI.DLL,C:\\WINDOWS\\system32\\VSSAPI.DLL,,,,,,,,,,,M57-Jean-MEM-DLL-373,Volatility 3 windows.dlllist from M57-Jean memory image
M57-Jean,EVT-M57-Jean-DLL-374,,,unknown,memory,dlllist,module,loaded,,,svchost.exe,,1372,,,wuaueng.dll,C:\\WINDOWS\\system32\\wuaueng.dll,,,,,,,,,,,M57-Jean-MEM-DLL-374,Volatility 3 windows.dlllist from M57-Jean memory image
M57-Jean,EVT-M57-Jean-DLL-375,,,unknown,memory,dlllist,module,loaded,,,svchost.exe,,1372,,,WINSPOOL.DRV,C:\\WINDOWS\\System32\\WINSPOOL.DRV,,,,,,,,,,,M57-Jean-MEM-DLL-375,Volatility 3 windows.dlllist from M57-Jean memory image
M57-Jean,EVT-M57-Jean-DLL-376,,,unknown,memory,dlllist,module,loaded,,,svchost.exe,,1372,,,WINHTTP.dll,C:\\WINDOWS\\System32\\WINHTTP.dll,,,,,,,,,,,M57-Jean-MEM-DLL-376,Volatility 3 windows.dlllist from M57-Jean memory image
M57-Jean,EVT-M57-Jean-DLL-377,,,unknown,memory,dlllist,module,loaded,,,svchost.exe,,1372,,,Cabinet.dll,C:\\WINDOWS\\System32\\Cabinet.dll,,,,,,,,,,,M57-Jean-MEM-DLL-377,Volatility 3 windows.dlllist from M57-Jean memory image
M57-Jean,EVT-M57-Jean-DLL-378,,,unknown,memory,dlllist,module,loaded,,,svchost.exe,,1372,,,mspatcha.dll,C:\\WINDOWS\\System32\\mspatcha.dll,,,,,,,,,,,M57-Jean-MEM-DLL-378,Volatility 3 windows.dlllist from M57-Jean memory image
M57-Jean,EVT-M57-Jean-DLL-379,,,unknown,memory,dlllist,module,loaded,,,svchost.exe,,1372,,,winrnr.dll,C:\\WINDOWS\\System32\\winrnr.dll,,,,,,,,,,,M57-Jean-MEM-DLL-379,Volatility 3 windows.dlllist from M57-Jean memory image
M57-Jean,EVT-M57-Jean-DLL-380,,,unknown,memory,dlllist,module,loaded,,,svchost.exe,,1372,,,sfc.dll,C:\\WINDOWS\\System32\\sfc.dll,,,,,,,,,,,M57-Jean-MEM-DLL-380,Volatility 3 windows.dlllist from M57-Jean memory image
M57-Jean,EVT-M57-Jean-DLL-381,,,unknown,memory,dlllist,module,loaded,,,svchost.exe,,1372,,,sfc_os.dll,C:\\WINDOWS\\System32\\sfc_os.dll,,,,,,,,,,,M57-Jean-MEM-DLL-381,Volatility 3 windows.dlllist from M57-Jean memory image
M57-Jean,EVT-M57-Jean-DLL-382,,,unknown,memory,dlllist,module,loaded,,,svchost.exe,,1372,,,browser.dll,c:\\windows\\system32\\browser.dll,,,,,,,,,,,M57-Jean-MEM-DLL-382,Volatility 3 windows.dlllist from M57-Jean memory image
M57-Jean,EVT-M57-Jean-DLL-383,,,unknown,memory,dlllist,module,loaded,,,svchost.exe,,1372,,,wscsvc.dll,c:\\windows\\system32\\wscsvc.dll,,,,,,,,,,,M57-Jean-MEM-DLL-383,Volatility 3 windows.dlllist from M57-Jean memory image
M57-Jean,EVT-M57-Jean-DLL-384,,,unknown,memory,dlllist,module,loaded,,,svchost.exe,,1372,,,msi.dll,c:\\windows\\system32\\msi.dll,,,,,,,,,,,M57-Jean-MEM-DLL-384,Volatility 3 windows.dlllist from M57-Jean memory image
M57-Jean,EVT-M57-Jean-DLL-385,,,unknown,memory,dlllist,module,loaded,,,svchost.exe,,1372,,,ipnathlp.dll,c:\\windows\\system32\\ipnathlp.dll,,,,,,,,,,,M57-Jean-MEM-DLL-385,Volatility 3 windows.dlllist from M57-Jean memory image
M57-Jean,EVT-M57-Jean-DLL-386,,,unknown,memory,dlllist,module,loaded,,,svchost.exe,,1372,,,AUTHZ.dll,c:\\windows\\system32\\AUTHZ.dll,,,,,,,,,,,M57-Jean-MEM-DLL-386,Volatility 3 windows.dlllist from M57-Jean memory image
M57-Jean,EVT-M57-Jean-DLL-387,,,unknown,memory,dlllist,module,loaded,,,svchost.exe,,1372,,,wbemcomn.dll,C:\\WINDOWS\\system32\\wbem\\wbemcomn.dll,,,,,,,,,,,M57-Jean-MEM-DLL-387,Volatility 3 windows.dlllist from M57-Jean memory image
M57-Jean,EVT-M57-Jean-DLL-388,,,unknown,memory,dlllist,module,loaded,,,svchost.exe,,1372,,,wbemcore.dll,C:\\WINDOWS\\System32\\Wbem\\wbemcore.dll,,,,,,,,,,,M57-Jean-MEM-DLL-388,Volatility 3 windows.dlllist from M57-Jean memory image
M57-Jean,EVT-M57-Jean-DLL-389,,,unknown,memory,dlllist,module,loaded,,,svchost.exe,,1372,,,esscli.dll,C:\\WINDOWS\\System32\\Wbem\\esscli.dll,,,,,,,,,,,M57-Jean-MEM-DLL-389,Volatility 3 windows.dlllist from M57-Jean memory image
M57-Jean,EVT-M57-Jean-DLL-390,,,unknown,memory,dlllist,module,loaded,,,svchost.exe,,1372,,,FastProx.dll,C:\\WINDOWS\\System32\\Wbem\\FastProx.dll,,,,,,,,,,,M57-Jean-MEM-DLL-390,Volatility 3 windows.dlllist from M57-Jean memory image
M57-Jean,EVT-M57-Jean-DLL-391,,,unknown,memory,dlllist,module,loaded,,,svchost.exe,,1372,,,SXS.DLL,C:\\WINDOWS\\System32\\SXS.DLL,,,,,,,,,,,M57-Jean-MEM-DLL-391,Volatility 3 windows.dlllist from M57-Jean memory image
M57-Jean,EVT-M57-Jean-DLL-392,,,unknown,memory,dlllist,module,loaded,,,svchost.exe,,1372,,,comsvcs.dll,C:\\WINDOWS\\system32\\comsvcs.dll,,,,,,,,,,,M57-Jean-MEM-DLL-392,Volatility 3 windows.dlllist from M57-Jean memory image
M57-Jean,EVT-M57-Jean-DLL-393,,,unknown,memory,dlllist,module,loaded,,,svchost.exe,,1372,,,colbact.DLL,C:\\WINDOWS\\system32\\colbact.DLL,,,,,,,,,,,M57-Jean-MEM-DLL-393,Volatility 3 windows.dlllist from M57-Jean memory image
M57-Jean,EVT-M57-Jean-DLL-394,,,unknown,memory,dlllist,module,loaded,,,svchost.exe,,1372,,,MTXCLU.DLL,C:\\WINDOWS\\system32\\MTXCLU.DLL,,,,,,,,,,,M57-Jean-MEM-DLL-394,Volatility 3 windows.dlllist from M57-Jean memory image
M57-Jean,EVT-M57-Jean-DLL-395,,,unknown,memory,dlllist,module,loaded,,,svchost.exe,,1372,,,WSOCK32.dll,C:\\WINDOWS\\system32\\WSOCK32.dll,,,,,,,,,,,M57-Jean-MEM-DLL-395,Volatility 3 windows.dlllist from M57-Jean memory image
M57-Jean,EVT-M57-Jean-DLL-396,,,unknown,memory,dlllist,module,loaded,,,svchost.exe,,1372,,,CLUSAPI.DLL,C:\\WINDOWS\\System32\\CLUSAPI.DLL,,,,,,,,,,,M57-Jean-MEM-DLL-396,Volatility 3 windows.dlllist from M57-Jean memory image
M57-Jean,EVT-M57-Jean-DLL-397,,,unknown,memory,dlllist,module,loaded,,,svchost.exe,,1372,,,RESUTILS.DLL,C:\\WINDOWS\\System32\\RESUTILS.DLL,,,,,,,,,,,M57-Jean-MEM-DLL-397,Volatility 3 windows.dlllist from M57-Jean memory image
M57-Jean,EVT-M57-Jean-DLL-398,,,unknown,memory,dlllist,module,loaded,,,svchost.exe,,1372,,,wmiutils.dll,C:\\WINDOWS\\system32\\wbem\\wmiutils.dll,,,,,,,,,,,M57-Jean-MEM-DLL-398,Volatility 3 windows.dlllist from M57-Jean memory image
M57-Jean,EVT-M57-Jean-DLL-399,,,unknown,memory,dlllist,module,loaded,,,svchost.exe,,1372,,,repdrvfs.dll,C:\\WINDOWS\\system32\\wbem\\repdrvfs.dll,,,,,,,,,,,M57-Jean-MEM-DLL-399,Volatility 3 windows.dlllist from M57-Jean memory image
M57-Jean,EVT-M57-Jean-DLL-400,,,unknown,memory,dlllist,module,loaded,,,svchost.exe,,1372,,,wmiprvsd.dll,C:\\WINDOWS\\system32\\wbem\\wmiprvsd.dll,,,,,,,,,,,M57-Jean-MEM-DLL-400,Volatility 3 windows.dlllist from M57-Jean memory image
M57-Jean,EVT-M57-Jean-DLL-401,,,unknown,memory,dlllist,module,loaded,,,svchost.exe,,1372,,,NCObjAPI.DLL,C:\\WINDOWS\\system32\\NCObjAPI.DLL,,,,,,,,,,,M57-Jean-MEM-DLL-401,Volatility 3 windows.dlllist from M57-Jean memory image
M57-Jean,EVT-M57-Jean-DLL-402,,,unknown,memory,dlllist,module,loaded,,,svchost.exe,,1372,,,wbemess.dll,C:\\WINDOWS\\system32\\wbem\\wbemess.dll,,,,,,,,,,,M57-Jean-MEM-DLL-402,Volatility 3 windows.dlllist from M57-Jean memory image
M57-Jean,EVT-M57-Jean-DLL-403,,,unknown,memory,dlllist,module,loaded,,,svchost.exe,,1372,,,Apphelp.dll,C:\\WINDOWS\\system32\\Apphelp.dll,,,,,,,,,,,M57-Jean-MEM-DLL-403,Volatility 3 windows.dlllist from M57-Jean memory image
M57-Jean,EVT-M57-Jean-DLL-404,,,unknown,memory,dlllist,module,loaded,,,svchost.exe,,1372,,,upnp.dll,C:\\WINDOWS\\system32\\upnp.dll,,,,,,,,,,,M57-Jean-MEM-DLL-404,Volatility 3 windows.dlllist from M57-Jean memory image
M57-Jean,EVT-M57-Jean-DLL-405,,,unknown,memory,dlllist,module,loaded,,,svchost.exe,,1372,,,SSDPAPI.dll,C:\\WINDOWS\\system32\\SSDPAPI.dll,,,,,,,,,,,M57-Jean-MEM-DLL-405,Volatility 3 windows.dlllist from M57-Jean memory image
M57-Jean,EVT-M57-Jean-DLL-406,,,unknown,memory,dlllist,module,loaded,,,svchost.exe,,1372,,,ncprov.dll,C:\\WINDOWS\\system32\\wbem\\ncprov.dll,,,,,,,,,,,M57-Jean-MEM-DLL-406,Volatility 3 windows.dlllist from M57-Jean memory image
M57-Jean,EVT-M57-Jean-DLL-407,,,unknown,memory,dlllist,module,loaded,,,svchost.exe,,1372,,,netcfgx.dll,C:\\WINDOWS\\system32\\netcfgx.dll,,,,,,,,,,,M57-Jean-MEM-DLL-407,Volatility 3 windows.dlllist from M57-Jean memory image
M57-Jean,EVT-M57-Jean-DLL-408,,,unknown,memory,dlllist,module,loaded,,,svchost.exe,,1372,,,rasmans.dll,C:\\WINDOWS\\System32\\rasmans.dll,,,,,,,,,,,M57-Jean-MEM-DLL-408,Volatility 3 windows.dlllist from M57-Jean memory image
M57-Jean,EVT-M57-Jean-DLL-409,,,unknown,memory,dlllist,module,loaded,,,svchost.exe,,1372,,,WINIPSEC.DLL,C:\\WINDOWS\\System32\\WINIPSEC.DLL,,,,,,,,,,,M57-Jean-MEM-DLL-409,Volatility 3 windows.dlllist from M57-Jean memory image
M57-Jean,EVT-M57-Jean-DLL-410,,,unknown,memory,dlllist,module,loaded,,,svchost.exe,,1372,,,tapisrv.dll,c:\\windows\\system32\\tapisrv.dll,,,,,,,,,,,M57-Jean-MEM-DLL-410,Volatility 3 windows.dlllist from M57-Jean memory image
M57-Jean,EVT-M57-Jean-DLL-411,,,unknown,memory,dlllist,module,loaded,,,svchost.exe,,1372,,,rastapi.dll,C:\\WINDOWS\\System32\\rastapi.dll,,,,,,,,,,,M57-Jean-MEM-DLL-411,Volatility 3 windows.dlllist from M57-Jean memory image
M57-Jean,EVT-M57-Jean-DLL-412,,,unknown,memory,dlllist,module,loaded,,,svchost.exe,,1372,,,unimdm.tsp,C:\\WINDOWS\\System32\\unimdm.tsp,,,,,,,,,,,M57-Jean-MEM-DLL-412,Volatility 3 windows.dlllist from M57-Jean memory image
M57-Jean,EVT-M57-Jean-DLL-413,,,unknown,memory,dlllist,module,loaded,,,svchost.exe,,1372,,,uniplat.dll,C:\\WINDOWS\\System32\\uniplat.dll,,,,,,,,,,,M57-Jean-MEM-DLL-413,Volatility 3 windows.dlllist from M57-Jean memory image
M57-Jean,EVT-M57-Jean-DLL-414,,,unknown,memory,dlllist,module,loaded,,,svchost.exe,,1372,,,rasadhlp.dll,C:\\WINDOWS\\System32\\rasadhlp.dll,,,,,,,,,,,M57-Jean-MEM-DLL-414,Volatility 3 windows.dlllist from M57-Jean memory image
M57-Jean,EVT-M57-Jean-DLL-415,,,unknown,memory,dlllist,module,loaded,,,svchost.exe,,1372,,,kmddsp.tsp,C:\\WINDOWS\\System32\\kmddsp.tsp,,,,,,,,,,,M57-Jean-MEM-DLL-415,Volatility 3 windows.dlllist from M57-Jean memory image
M57-Jean,EVT-M57-Jean-DLL-416,,,unknown,memory,dlllist,module,loaded,,,svchost.exe,,1372,,,ndptsp.tsp,C:\\WINDOWS\\System32\\ndptsp.tsp,,,,,,,,,,,M57-Jean-MEM-DLL-416,Volatility 3 windows.dlllist from M57-Jean memory image
M57-Jean,EVT-M57-Jean-DLL-417,,,unknown,memory,dlllist,module,loaded,,,svchost.exe,,1372,,,ipconf.tsp,C:\\WINDOWS\\System32\\ipconf.tsp,,,,,,,,,,,M57-Jean-MEM-DLL-417,Volatility 3 windows.dlllist from M57-Jean memory image
M57-Jean,EVT-M57-Jean-DLL-418,,,unknown,memory,dlllist,module,loaded,,,svchost.exe,,1372,,,h323.tsp,C:\\WINDOWS\\System32\\h323.tsp,,,,,,,,,,,M57-Jean-MEM-DLL-418,Volatility 3 windows.dlllist from M57-Jean memory image
M57-Jean,EVT-M57-Jean-DLL-419,,,unknown,memory,dlllist,module,loaded,,,svchost.exe,,1372,,,hidphone.tsp,C:\\WINDOWS\\System32\\hidphone.tsp,,,,,,,,,,,M57-Jean-MEM-DLL-419,Volatility 3 windows.dlllist from M57-Jean memory image
M57-Jean,EVT-M57-Jean-DLL-420,,,unknown,memory,dlllist,module,loaded,,,svchost.exe,,1372,,,HID.DLL,C:\\WINDOWS\\System32\\HID.DLL,,,,,,,,,,,M57-Jean-MEM-DLL-420,Volatility 3 windows.dlllist from M57-Jean memory image
M57-Jean,EVT-M57-Jean-DLL-421,,,unknown,memory,dlllist,module,loaded,,,svchost.exe,,1372,,,rasppp.dll,C:\\WINDOWS\\System32\\rasppp.dll,,,,,,,,,,,M57-Jean-MEM-DLL-421,Volatility 3 windows.dlllist from M57-Jean memory image
M57-Jean,EVT-M57-Jean-DLL-422,,,unknown,memory,dlllist,module,loaded,,,svchost.exe,,1372,,,ntlsapi.dll,C:\\WINDOWS\\System32\\ntlsapi.dll,,,,,,,,,,,M57-Jean-MEM-DLL-422,Volatility 3 windows.dlllist from M57-Jean memory image
M57-Jean,EVT-M57-Jean-DLL-423,,,unknown,memory,dlllist,module,loaded,,,svchost.exe,,1372,,,kerberos.dll,C:\\WINDOWS\\system32\\kerberos.dll,,,,,,,,,,,M57-Jean-MEM-DLL-423,Volatility 3 windows.dlllist from M57-Jean memory image
M57-Jean,EVT-M57-Jean-DLL-424,,,unknown,memory,dlllist,module,loaded,,,svchost.exe,,1372,,,RASQEC.DLL,C:\\WINDOWS\\System32\\RASQEC.DLL,,,,,,,,,,,M57-Jean-MEM-DLL-424,Volatility 3 windows.dlllist from M57-Jean memory image
M57-Jean,EVT-M57-Jean-DLL-425,,,unknown,memory,dlllist,module,loaded,,,svchost.exe,,1372,,,RASDLG.dll,C:\\WINDOWS\\System32\\RASDLG.dll,,,,,,,,,,,M57-Jean-MEM-DLL-425,Volatility 3 windows.dlllist from M57-Jean memory image
M57-Jean,EVT-M57-Jean-DLL-426,,,unknown,memory,dlllist,module,loaded,,,svchost.exe,,1372,,,msxml3.dll,C:\\WINDOWS\\system32\\msxml3.dll,,,,,,,,,,,M57-Jean-MEM-DLL-426,Volatility 3 windows.dlllist from M57-Jean memory image
M57-Jean,EVT-M57-Jean-DLL-427,,,unknown,memory,dlllist,module,loaded,,,svchost.exe,,1372,,,dssenh.dll,C:\\WINDOWS\\System32\\dssenh.dll,,,,,,,,,,,M57-Jean-MEM-DLL-427,Volatility 3 windows.dlllist from M57-Jean memory image
M57-Jean,EVT-M57-Jean-DLL-428,,,unknown,memory,dlllist,module,loaded,,,svchost.exe,,1372,,,advpack.dll,C:\\WINDOWS\\system32\\advpack.dll,,,,,,,,,,,M57-Jean-MEM-DLL-428,Volatility 3 windows.dlllist from M57-Jean memory image
M57-Jean,EVT-M57-Jean-DLL-429,,,unknown,memory,dlllist,module,loaded,,,svchost.exe,,1372,,,catsrvut.dll,C:\\WINDOWS\\System32\\catsrvut.dll,,,,,,,,,,,M57-Jean-MEM-DLL-429,Volatility 3 windows.dlllist from M57-Jean memory image
M57-Jean,EVT-M57-Jean-DLL-430,,,unknown,memory,dlllist,module,loaded,,,svchost.exe,,1372,,,catsrv.dll,C:\\WINDOWS\\System32\\catsrv.dll,,,,,,,,,,,M57-Jean-MEM-DLL-430,Volatility 3 windows.dlllist from M57-Jean memory image
M57-Jean,EVT-M57-Jean-DLL-431,,,unknown,memory,dlllist,module,loaded,,,svchost.exe,,1372,,,MfcSubs.dll,C:\\WINDOWS\\System32\\MfcSubs.dll,,,,,,,,,,,M57-Jean-MEM-DLL-431,Volatility 3 windows.dlllist from M57-Jean memory image
M57-Jean,EVT-M57-Jean-DLL-432,,,unknown,memory,dlllist,module,loaded,,,svchost.exe,,1372,,,MPR.dll,C:\\WINDOWS\\system32\\MPR.dll,,,,,,,,,,,M57-Jean-MEM-DLL-432,Volatility 3 windows.dlllist from M57-Jean memory image
M57-Jean,EVT-M57-Jean-DLL-433,,,unknown,memory,dlllist,module,loaded,,,svchost.exe,,1372,,,qmgr.dll,c:\\windows\\system32\\qmgr.dll,,,,,,,,,,,M57-Jean-MEM-DLL-433,Volatility 3 windows.dlllist from M57-Jean memory image
M57-Jean,EVT-M57-Jean-DLL-434,,,unknown,memory,dlllist,module,loaded,,,svchost.exe,,1372,,,SHFOLDER.dll,c:\\windows\\system32\\SHFOLDER.dll,,,,,,,,,,,M57-Jean-MEM-DLL-434,Volatility 3 windows.dlllist from M57-Jean memory image
M57-Jean,EVT-M57-Jean-DLL-435,,,unknown,memory,dlllist,module,loaded,,,svchost.exe,,1372,,,wups2.dll,C:\\WINDOWS\\system32\\wups2.dll,,,,,,,,,,,M57-Jean-MEM-DLL-435,Volatility 3 windows.dlllist from M57-Jean memory image
M57-Jean,EVT-M57-Jean-DLL-436,,,unknown,memory,dlllist,module,loaded,,,svchost.exe,,1372,,,wbemprox.dll,C:\\WINDOWS\\system32\\wbem\\wbemprox.dll,,,,,,,,,,,M57-Jean-MEM-DLL-436,Volatility 3 windows.dlllist from M57-Jean memory image
M57-Jean,EVT-M57-Jean-DLL-437,,,unknown,memory,dlllist,module,loaded,,,svchost.exe,,1372,,,wuapi.dll,C:\\WINDOWS\\system32\\wuapi.dll,,,,,,,,,,,M57-Jean-MEM-DLL-437,Volatility 3 windows.dlllist from M57-Jean memory image
M57-Jean,EVT-M57-Jean-DLL-438,,,unknown,memory,dlllist,module,loaded,,,svchost.exe,,1372,,,wbemcons.dll,C:\\WINDOWS\\system32\\wbem\\wbemcons.dll,,,,,,,,,,,M57-Jean-MEM-DLL-438,Volatility 3 windows.dlllist from M57-Jean memory image
M57-Jean,EVT-M57-Jean-DLL-439,,,unknown,memory,dlllist,module,loaded,,,svchost.exe,,1432,,,svchost.exe,C:\\WINDOWS\\system32\\svchost.exe,,,,,,,,,,,M57-Jean-MEM-DLL-439,Volatility 3 windows.dlllist from M57-Jean memory image
M57-Jean,EVT-M57-Jean-DLL-440,,,unknown,memory,dlllist,module,loaded,,,svchost.exe,,1432,,,,,,,,,,,,,,,M57-Jean-MEM-DLL-440,Volatility 3 windows.dlllist from M57-Jean memory image
M57-Jean,EVT-M57-Jean-DLL-441,,,unknown,memory,dlllist,module,loaded,,,svchost.exe,,1432,,,kernel32.dll,C:\\WINDOWS\\system32\\kernel32.dll,,,,,,,,,,,M57-Jean-MEM-DLL-441,Volatility 3 windows.dlllist from M57-Jean memory image
M57-Jean,EVT-M57-Jean-DLL-442,,,unknown,memory,dlllist,module,loaded,,,svchost.exe,,1432,,,ADVAPI32.dll,C:\\WINDOWS\\system32\\ADVAPI32.dll,,,,,,,,,,,M57-Jean-MEM-DLL-442,Volatility 3 windows.dlllist from M57-Jean memory image
M57-Jean,EVT-M57-Jean-DLL-443,,,unknown,memory,dlllist,module,loaded,,,svchost.exe,,1432,,,RPCRT4.dll,C:\\WINDOWS\\system32\\RPCRT4.dll,,,,,,,,,,,M57-Jean-MEM-DLL-443,Volatility 3 windows.dlllist from M57-Jean memory image
M57-Jean,EVT-M57-Jean-DLL-444,,,unknown,memory,dlllist,module,loaded,,,svchost.exe,,1432,,,Secur32.dll,C:\\WINDOWS\\system32\\Secur32.dll,,,,,,,,,,,M57-Jean-MEM-DLL-444,Volatility 3 windows.dlllist from M57-Jean memory image
M57-Jean,EVT-M57-Jean-DLL-445,,,unknown,memory,dlllist,module,loaded,,,svchost.exe,,1432,,,ShimEng.dll,C:\\WINDOWS\\system32\\ShimEng.dll,,,,,,,,,,,M57-Jean-MEM-DLL-445,Volatility 3 windows.dlllist from M57-Jean memory image
M57-Jean,EVT-M57-Jean-DLL-446,,,unknown,memory,dlllist,module,loaded,,,svchost.exe,,1432,,,AcGenral.DLL,C:\\WINDOWS\\AppPatch\\AcGenral.DLL,,,,,,,,,,,M57-Jean-MEM-DLL-446,Volatility 3 windows.dlllist from M57-Jean memory image
M57-Jean,EVT-M57-Jean-DLL-447,,,unknown,memory,dlllist,module,loaded,,,svchost.exe,,1432,,,USER32.dll,C:\\WINDOWS\\system32\\USER32.dll,,,,,,,,,,,M57-Jean-MEM-DLL-447,Volatility 3 windows.dlllist from M57-Jean memory image
M57-Jean,EVT-M57-Jean-DLL-448,,,unknown,memory,dlllist,module,loaded,,,svchost.exe,,1432,,,GDI32.dll,C:\\WINDOWS\\system32\\GDI32.dll,,,,,,,,,,,M57-Jean-MEM-DLL-448,Volatility 3 windows.dlllist from M57-Jean memory image
M57-Jean,EVT-M57-Jean-DLL-449,,,unknown,memory,dlllist,module,loaded,,,svchost.exe,,1432,,,WINMM.dll,C:\\WINDOWS\\system32\\WINMM.dll,,,,,,,,,,,M57-Jean-MEM-DLL-449,Volatility 3 windows.dlllist from M57-Jean memory image
M57-Jean,EVT-M57-Jean-DLL-450,,,unknown,memory,dlllist,module,loaded,,,svchost.exe,,1432,,,ole32.dll,C:\\WINDOWS\\system32\\ole32.dll,,,,,,,,,,,M57-Jean-MEM-DLL-450,Volatility 3 windows.dlllist from M57-Jean memory image
M57-Jean,EVT-M57-Jean-DLL-451,,,unknown,memory,dlllist,module,loaded,,,svchost.exe,,1432,,,msvcrt.dll,C:\\WINDOWS\\system32\\msvcrt.dll,,,,,,,,,,,M57-Jean-MEM-DLL-451,Volatility 3 windows.dlllist from M57-Jean memory image
M57-Jean,EVT-M57-Jean-DLL-452,,,unknown,memory,dlllist,module,loaded,,,svchost.exe,,1432,,,OLEAUT32.dll,C:\\WINDOWS\\system32\\OLEAUT32.dll,,,,,,,,,,,M57-Jean-MEM-DLL-452,Volatility 3 windows.dlllist from M57-Jean memory image
M57-Jean,EVT-M57-Jean-DLL-453,,,unknown,memory,dlllist,module,loaded,,,svchost.exe,,1432,,,MSACM32.dll,C:\\WINDOWS\\system32\\MSACM32.dll,,,,,,,,,,,M57-Jean-MEM-DLL-453,Volatility 3 windows.dlllist from M57-Jean memory image
M57-Jean,EVT-M57-Jean-DLL-454,,,unknown,memory,dlllist,module,loaded,,,svchost.exe,,1432,,,VERSION.dll,C:\\WINDOWS\\system32\\VERSION.dll,,,,,,,,,,,M57-Jean-MEM-DLL-454,Volatility 3 windows.dlllist from M57-Jean memory image
M57-Jean,EVT-M57-Jean-DLL-455,,,unknown,memory,dlllist,module,loaded,,,svchost.exe,,1432,,,SHELL32.dll,C:\\WINDOWS\\system32\\SHELL32.dll,,,,,,,,,,,M57-Jean-MEM-DLL-455,Volatility 3 windows.dlllist from M57-Jean memory image
M57-Jean,EVT-M57-Jean-DLL-456,,,unknown,memory,dlllist,module,loaded,,,svchost.exe,,1432,,,SHLWAPI.dll,C:\\WINDOWS\\system32\\SHLWAPI.dll,,,,,,,,,,,M57-Jean-MEM-DLL-456,Volatility 3 windows.dlllist from M57-Jean memory image
M57-Jean,EVT-M57-Jean-DLL-457,,,unknown,memory,dlllist,module,loaded,,,svchost.exe,,1432,,,USERENV.dll,C:\\WINDOWS\\system32\\USERENV.dll,,,,,,,,,,,M57-Jean-MEM-DLL-457,Volatility 3 windows.dlllist from M57-Jean memory image
M57-Jean,EVT-M57-Jean-DLL-458,,,unknown,memory,dlllist,module,loaded,,,svchost.exe,,1432,,,UxTheme.dll,C:\\WINDOWS\\system32\\UxTheme.dll,,,,,,,,,,,M57-Jean-MEM-DLL-458,Volatility 3 windows.dlllist from M57-Jean memory image
M57-Jean,EVT-M57-Jean-DLL-459,,,unknown,memory,dlllist,module,loaded,,,svchost.exe,,1432,,,IMM32.DLL,C:\\WINDOWS\\system32\\IMM32.DLL,,,,,,,,,,,M57-Jean-MEM-DLL-459,Volatility 3 windows.dlllist from M57-Jean memory image
M57-Jean,EVT-M57-Jean-DLL-460,,,unknown,memory,dlllist,module,loaded,,,svchost.exe,,1432,,,comctl32.dll,C:\\WINDOWS\\WinSxS\\x86_Microsoft.Windows.Common-Controls_6595b64144ccf1df_6.0.2600.5512_x-ww_35d4ce83\\comctl32.dll,,,,,,,,,,,M57-Jean-MEM-DLL-460,Volatility 3 windows.dlllist from M57-Jean memory image
M57-Jean,EVT-M57-Jean-DLL-461,,,unknown,memory,dlllist,module,loaded,,,svchost.exe,,1432,,,comctl32.dll,C:\\WINDOWS\\system32\\comctl32.dll,,,,,,,,,,,M57-Jean-MEM-DLL-461,Volatility 3 windows.dlllist from M57-Jean memory image
M57-Jean,EVT-M57-Jean-DLL-462,,,unknown,memory,dlllist,module,loaded,,,svchost.exe,,1432,,,dnsrslvr.dll,c:\\windows\\system32\\dnsrslvr.dll,,,,,,,,,,,M57-Jean-MEM-DLL-462,Volatility 3 windows.dlllist from M57-Jean memory image
M57-Jean,EVT-M57-Jean-DLL-463,,,unknown,memory,dlllist,module,loaded,,,svchost.exe,,1432,,,DNSAPI.dll,c:\\windows\\system32\\DNSAPI.dll,,,,,,,,,,,M57-Jean-MEM-DLL-463,Volatility 3 windows.dlllist from M57-Jean memory image
M57-Jean,EVT-M57-Jean-DLL-464,,,unknown,memory,dlllist,module,loaded,,,svchost.exe,,1432,,,WS2_32.dll,c:\\windows\\system32\\WS2_32.dll,,,,,,,,,,,M57-Jean-MEM-DLL-464,Volatility 3 windows.dlllist from M57-Jean memory image
M57-Jean,EVT-M57-Jean-DLL-465,,,unknown,memory,dlllist,module,loaded,,,svchost.exe,,1432,,,WS2HELP.dll,c:\\windows\\system32\\WS2HELP.dll,,,,,,,,,,,M57-Jean-MEM-DLL-465,Volatility 3 windows.dlllist from M57-Jean memory image
M57-Jean,EVT-M57-Jean-DLL-466,,,unknown,memory,dlllist,module,loaded,,,svchost.exe,,1432,,,iphlpapi.dll,c:\\windows\\system32\\iphlpapi.dll,,,,,,,,,,,M57-Jean-MEM-DLL-466,Volatility 3 windows.dlllist from M57-Jean memory image
M57-Jean,EVT-M57-Jean-DLL-467,,,unknown,memory,dlllist,module,loaded,,,svchost.exe,,1432,,,rsaenh.dll,C:\\WINDOWS\\system32\\rsaenh.dll,,,,,,,,,,,M57-Jean-MEM-DLL-467,Volatility 3 windows.dlllist from M57-Jean memory image
M57-Jean,EVT-M57-Jean-DLL-468,,,unknown,memory,dlllist,module,loaded,,,svchost.exe,,1432,,,mswsock.dll,C:\\WINDOWS\\system32\\mswsock.dll,,,,,,,,,,,M57-Jean-MEM-DLL-468,Volatility 3 windows.dlllist from M57-Jean memory image
M57-Jean,EVT-M57-Jean-DLL-469,,,unknown,memory,dlllist,module,loaded,,,svchost.exe,,1432,,,hnetcfg.dll,C:\\WINDOWS\\system32\\hnetcfg.dll,,,,,,,,,,,M57-Jean-MEM-DLL-469,Volatility 3 windows.dlllist from M57-Jean memory image
M57-Jean,EVT-M57-Jean-DLL-470,,,unknown,memory,dlllist,module,loaded,,,svchost.exe,,1432,,,wshtcpip.dll,C:\\WINDOWS\\System32\\wshtcpip.dll,,,,,,,,,,,M57-Jean-MEM-DLL-470,Volatility 3 windows.dlllist from M57-Jean memory image
M57-Jean,EVT-M57-Jean-DLL-471,,,unknown,memory,dlllist,module,loaded,,,avgrsx.exe,,1620,,,avgrsx.exe,C:\\Program Files\\AVG\\AVG9\\avgrsx.exe,,,,,,,,,,,M57-Jean-MEM-DLL-471,Volatility 3 windows.dlllist from M57-Jean memory image
M57-Jean,EVT-M57-Jean-DLL-472,,,unknown,memory,dlllist,module,loaded,,,avgrsx.exe,,1620,,,,,,,,,,,,,,,M57-Jean-MEM-DLL-472,Volatility 3 windows.dlllist from M57-Jean memory image
M57-Jean,EVT-M57-Jean-DLL-473,,,unknown,memory,dlllist,module,loaded,,,avgrsx.exe,,1620,,,kernel32.dll,C:\\WINDOWS\\system32\\kernel32.dll,,,,,,,,,,,M57-Jean-MEM-DLL-473,Volatility 3 windows.dlllist from M57-Jean memory image
M57-Jean,EVT-M57-Jean-DLL-474,,,unknown,memory,dlllist,module,loaded,,,avgrsx.exe,,1620,,,MSVCR80.dll,C:\\WINDOWS\\WinSxS\\x86_Microsoft.VC80.CRT_1fc8b3b9a1e18e3b_8.0.50727.4053_x-ww_e6967989\\MSVCR80.dll,,,,,,,,,,,M57-Jean-MEM-DLL-474,Volatility 3 windows.dlllist from M57-Jean memory image
M57-Jean,EVT-M57-Jean-DLL-475,,,unknown,memory,dlllist,module,loaded,,,avgrsx.exe,,1620,,,msvcrt.dll,C:\\WINDOWS\\system32\\msvcrt.dll,,,,,,,,,,,M57-Jean-MEM-DLL-475,Volatility 3 windows.dlllist from M57-Jean memory image
M57-Jean,EVT-M57-Jean-DLL-476,,,unknown,memory,dlllist,module,loaded,,,avgrsx.exe,,1620,,,avglogx.dll,C:\\Program Files\\AVG\\AVG9\\avglogx.dll,,,,,,,,,,,M57-Jean-MEM-DLL-476,Volatility 3 windows.dlllist from M57-Jean memory image
M57-Jean,EVT-M57-Jean-DLL-477,,,unknown,memory,dlllist,module,loaded,,,avgrsx.exe,,1620,,,avgcclix.dll,C:\\Program Files\\AVG\\AVG9\\avgcclix.dll,,,,,,,,,,,M57-Jean-MEM-DLL-477,Volatility 3 windows.dlllist from M57-Jean memory image
M57-Jean,EVT-M57-Jean-DLL-478,,,unknown,memory,dlllist,module,loaded,,,avgrsx.exe,,1620,,,Advapi32.dll,C:\\WINDOWS\\system32\\Advapi32.dll,,,,,,,,,,,M57-Jean-MEM-DLL-478,Volatility 3 windows.dlllist from M57-Jean memory image
M57-Jean,EVT-M57-Jean-DLL-479,,,unknown,memory,dlllist,module,loaded,,,avgrsx.exe,,1620,,,RPCRT4.dll,C:\\WINDOWS\\system32\\RPCRT4.dll,,,,,,,,,,,M57-Jean-MEM-DLL-479,Volatility 3 windows.dlllist from M57-Jean memory image
M57-Jean,EVT-M57-Jean-DLL-480,,,unknown,memory,dlllist,module,loaded,,,avgrsx.exe,,1620,,,Secur32.dll,C:\\WINDOWS\\system32\\Secur32.dll,,,,,,,,,,,M57-Jean-MEM-DLL-480,Volatility 3 windows.dlllist from M57-Jean memory image
M57-Jean,EVT-M57-Jean-DLL-481,,,unknown,memory,dlllist,module,loaded,,,svchost.exe,,1732,,,svchost.exe,C:\\WINDOWS\\system32\\svchost.exe,,,,,,,,,,,M57-Jean-MEM-DLL-481,Volatility 3 windows.dlllist from M57-Jean memory image
M57-Jean,EVT-M57-Jean-DLL-482,,,unknown,memory,dlllist,module,loaded,,,svchost.exe,,1732,,,,,,,,,,,,,,,M57-Jean-MEM-DLL-482,Volatility 3 windows.dlllist from M57-Jean memory image
M57-Jean,EVT-M57-Jean-DLL-483,,,unknown,memory,dlllist,module,loaded,,,svchost.exe,,1732,,,kernel32.dll,C:\\WINDOWS\\system32\\kernel32.dll,,,,,,,,,,,M57-Jean-MEM-DLL-483,Volatility 3 windows.dlllist from M57-Jean memory image
M57-Jean,EVT-M57-Jean-DLL-484,,,unknown,memory,dlllist,module,loaded,,,svchost.exe,,1732,,,ADVAPI32.dll,C:\\WINDOWS\\system32\\ADVAPI32.dll,,,,,,,,,,,M57-Jean-MEM-DLL-484,Volatility 3 windows.dlllist from M57-Jean memory image
M57-Jean,EVT-M57-Jean-DLL-485,,,unknown,memory,dlllist,module,loaded,,,svchost.exe,,1732,,,RPCRT4.dll,C:\\WINDOWS\\system32\\RPCRT4.dll,,,,,,,,,,,M57-Jean-MEM-DLL-485,Volatility 3 windows.dlllist from M57-Jean memory image
M57-Jean,EVT-M57-Jean-DLL-486,,,unknown,memory,dlllist,module,loaded,,,svchost.exe,,1732,,,Secur32.dll,C:\\WINDOWS\\system32\\Secur32.dll,,,,,,,,,,,M57-Jean-MEM-DLL-486,Volatility 3 windows.dlllist from M57-Jean memory image
M57-Jean,EVT-M57-Jean-DLL-487,,,unknown,memory,dlllist,module,loaded,,,svchost.exe,,1732,,,ShimEng.dll,C:\\WINDOWS\\system32\\ShimEng.dll,,,,,,,,,,,M57-Jean-MEM-DLL-487,Volatility 3 windows.dlllist from M57-Jean memory image
M57-Jean,EVT-M57-Jean-DLL-488,,,unknown,memory,dlllist,module,loaded,,,svchost.exe,,1732,,,AcGenral.DLL,C:\\WINDOWS\\AppPatch\\AcGenral.DLL,,,,,,,,,,,M57-Jean-MEM-DLL-488,Volatility 3 windows.dlllist from M57-Jean memory image
M57-Jean,EVT-M57-Jean-DLL-489,,,unknown,memory,dlllist,module,loaded,,,svchost.exe,,1732,,,USER32.dll,C:\\WINDOWS\\system32\\USER32.dll,,,,,,,,,,,M57-Jean-MEM-DLL-489,Volatility 3 windows.dlllist from M57-Jean memory image
M57-Jean,EVT-M57-Jean-DLL-490,,,unknown,memory,dlllist,module,loaded,,,svchost.exe,,1732,,,GDI32.dll,C:\\WINDOWS\\system32\\GDI32.dll,,,,,,,,,,,M57-Jean-MEM-DLL-490,Volatility 3 windows.dlllist from M57-Jean memory image
M57-Jean,EVT-M57-Jean-DLL-491,,,unknown,memory,dlllist,module,loaded,,,svchost.exe,,1732,,,WINMM.dll,C:\\WINDOWS\\system32\\WINMM.dll,,,,,,,,,,,M57-Jean-MEM-DLL-491,Volatility 3 windows.dlllist from M57-Jean memory image
M57-Jean,EVT-M57-Jean-DLL-492,,,unknown,memory,dlllist,module,loaded,,,svchost.exe,,1732,,,ole32.dll,C:\\WINDOWS\\system32\\ole32.dll,,,,,,,,,,,M57-Jean-MEM-DLL-492,Volatility 3 windows.dlllist from M57-Jean memory image
M57-Jean,EVT-M57-Jean-DLL-493,,,unknown,memory,dlllist,module,loaded,,,svchost.exe,,1732,,,msvcrt.dll,C:\\WINDOWS\\system32\\msvcrt.dll,,,,,,,,,,,M57-Jean-MEM-DLL-493,Volatility 3 windows.dlllist from M57-Jean memory image
M57-Jean,EVT-M57-Jean-DLL-494,,,unknown,memory,dlllist,module,loaded,,,svchost.exe,,1732,,,OLEAUT32.dll,C:\\WINDOWS\\system32\\OLEAUT32.dll,,,,,,,,,,,M57-Jean-MEM-DLL-494,Volatility 3 windows.dlllist from M57-Jean memory image
M57-Jean,EVT-M57-Jean-DLL-495,,,unknown,memory,dlllist,module,loaded,,,svchost.exe,,1732,,,MSACM32.dll,C:\\WINDOWS\\system32\\MSACM32.dll,,,,,,,,,,,M57-Jean-MEM-DLL-495,Volatility 3 windows.dlllist from M57-Jean memory image
M57-Jean,EVT-M57-Jean-DLL-496,,,unknown,memory,dlllist,module,loaded,,,svchost.exe,,1732,,,VERSION.dll,C:\\WINDOWS\\system32\\VERSION.dll,,,,,,,,,,,M57-Jean-MEM-DLL-496,Volatility 3 windows.dlllist from M57-Jean memory image
M57-Jean,EVT-M57-Jean-DLL-497,,,unknown,memory,dlllist,module,loaded,,,svchost.exe,,1732,,,SHELL32.dll,C:\\WINDOWS\\system32\\SHELL32.dll,,,,,,,,,,,M57-Jean-MEM-DLL-497,Volatility 3 windows.dlllist from M57-Jean memory image
M57-Jean,EVT-M57-Jean-DLL-498,,,unknown,memory,dlllist,module,loaded,,,svchost.exe,,1732,,,SHLWAPI.dll,C:\\WINDOWS\\system32\\SHLWAPI.dll,,,,,,,,,,,M57-Jean-MEM-DLL-498,Volatility 3 windows.dlllist from M57-Jean memory image
M57-Jean,EVT-M57-Jean-DLL-499,,,unknown,memory,dlllist,module,loaded,,,svchost.exe,,1732,,,USERENV.dll,C:\\WINDOWS\\system32\\USERENV.dll,,,,,,,,,,,M57-Jean-MEM-DLL-499,Volatility 3 windows.dlllist from M57-Jean memory image
M57-Jean,EVT-M57-Jean-DLL-500,,,unknown,memory,dlllist,module,loaded,,,svchost.exe,,1732,,,UxTheme.dll,C:\\WINDOWS\\system32\\UxTheme.dll,,,,,,,,,,,M57-Jean-MEM-DLL-500,Volatility 3 windows.dlllist from M57-Jean memory image
M57-Jean,EVT-M57-Jean-DLL-501,,,unknown,memory,dlllist,module,loaded,,,svchost.exe,,1732,,,IMM32.DLL,C:\\WINDOWS\\system32\\IMM32.DLL,,,,,,,,,,,M57-Jean-MEM-DLL-501,Volatility 3 windows.dlllist from M57-Jean memory image
M57-Jean,EVT-M57-Jean-DLL-502,,,unknown,memory,dlllist,module,loaded,,,svchost.exe,,1732,,,comctl32.dll,C:\\WINDOWS\\WinSxS\\x86_Microsoft.Windows.Common-Controls_6595b64144ccf1df_6.0.2600.5512_x-ww_35d4ce83\\comctl32.dll,,,,,,,,,,,M57-Jean-MEM-DLL-502,Volatility 3 windows.dlllist from M57-Jean memory image
M57-Jean,EVT-M57-Jean-DLL-503,,,unknown,memory,dlllist,module,loaded,,,svchost.exe,,1732,,,comctl32.dll,C:\\WINDOWS\\system32\\comctl32.dll,,,,,,,,,,,M57-Jean-MEM-DLL-503,Volatility 3 windows.dlllist from M57-Jean memory image
M57-Jean,EVT-M57-Jean-DLL-504,,,unknown,memory,dlllist,module,loaded,,,svchost.exe,,1732,,,NTMARTA.DLL,C:\\WINDOWS\\system32\\NTMARTA.DLL,,,,,,,,,,,M57-Jean-MEM-DLL-504,Volatility 3 windows.dlllist from M57-Jean memory image
M57-Jean,EVT-M57-Jean-DLL-505,,,unknown,memory,dlllist,module,loaded,,,svchost.exe,,1732,,,SAMLIB.dll,C:\\WINDOWS\\system32\\SAMLIB.dll,,,,,,,,,,,M57-Jean-MEM-DLL-505,Volatility 3 windows.dlllist from M57-Jean memory image
M57-Jean,EVT-M57-Jean-DLL-506,,,unknown,memory,dlllist,module,loaded,,,svchost.exe,,1732,,,WLDAP32.dll,C:\\WINDOWS\\system32\\WLDAP32.dll,,,,,,,,,,,M57-Jean-MEM-DLL-506,Volatility 3 windows.dlllist from M57-Jean memory image
M57-Jean,EVT-M57-Jean-DLL-507,,,unknown,memory,dlllist,module,loaded,,,svchost.exe,,1732,,,xpsp2res.dll,C:\\WINDOWS\\system32\\xpsp2res.dll,,,,,,,,,,,M57-Jean-MEM-DLL-507,Volatility 3 windows.dlllist from M57-Jean memory image
M57-Jean,EVT-M57-Jean-DLL-508,,,unknown,memory,dlllist,module,loaded,,,svchost.exe,,1732,,,lmhsvc.dll,c:\\windows\\system32\\lmhsvc.dll,,,,,,,,,,,M57-Jean-MEM-DLL-508,Volatility 3 windows.dlllist from M57-Jean memory image
M57-Jean,EVT-M57-Jean-DLL-509,,,unknown,memory,dlllist,module,loaded,,,svchost.exe,,1732,,,iphlpapi.dll,c:\\windows\\system32\\iphlpapi.dll,,,,,,,,,,,M57-Jean-MEM-DLL-509,Volatility 3 windows.dlllist from M57-Jean memory image
M57-Jean,EVT-M57-Jean-DLL-510,,,unknown,memory,dlllist,module,loaded,,,svchost.exe,,1732,,,WS2_32.dll,c:\\windows\\system32\\WS2_32.dll,,,,,,,,,,,M57-Jean-MEM-DLL-510,Volatility 3 windows.dlllist from M57-Jean memory image
M57-Jean,EVT-M57-Jean-DLL-511,,,unknown,memory,dlllist,module,loaded,,,svchost.exe,,1732,,,WS2HELP.dll,c:\\windows\\system32\\WS2HELP.dll,,,,,,,,,,,M57-Jean-MEM-DLL-511,Volatility 3 windows.dlllist from M57-Jean memory image
M57-Jean,EVT-M57-Jean-DLL-512,,,unknown,memory,dlllist,module,loaded,,,svchost.exe,,1732,,,regsvc.dll,c:\\windows\\system32\\regsvc.dll,,,,,,,,,,,M57-Jean-MEM-DLL-512,Volatility 3 windows.dlllist from M57-Jean memory image
M57-Jean,EVT-M57-Jean-DLL-513,,,unknown,memory,dlllist,module,loaded,,,svchost.exe,,1732,,,ssdpsrv.dll,c:\\windows\\system32\\ssdpsrv.dll,,,,,,,,,,,M57-Jean-MEM-DLL-513,Volatility 3 windows.dlllist from M57-Jean memory image
M57-Jean,EVT-M57-Jean-DLL-514,,,unknown,memory,dlllist,module,loaded,,,svchost.exe,,1732,,,hnetcfg.dll,C:\\WINDOWS\\system32\\hnetcfg.dll,,,,,,,,,,,M57-Jean-MEM-DLL-514,Volatility 3 windows.dlllist from M57-Jean memory image
M57-Jean,EVT-M57-Jean-DLL-515,,,unknown,memory,dlllist,module,loaded,,,svchost.exe,,1732,,,CLBCATQ.DLL,C:\\WINDOWS\\system32\\CLBCATQ.DLL,,,,,,,,,,,M57-Jean-MEM-DLL-515,Volatility 3 windows.dlllist from M57-Jean memory image
M57-Jean,EVT-M57-Jean-DLL-516,,,unknown,memory,dlllist,module,loaded,,,svchost.exe,,1732,,,COMRes.dll,C:\\WINDOWS\\system32\\COMRes.dll,,,,,,,,,,,M57-Jean-MEM-DLL-516,Volatility 3 windows.dlllist from M57-Jean memory image
M57-Jean,EVT-M57-Jean-DLL-517,,,unknown,memory,dlllist,module,loaded,,,svchost.exe,,1732,,,mswsock.dll,C:\\WINDOWS\\system32\\mswsock.dll,,,,,,,,,,,M57-Jean-MEM-DLL-517,Volatility 3 windows.dlllist from M57-Jean memory image
M57-Jean,EVT-M57-Jean-DLL-518,,,unknown,memory,dlllist,module,loaded,,,svchost.exe,,1732,,,wshtcpip.dll,C:\\WINDOWS\\System32\\wshtcpip.dll,,,,,,,,,,,M57-Jean-MEM-DLL-518,Volatility 3 windows.dlllist from M57-Jean memory image
M57-Jean,EVT-M57-Jean-DLL-519,,,unknown,memory,dlllist,module,loaded,,,svchost.exe,,1732,,,DNSAPI.dll,C:\\WINDOWS\\system32\\DNSAPI.dll,,,,,,,,,,,M57-Jean-MEM-DLL-519,Volatility 3 windows.dlllist from M57-Jean memory image
M57-Jean,EVT-M57-Jean-DLL-520,,,unknown,memory,dlllist,module,loaded,,,svchost.exe,,1732,,,rasadhlp.dll,C:\\WINDOWS\\system32\\rasadhlp.dll,,,,,,,,,,,M57-Jean-MEM-DLL-520,Volatility 3 windows.dlllist from M57-Jean memory image
M57-Jean,EVT-M57-Jean-DLL-521,,,unknown,memory,dlllist,module,loaded,,,spoolsv.exe,,1996,,,spoolsv.exe,C:\\WINDOWS\\system32\\spoolsv.exe,,,,,,,,,,,M57-Jean-MEM-DLL-521,Volatility 3 windows.dlllist from M57-Jean memory image
M57-Jean,EVT-M57-Jean-DLL-522,,,unknown,memory,dlllist,module,loaded,,,spoolsv.exe,,1996,,,,,,,,,,,,,,,M57-Jean-MEM-DLL-522,Volatility 3 windows.dlllist from M57-Jean memory image
M57-Jean,EVT-M57-Jean-DLL-523,,,unknown,memory,dlllist,module,loaded,,,spoolsv.exe,,1996,,,kernel32.dll,C:\\WINDOWS\\system32\\kernel32.dll,,,,,,,,,,,M57-Jean-MEM-DLL-523,Volatility 3 windows.dlllist from M57-Jean memory image
M57-Jean,EVT-M57-Jean-DLL-524,,,unknown,memory,dlllist,module,loaded,,,spoolsv.exe,,1996,,,ADVAPI32.dll,C:\\WINDOWS\\system32\\ADVAPI32.dll,,,,,,,,,,,M57-Jean-MEM-DLL-524,Volatility 3 windows.dlllist from M57-Jean memory image
M57-Jean,EVT-M57-Jean-DLL-525,,,unknown,memory,dlllist,module,loaded,,,spoolsv.exe,,1996,,,RPCRT4.dll,C:\\WINDOWS\\system32\\RPCRT4.dll,,,,,,,,,,,M57-Jean-MEM-DLL-525,Volatility 3 windows.dlllist from M57-Jean memory image
M57-Jean,EVT-M57-Jean-DLL-526,,,unknown,memory,dlllist,module,loaded,,,spoolsv.exe,,1996,,,Secur32.dll,C:\\WINDOWS\\system32\\Secur32.dll,,,,,,,,,,,M57-Jean-MEM-DLL-526,Volatility 3 windows.dlllist from M57-Jean memory image
M57-Jean,EVT-M57-Jean-DLL-527,,,unknown,memory,dlllist,module,loaded,,,spoolsv.exe,,1996,,,GDI32.dll,C:\\WINDOWS\\system32\\GDI32.dll,,,,,,,,,,,M57-Jean-MEM-DLL-527,Volatility 3 windows.dlllist from M57-Jean memory image
M57-Jean,EVT-M57-Jean-DLL-528,,,unknown,memory,dlllist,module,loaded,,,spoolsv.exe,,1996,,,USER32.dll,C:\\WINDOWS\\system32\\USER32.dll,,,,,,,,,,,M57-Jean-MEM-DLL-528,Volatility 3 windows.dlllist from M57-Jean memory image
M57-Jean,EVT-M57-Jean-DLL-529,,,unknown,memory,dlllist,module,loaded,,,spoolsv.exe,,1996,,,msvcrt.dll,C:\\WINDOWS\\system32\\msvcrt.dll,,,,,,,,,,,M57-Jean-MEM-DLL-529,Volatility 3 windows.dlllist from M57-Jean memory image
M57-Jean,EVT-M57-Jean-DLL-530,,,unknown,memory,dlllist,module,loaded,,,spoolsv.exe,,1996,,,ShimEng.dll,C:\\WINDOWS\\system32\\ShimEng.dll,,,,,,,,,,,M57-Jean-MEM-DLL-530,Volatility 3 windows.dlllist from M57-Jean memory image
M57-Jean,EVT-M57-Jean-DLL-531,,,unknown,memory,dlllist,module,loaded,,,spoolsv.exe,,1996,,,AcGenral.DLL,C:\\WINDOWS\\AppPatch\\AcGenral.DLL,,,,,,,,,,,M57-Jean-MEM-DLL-531,Volatility 3 windows.dlllist from M57-Jean memory image
M57-Jean,EVT-M57-Jean-DLL-532,,,unknown,memory,dlllist,module,loaded,,,spoolsv.exe,,1996,,,WINMM.dll,C:\\WINDOWS\\system32\\WINMM.dll,,,,,,,,,,,M57-Jean-MEM-DLL-532,Volatility 3 windows.dlllist from M57-Jean memory image
M57-Jean,EVT-M57-Jean-DLL-533,,,unknown,memory,dlllist,module,loaded,,,spoolsv.exe,,1996,,,ole32.dll,C:\\WINDOWS\\system32\\ole32.dll,,,,,,,,,,,M57-Jean-MEM-DLL-533,Volatility 3 windows.dlllist from M57-Jean memory image
M57-Jean,EVT-M57-Jean-DLL-534,,,unknown,memory,dlllist,module,loaded,,,spoolsv.exe,,1996,,,OLEAUT32.dll,C:\\WINDOWS\\system32\\OLEAUT32.dll,,,,,,,,,,,M57-Jean-MEM-DLL-534,Volatility 3 windows.dlllist from M57-Jean memory image
M57-Jean,EVT-M57-Jean-DLL-535,,,unknown,memory,dlllist,module,loaded,,,spoolsv.exe,,1996,,,MSACM32.dll,C:\\WINDOWS\\system32\\MSACM32.dll,,,,,,,,,,,M57-Jean-MEM-DLL-535,Volatility 3 windows.dlllist from M57-Jean memory image
M57-Jean,EVT-M57-Jean-DLL-536,,,unknown,memory,dlllist,module,loaded,,,spoolsv.exe,,1996,,,VERSION.dll,C:\\WINDOWS\\system32\\VERSION.dll,,,,,,,,,,,M57-Jean-MEM-DLL-536,Volatility 3 windows.dlllist from M57-Jean memory image
M57-Jean,EVT-M57-Jean-DLL-537,,,unknown,memory,dlllist,module,loaded,,,spoolsv.exe,,1996,,,SHELL32.dll,C:\\WINDOWS\\system32\\SHELL32.dll,,,,,,,,,,,M57-Jean-MEM-DLL-537,Volatility 3 windows.dlllist from M57-Jean memory image
M57-Jean,EVT-M57-Jean-DLL-538,,,unknown,memory,dlllist,module,loaded,,,spoolsv.exe,,1996,,,SHLWAPI.dll,C:\\WINDOWS\\system32\\SHLWAPI.dll,,,,,,,,,,,M57-Jean-MEM-DLL-538,Volatility 3 windows.dlllist from M57-Jean memory image
M57-Jean,EVT-M57-Jean-DLL-539,,,unknown,memory,dlllist,module,loaded,,,spoolsv.exe,,1996,,,USERENV.dll,C:\\WINDOWS\\system32\\USERENV.dll,,,,,,,,,,,M57-Jean-MEM-DLL-539,Volatility 3 windows.dlllist from M57-Jean memory image
M57-Jean,EVT-M57-Jean-DLL-540,,,unknown,memory,dlllist,module,loaded,,,spoolsv.exe,,1996,,,UxTheme.dll,C:\\WINDOWS\\system32\\UxTheme.dll,,,,,,,,,,,M57-Jean-MEM-DLL-540,Volatility 3 windows.dlllist from M57-Jean memory image
M57-Jean,EVT-M57-Jean-DLL-541,,,unknown,memory,dlllist,module,loaded,,,spoolsv.exe,,1996,,,IMM32.DLL,C:\\WINDOWS\\system32\\IMM32.DLL,,,,,,,,,,,M57-Jean-MEM-DLL-541,Volatility 3 windows.dlllist from M57-Jean memory image
M57-Jean,EVT-M57-Jean-DLL-542,,,unknown,memory,dlllist,module,loaded,,,spoolsv.exe,,1996,,,comctl32.dll,C:\\WINDOWS\\WinSxS\\x86_Microsoft.Windows.Common-Controls_6595b64144ccf1df_6.0.2600.5512_x-ww_35d4ce83\\comctl32.dll,,,,,,,,,,,M57-Jean-MEM-DLL-542,Volatility 3 windows.dlllist from M57-Jean memory image
M57-Jean,EVT-M57-Jean-DLL-543,,,unknown,memory,dlllist,module,loaded,,,spoolsv.exe,,1996,,,comctl32.dll,C:\\WINDOWS\\system32\\comctl32.dll,,,,,,,,,,,M57-Jean-MEM-DLL-543,Volatility 3 windows.dlllist from M57-Jean memory image
M57-Jean,EVT-M57-Jean-DLL-544,,,unknown,memory,dlllist,module,loaded,,,spoolsv.exe,,1996,,,SPOOLSS.DLL,C:\\WINDOWS\\system32\\SPOOLSS.DLL,,,,,,,,,,,M57-Jean-MEM-DLL-544,Volatility 3 windows.dlllist from M57-Jean memory image
M57-Jean,EVT-M57-Jean-DLL-545,,,unknown,memory,dlllist,module,loaded,,,spoolsv.exe,,1996,,,WS2_32.dll,C:\\WINDOWS\\system32\\WS2_32.dll,,,,,,,,,,,M57-Jean-MEM-DLL-545,Volatility 3 windows.dlllist from M57-Jean memory image
M57-Jean,EVT-M57-Jean-DLL-546,,,unknown,memory,dlllist,module,loaded,,,spoolsv.exe,,1996,,,WS2HELP.dll,C:\\WINDOWS\\system32\\WS2HELP.dll,,,,,,,,,,,M57-Jean-MEM-DLL-546,Volatility 3 windows.dlllist from M57-Jean memory image
M57-Jean,EVT-M57-Jean-DLL-547,,,unknown,memory,dlllist,module,loaded,,,spoolsv.exe,,1996,,,DNSAPI.dll,C:\\WINDOWS\\system32\\DNSAPI.dll,,,,,,,,,,,M57-Jean-MEM-DLL-547,Volatility 3 windows.dlllist from M57-Jean memory image
M57-Jean,EVT-M57-Jean-DLL-548,,,unknown,memory,dlllist,module,loaded,,,spoolsv.exe,,1996,,,rasadhlp.dll,C:\\WINDOWS\\system32\\rasadhlp.dll,,,,,,,,,,,M57-Jean-MEM-DLL-548,Volatility 3 windows.dlllist from M57-Jean memory image
M57-Jean,EVT-M57-Jean-DLL-549,,,unknown,memory,dlllist,module,loaded,,,spoolsv.exe,,1996,,,localspl.dll,C:\\WINDOWS\\system32\\localspl.dll,,,,,,,,,,,M57-Jean-MEM-DLL-549,Volatility 3 windows.dlllist from M57-Jean memory image
M57-Jean,EVT-M57-Jean-DLL-550,,,unknown,memory,dlllist,module,loaded,,,spoolsv.exe,,1996,,,sfc_os.dll,C:\\WINDOWS\\system32\\sfc_os.dll,,,,,,,,,,,M57-Jean-MEM-DLL-550,Volatility 3 windows.dlllist from M57-Jean memory image
M57-Jean,EVT-M57-Jean-DLL-551,,,unknown,memory,dlllist,module,loaded,,,spoolsv.exe,,1996,,,WINTRUST.dll,C:\\WINDOWS\\system32\\WINTRUST.dll,,,,,,,,,,,M57-Jean-MEM-DLL-551,Volatility 3 windows.dlllist from M57-Jean memory image
M57-Jean,EVT-M57-Jean-DLL-552,,,unknown,memory,dlllist,module,loaded,,,spoolsv.exe,,1996,,,CRYPT32.dll,C:\\WINDOWS\\system32\\CRYPT32.dll,,,,,,,,,,,M57-Jean-MEM-DLL-552,Volatility 3 windows.dlllist from M57-Jean memory image
M57-Jean,EVT-M57-Jean-DLL-553,,,unknown,memory,dlllist,module,loaded,,,spoolsv.exe,,1996,,,MSASN1.dll,C:\\WINDOWS\\system32\\MSASN1.dll,,,,,,,,,,,M57-Jean-MEM-DLL-553,Volatility 3 windows.dlllist from M57-Jean memory image
M57-Jean,EVT-M57-Jean-DLL-554,,,unknown,memory,dlllist,module,loaded,,,spoolsv.exe,,1996,,,IMAGEHLP.dll,C:\\WINDOWS\\system32\\IMAGEHLP.dll,,,,,,,,,,,M57-Jean-MEM-DLL-554,Volatility 3 windows.dlllist from M57-Jean memory image
M57-Jean,EVT-M57-Jean-DLL-555,,,unknown,memory,dlllist,module,loaded,,,spoolsv.exe,,1996,,,winspool.drv,C:\\WINDOWS\\system32\\winspool.drv,,,,,,,,,,,M57-Jean-MEM-DLL-555,Volatility 3 windows.dlllist from M57-Jean memory image
M57-Jean,EVT-M57-Jean-DLL-556,,,unknown,memory,dlllist,module,loaded,,,spoolsv.exe,,1996,,,netapi32.dll,C:\\WINDOWS\\system32\\netapi32.dll,,,,,,,,,,,M57-Jean-MEM-DLL-556,Volatility 3 windows.dlllist from M57-Jean memory image
M57-Jean,EVT-M57-Jean-DLL-557,,,unknown,memory,dlllist,module,loaded,,,spoolsv.exe,,1996,,,cnbjmon.dll,C:\\WINDOWS\\system32\\cnbjmon.dll,,,,,,,,,,,M57-Jean-MEM-DLL-557,Volatility 3 windows.dlllist from M57-Jean memory image
M57-Jean,EVT-M57-Jean-DLL-558,,,unknown,memory,dlllist,module,loaded,,,spoolsv.exe,,1996,,,pjlmon.dll,C:\\WINDOWS\\system32\\pjlmon.dll,,,,,,,,,,,M57-Jean-MEM-DLL-558,Volatility 3 windows.dlllist from M57-Jean memory image
M57-Jean,EVT-M57-Jean-DLL-559,,,unknown,memory,dlllist,module,loaded,,,spoolsv.exe,,1996,,,tcpmon.dll,C:\\WINDOWS\\system32\\tcpmon.dll,,,,,,,,,,,M57-Jean-MEM-DLL-559,Volatility 3 windows.dlllist from M57-Jean memory image
M57-Jean,EVT-M57-Jean-DLL-560,,,unknown,memory,dlllist,module,loaded,,,spoolsv.exe,,1996,,,usbmon.dll,C:\\WINDOWS\\system32\\usbmon.dll,,,,,,,,,,,M57-Jean-MEM-DLL-560,Volatility 3 windows.dlllist from M57-Jean memory image
M57-Jean,EVT-M57-Jean-DLL-561,,,unknown,memory,dlllist,module,loaded,,,spoolsv.exe,,1996,,,mswsock.dll,C:\\WINDOWS\\System32\\mswsock.dll,,,,,,,,,,,M57-Jean-MEM-DLL-561,Volatility 3 windows.dlllist from M57-Jean memory image
M57-Jean,EVT-M57-Jean-DLL-562,,,unknown,memory,dlllist,module,loaded,,,spoolsv.exe,,1996,,,winrnr.dll,C:\\WINDOWS\\System32\\winrnr.dll,,,,,,,,,,,M57-Jean-MEM-DLL-562,Volatility 3 windows.dlllist from M57-Jean memory image
M57-Jean,EVT-M57-Jean-DLL-563,,,unknown,memory,dlllist,module,loaded,,,spoolsv.exe,,1996,,,WLDAP32.dll,C:\\WINDOWS\\system32\\WLDAP32.dll,,,,,,,,,,,M57-Jean-MEM-DLL-563,Volatility 3 windows.dlllist from M57-Jean memory image
M57-Jean,EVT-M57-Jean-DLL-564,,,unknown,memory,dlllist,module,loaded,,,spoolsv.exe,,1996,,,win32spl.dll,C:\\WINDOWS\\system32\\win32spl.dll,,,,,,,,,,,M57-Jean-MEM-DLL-564,Volatility 3 windows.dlllist from M57-Jean memory image
M57-Jean,EVT-M57-Jean-DLL-565,,,unknown,memory,dlllist,module,loaded,,,spoolsv.exe,,1996,,,NETRAP.dll,C:\\WINDOWS\\system32\\NETRAP.dll,,,,,,,,,,,M57-Jean-MEM-DLL-565,Volatility 3 windows.dlllist from M57-Jean memory image
M57-Jean,EVT-M57-Jean-DLL-566,,,unknown,memory,dlllist,module,loaded,,,spoolsv.exe,,1996,,,NTDSAPI.dll,C:\\WINDOWS\\system32\\NTDSAPI.dll,,,,,,,,,,,M57-Jean-MEM-DLL-566,Volatility 3 windows.dlllist from M57-Jean memory image
M57-Jean,EVT-M57-Jean-DLL-567,,,unknown,memory,dlllist,module,loaded,,,spoolsv.exe,,1996,,,CLBCATQ.DLL,C:\\WINDOWS\\system32\\CLBCATQ.DLL,,,,,,,,,,,M57-Jean-MEM-DLL-567,Volatility 3 windows.dlllist from M57-Jean memory image
M57-Jean,EVT-M57-Jean-DLL-568,,,unknown,memory,dlllist,module,loaded,,,spoolsv.exe,,1996,,,COMRes.dll,C:\\WINDOWS\\system32\\COMRes.dll,,,,,,,,,,,M57-Jean-MEM-DLL-568,Volatility 3 windows.dlllist from M57-Jean memory image
M57-Jean,EVT-M57-Jean-DLL-569,,,unknown,memory,dlllist,module,loaded,,,spoolsv.exe,,1996,,,inetpp.dll,C:\\WINDOWS\\system32\\inetpp.dll,,,,,,,,,,,M57-Jean-MEM-DLL-569,Volatility 3 windows.dlllist from M57-Jean memory image
M57-Jean,EVT-M57-Jean-DLL-570,,,unknown,memory,dlllist,module,loaded,,,spoolsv.exe,,1996,,,xpsp2res.dll,C:\\WINDOWS\\system32\\xpsp2res.dll,,,,,,,,,,,M57-Jean-MEM-DLL-570,Volatility 3 windows.dlllist from M57-Jean memory image
M57-Jean,EVT-M57-Jean-DLL-571,,,unknown,memory,dlllist,module,loaded,,,AVGIDSAgent.exe,,2028,,,AVGIDSAgent.exe,C:\\Program Files\\AVG\\AVG9\\Identity Protection\\Agent\\Bin\\AVGIDSAgent.exe,,,,,,,,,,,M57-Jean-MEM-DLL-571,Volatility 3 windows.dlllist from M57-Jean memory image
M57-Jean,EVT-M57-Jean-DLL-572,,,unknown,memory,dlllist,module,loaded,,,AVGIDSAgent.exe,,2028,,,ntdll.dll,C:\\WINDOWS\\system32\\ntdll.dll,,,,,,,,,,,M57-Jean-MEM-DLL-572,Volatility 3 windows.dlllist from M57-Jean memory image
M57-Jean,EVT-M57-Jean-DLL-573,,,unknown,memory,dlllist,module,loaded,,,AVGIDSAgent.exe,,2028,,,kernel32.dll,C:\\WINDOWS\\system32\\kernel32.dll,,,,,,,,,,,M57-Jean-MEM-DLL-573,Volatility 3 windows.dlllist from M57-Jean memory image
M57-Jean,EVT-M57-Jean-DLL-574,,,unknown,memory,dlllist,module,loaded,,,AVGIDSAgent.exe,,2028,,,ADVAPI32.dll,C:\\WINDOWS\\system32\\ADVAPI32.dll,,,,,,,,,,,M57-Jean-MEM-DLL-574,Volatility 3 windows.dlllist from M57-Jean memory image
M57-Jean,EVT-M57-Jean-DLL-575,,,unknown,memory,dlllist,module,loaded,,,AVGIDSAgent.exe,,2028,,,RPCRT4.dll,C:\\WINDOWS\\system32\\RPCRT4.dll,,,,,,,,,,,M57-Jean-MEM-DLL-575,Volatility 3 windows.dlllist from M57-Jean memory image
M57-Jean,EVT-M57-Jean-DLL-576,,,unknown,memory,dlllist,module,loaded,,,AVGIDSAgent.exe,,2028,,,Secur32.dll,C:\\WINDOWS\\system32\\Secur32.dll,,,,,,,,,,,M57-Jean-MEM-DLL-576,Volatility 3 windows.dlllist from M57-Jean memory image
M57-Jean,EVT-M57-Jean-DLL-577,,,unknown,memory,dlllist,module,loaded,,,AVGIDSAgent.exe,,2028,,,WS2_32.dll,C:\\WINDOWS\\system32\\WS2_32.dll,,,,,,,,,,,M57-Jean-MEM-DLL-577,Volatility 3 windows.dlllist from M57-Jean memory image
M57-Jean,EVT-M57-Jean-DLL-578,,,unknown,memory,dlllist,module,loaded,,,AVGIDSAgent.exe,,2028,,,msvcrt.dll,C:\\WINDOWS\\system32\\msvcrt.dll,,,,,,,,,,,M57-Jean-MEM-DLL-578,Volatility 3 windows.dlllist from M57-Jean memory image
M57-Jean,EVT-M57-Jean-DLL-579,,,unknown,memory,dlllist,module,loaded,,,AVGIDSAgent.exe,,2028,,,WS2HELP.dll,C:\\WINDOWS\\system32\\WS2HELP.dll,,,,,,,,,,,M57-Jean-MEM-DLL-579,Volatility 3 windows.dlllist from M57-Jean memory image
M57-Jean,EVT-M57-Jean-DLL-580,,,unknown,memory,dlllist,module,loaded,,,AVGIDSAgent.exe,,2028,,,PSAPI.DLL,C:\\WINDOWS\\system32\\PSAPI.DLL,,,,,,,,,,,M57-Jean-MEM-DLL-580,Volatility 3 windows.dlllist from M57-Jean memory image
M57-Jean,EVT-M57-Jean-DLL-581,,,unknown,memory,dlllist,module,loaded,,,AVGIDSAgent.exe,,2028,,,iphlpapi.dll,C:\\WINDOWS\\system32\\iphlpapi.dll,,,,,,,,,,,M57-Jean-MEM-DLL-581,Volatility 3 windows.dlllist from M57-Jean memory image
M57-Jean,EVT-M57-Jean-DLL-582,,,unknown,memory,dlllist,module,loaded,,,AVGIDSAgent.exe,,2028,,,USER32.dll,C:\\WINDOWS\\system32\\USER32.dll,,,,,,,,,,,M57-Jean-MEM-DLL-582,Volatility 3 windows.dlllist from M57-Jean memory image
M57-Jean,EVT-M57-Jean-DLL-583,,,unknown,memory,dlllist,module,loaded,,,AVGIDSAgent.exe,,2028,,,GDI32.dll,C:\\WINDOWS\\system32\\GDI32.dll,,,,,,,,,,,M57-Jean-MEM-DLL-583,Volatility 3 windows.dlllist from M57-Jean memory image
M57-Jean,EVT-M57-Jean-DLL-584,,,unknown,memory,dlllist,module,loaded,,,AVGIDSAgent.exe,,2028,,,WINMM.dll,C:\\WINDOWS\\system32\\WINMM.dll,,,,,,,,,,,M57-Jean-MEM-DLL-584,Volatility 3 windows.dlllist from M57-Jean memory image
M57-Jean,EVT-M57-Jean-DLL-585,,,unknown,memory,dlllist,module,loaded,,,AVGIDSAgent.exe,,2028,,,SHLWAPI.dll,C:\\WINDOWS\\system32\\SHLWAPI.dll,,,,,,,,,,,M57-Jean-MEM-DLL-585,Volatility 3 windows.dlllist from M57-Jean memory image
M57-Jean,EVT-M57-Jean-DLL-586,,,unknown,memory,dlllist,module,loaded,,,AVGIDSAgent.exe,,2028,,,VERSION.dll,C:\\WINDOWS\\system32\\VERSION.dll,,,,,,,,,,,M57-Jean-MEM-DLL-586,Volatility 3 windows.dlllist from M57-Jean memory image
M57-Jean,EVT-M57-Jean-DLL-587,,,unknown,memory,dlllist,module,loaded,,,AVGIDSAgent.exe,,2028,,,SHELL32.dll,C:\\WINDOWS\\system32\\SHELL32.dll,,,,,,,,,,,M57-Jean-MEM-DLL-587,Volatility 3 windows.dlllist from M57-Jean memory image
M57-Jean,EVT-M57-Jean-DLL-588,,,unknown,memory,dlllist,module,loaded,,,AVGIDSAgent.exe,,2028,,,ole32.dll,C:\\WINDOWS\\system32\\ole32.dll,,,,,,,,,,,M57-Jean-MEM-DLL-588,Volatility 3 windows.dlllist from M57-Jean memory image
M57-Jean,EVT-M57-Jean-DLL-589,,,unknown,memory,dlllist,module,loaded,,,AVGIDSAgent.exe,,2028,,,OLEAUT32.dll,C:\\WINDOWS\\system32\\OLEAUT32.dll,,,,,,,,,,,M57-Jean-MEM-DLL-589,Volatility 3 windows.dlllist from M57-Jean memory image
M57-Jean,EVT-M57-Jean-DLL-590,,,unknown,memory,dlllist,module,loaded,,,AVGIDSAgent.exe,,2028,,,MSVCR71.dll,C:\\Program Files\\AVG\\AVG9\\Identity Protection\\Agent\\Bin\\MSVCR71.dll,,,,,,,,,,,M57-Jean-MEM-DLL-590,Volatility 3 windows.dlllist from M57-Jean memory image
M57-Jean,EVT-M57-Jean-DLL-591,,,unknown,memory,dlllist,module,loaded,,,AVGIDSAgent.exe,,2028,,,MSVCP71.dll,C:\\Program Files\\AVG\\AVG9\\Identity Protection\\Agent\\Bin\\MSVCP71.dll,,,,,,,,,,,M57-Jean-MEM-DLL-591,Volatility 3 windows.dlllist from M57-Jean memory image
M57-Jean,EVT-M57-Jean-DLL-592,,,unknown,memory,dlllist,module,loaded,,,AVGIDSAgent.exe,,2028,,,boost_thread-vc71-mt-1_32.dll,C:\\Program Files\\AVG\\AVG9\\Identity Protection\\Agent\\Bin\\boost_thread-vc71-mt-1_32.dll,,,,,,,,,,,M57-Jean-MEM-DLL-592,Volatility 3 windows.dlllist from M57-Jean memory image
M57-Jean,EVT-M57-Jean-DLL-593,,,unknown,memory,dlllist,module,loaded,,,AVGIDSAgent.exe,,2028,,,boost_log-vc71-mt-1_32.dll,C:\\Program Files\\AVG\\AVG9\\Identity Protection\\Agent\\Bin\\boost_log-vc71-mt-1_32.dll,,,,,,,,,,,M57-Jean-MEM-DLL-593,Volatility 3 windows.dlllist from M57-Jean memory image
M57-Jean,EVT-M57-Jean-DLL-594,,,unknown,memory,dlllist,module,loaded,,,AVGIDSAgent.exe,,2028,,,IMM32.DLL,C:\\WINDOWS\\system32\\IMM32.DLL,,,,,,,,,,,M57-Jean-MEM-DLL-594,Volatility 3 windows.dlllist from M57-Jean memory image
M57-Jean,EVT-M57-Jean-DLL-595,,,unknown,memory,dlllist,module,loaded,,,AVGIDSAgent.exe,,2028,,,comctl32.dll,C:\\WINDOWS\\WinSxS\\x86_Microsoft.Windows.Common-Controls_6595b64144ccf1df_6.0.2600.5512_x-ww_35d4ce83\\comctl32.dll,,,,,,,,,,,M57-Jean-MEM-DLL-595,Volatility 3 windows.dlllist from M57-Jean memory image
M57-Jean,EVT-M57-Jean-DLL-596,,,unknown,memory,dlllist,module,loaded,,,AVGIDSAgent.exe,,2028,,,comctl32.dll,C:\\WINDOWS\\system32\\comctl32.dll,,,,,,,,,,,M57-Jean-MEM-DLL-596,Volatility 3 windows.dlllist from M57-Jean memory image
M57-Jean,EVT-M57-Jean-DLL-597,,,unknown,memory,dlllist,module,loaded,,,AVGIDSAgent.exe,,2028,,,uxtheme.dll,C:\\WINDOWS\\system32\\uxtheme.dll,,,,,,,,,,,M57-Jean-MEM-DLL-597,Volatility 3 windows.dlllist from M57-Jean memory image
M57-Jean,EVT-M57-Jean-DLL-598,,,unknown,memory,dlllist,module,loaded,,,AVGIDSAgent.exe,,2028,,,CLBCATQ.DLL,C:\\WINDOWS\\system32\\CLBCATQ.DLL,,,,,,,,,,,M57-Jean-MEM-DLL-598,Volatility 3 windows.dlllist from M57-Jean memory image
M57-Jean,EVT-M57-Jean-DLL-599,,,unknown,memory,dlllist,module,loaded,,,AVGIDSAgent.exe,,2028,,,COMRes.dll,C:\\WINDOWS\\system32\\COMRes.dll,,,,,,,,,,,M57-Jean-MEM-DLL-599,Volatility 3 windows.dlllist from M57-Jean memory image
M57-Jean,EVT-M57-Jean-DLL-600,,,unknown,memory,dlllist,module,loaded,,,AVGIDSAgent.exe,,2028,,,rsaenh.dll,C:\\WINDOWS\\system32\\rsaenh.dll,,,,,,,,,,,M57-Jean-MEM-DLL-600,Volatility 3 windows.dlllist from M57-Jean memory image
M57-Jean,EVT-M57-Jean-DLL-601,,,unknown,memory,dlllist,module,loaded,,,AVGIDSAgent.exe,,2028,,,LINKINFO.dll,C:\\WINDOWS\\system32\\LINKINFO.dll,,,,,,,,,,,M57-Jean-MEM-DLL-601,Volatility 3 windows.dlllist from M57-Jean memory image
M57-Jean,EVT-M57-Jean-DLL-602,,,unknown,memory,dlllist,module,loaded,,,AVGIDSAgent.exe,,2028,,,ntshrui.dll,C:\\WINDOWS\\system32\\ntshrui.dll,,,,,,,,,,,M57-Jean-MEM-DLL-602,Volatility 3 windows.dlllist from M57-Jean memory image
M57-Jean,EVT-M57-Jean-DLL-603,,,unknown,memory,dlllist,module,loaded,,,AVGIDSAgent.exe,,2028,,,ATL.DLL,C:\\WINDOWS\\system32\\ATL.DLL,,,,,,,,,,,M57-Jean-MEM-DLL-603,Volatility 3 windows.dlllist from M57-Jean memory image
M57-Jean,EVT-M57-Jean-DLL-604,,,unknown,memory,dlllist,module,loaded,,,AVGIDSAgent.exe,,2028,,,NETAPI32.dll,C:\\WINDOWS\\system32\\NETAPI32.dll,,,,,,,,,,,M57-Jean-MEM-DLL-604,Volatility 3 windows.dlllist from M57-Jean memory image
M57-Jean,EVT-M57-Jean-DLL-605,,,unknown,memory,dlllist,module,loaded,,,AVGIDSAgent.exe,,2028,,,USERENV.dll,C:\\WINDOWS\\system32\\USERENV.dll,,,,,,,,,,,M57-Jean-MEM-DLL-605,Volatility 3 windows.dlllist from M57-Jean memory image
M57-Jean,EVT-M57-Jean-DLL-606,,,unknown,memory,dlllist,module,loaded,,,AVGIDSAgent.exe,,2028,,,SETUPAPI.dll,C:\\WINDOWS\\system32\\SETUPAPI.dll,,,,,,,,,,,M57-Jean-MEM-DLL-606,Volatility 3 windows.dlllist from M57-Jean memory image
M57-Jean,EVT-M57-Jean-DLL-607,,,unknown,memory,dlllist,module,loaded,,,AVGIDSAgent.exe,,2028,,,appHelp.dll,C:\\WINDOWS\\system32\\appHelp.dll,,,,,,,,,,,M57-Jean-MEM-DLL-607,Volatility 3 windows.dlllist from M57-Jean memory image
M57-Jean,EVT-M57-Jean-DLL-608,,,unknown,memory,dlllist,module,loaded,,,AVGIDSAgent.exe,,2028,,,iertutil.dll,C:\\WINDOWS\\system32\\iertutil.dll,,,,,,,,,,,M57-Jean-MEM-DLL-608,Volatility 3 windows.dlllist from M57-Jean memory image
M57-Jean,EVT-M57-Jean-DLL-609,,,unknown,memory,dlllist,module,loaded,,,AVGIDSAgent.exe,,2028,,,urlmon.dll,C:\\WINDOWS\\system32\\urlmon.dll,,,,,,,,,,,M57-Jean-MEM-DLL-609,Volatility 3 windows.dlllist from M57-Jean memory image
M57-Jean,EVT-M57-Jean-DLL-610,,,unknown,memory,dlllist,module,loaded,,,AVGIDSAgent.exe,,2028,,,MLANG.dll,C:\\WINDOWS\\system32\\MLANG.dll,,,,,,,,,,,M57-Jean-MEM-DLL-610,Volatility 3 windows.dlllist from M57-Jean memory image
M57-Jean,EVT-M57-Jean-DLL-611,,,unknown,memory,dlllist,module,loaded,,,AVGIDSAgent.exe,,2028,,,mswsock.dll,C:\\WINDOWS\\System32\\mswsock.dll,,,,,,,,,,,M57-Jean-MEM-DLL-611,Volatility 3 windows.dlllist from M57-Jean memory image
M57-Jean,EVT-M57-Jean-DLL-612,,,unknown,memory,dlllist,module,loaded,,,AVGIDSAgent.exe,,2028,,,DNSAPI.dll,C:\\WINDOWS\\system32\\DNSAPI.dll,,,,,,,,,,,M57-Jean-MEM-DLL-612,Volatility 3 windows.dlllist from M57-Jean memory image
M57-Jean,EVT-M57-Jean-DLL-613,,,unknown,memory,dlllist,module,loaded,,,AVGIDSAgent.exe,,2028,,,Crypt32.dll,C:\\WINDOWS\\SYSTEM32\\Crypt32.dll,,,,,,,,,,,M57-Jean-MEM-DLL-613,Volatility 3 windows.dlllist from M57-Jean memory image
M57-Jean,EVT-M57-Jean-DLL-614,,,unknown,memory,dlllist,module,loaded,,,AVGIDSAgent.exe,,2028,,,MSASN1.dll,C:\\WINDOWS\\system32\\MSASN1.dll,,,,,,,,,,,M57-Jean-MEM-DLL-614,Volatility 3 windows.dlllist from M57-Jean memory image
M57-Jean,EVT-M57-Jean-DLL-615,,,unknown,memory,dlllist,module,loaded,,,AVGIDSAgent.exe,,2028,,,winrnr.dll,C:\\WINDOWS\\System32\\winrnr.dll,,,,,,,,,,,M57-Jean-MEM-DLL-615,Volatility 3 windows.dlllist from M57-Jean memory image
M57-Jean,EVT-M57-Jean-DLL-616,,,unknown,memory,dlllist,module,loaded,,,AVGIDSAgent.exe,,2028,,,WLDAP32.dll,C:\\WINDOWS\\system32\\WLDAP32.dll,,,,,,,,,,,M57-Jean-MEM-DLL-616,Volatility 3 windows.dlllist from M57-Jean memory image
M57-Jean,EVT-M57-Jean-DLL-617,,,unknown,memory,dlllist,module,loaded,,,AVGIDSAgent.exe,,2028,,,WINTRUST.DLL,C:\\WINDOWS\\system32\\WINTRUST.DLL,,,,,,,,,,,M57-Jean-MEM-DLL-617,Volatility 3 windows.dlllist from M57-Jean memory image
M57-Jean,EVT-M57-Jean-DLL-618,,,unknown,memory,dlllist,module,loaded,,,AVGIDSAgent.exe,,2028,,,IMAGEHLP.dll,C:\\WINDOWS\\system32\\IMAGEHLP.dll,,,,,,,,,,,M57-Jean-MEM-DLL-618,Volatility 3 windows.dlllist from M57-Jean memory image
M57-Jean,EVT-M57-Jean-DLL-619,,,unknown,memory,dlllist,module,loaded,,,AVGIDSAgent.exe,,2028,,,rasadhlp.dll,C:\\WINDOWS\\system32\\rasadhlp.dll,,,,,,,,,,,M57-Jean-MEM-DLL-619,Volatility 3 windows.dlllist from M57-Jean memory image
M57-Jean,EVT-M57-Jean-DLL-620,,,unknown,memory,dlllist,module,loaded,,,AVGIDSAgent.exe,,2028,,,xpsp2res.dll,C:\\WINDOWS\\system32\\xpsp2res.dll,,,,,,,,,,,M57-Jean-MEM-DLL-620,Volatility 3 windows.dlllist from M57-Jean memory image
M57-Jean,EVT-M57-Jean-DLL-621,,,unknown,memory,dlllist,module,loaded,,,AVGIDSAgent.exe,,2028,,,hnetcfg.dll,C:\\WINDOWS\\system32\\hnetcfg.dll,,,,,,,,,,,M57-Jean-MEM-DLL-621,Volatility 3 windows.dlllist from M57-Jean memory image
M57-Jean,EVT-M57-Jean-DLL-622,,,unknown,memory,dlllist,module,loaded,,,AVGIDSAgent.exe,,2028,,,wshtcpip.dll,C:\\WINDOWS\\System32\\wshtcpip.dll,,,,,,,,,,,M57-Jean-MEM-DLL-622,Volatility 3 windows.dlllist from M57-Jean memory image
M57-Jean,EVT-M57-Jean-DLL-623,,,unknown,memory,dlllist,module,loaded,,,AVGIDSAgent.exe,,2028,,,Sfc.dll,C:\\WINDOWS\\SYSTEM32\\Sfc.dll,,,,,,,,,,,M57-Jean-MEM-DLL-623,Volatility 3 windows.dlllist from M57-Jean memory image
M57-Jean,EVT-M57-Jean-DLL-624,,,unknown,memory,dlllist,module,loaded,,,AVGIDSAgent.exe,,2028,,,sfc_os.dll,C:\\WINDOWS\\system32\\sfc_os.dll,,,,,,,,,,,M57-Jean-MEM-DLL-624,Volatility 3 windows.dlllist from M57-Jean memory image
M57-Jean,EVT-M57-Jean-DLL-625,,,unknown,memory,dlllist,module,loaded,,,AVGIDSAgent.exe,,2028,,,cryptnet.dll,C:\\WINDOWS\\system32\\cryptnet.dll,,,,,,,,,,,M57-Jean-MEM-DLL-625,Volatility 3 windows.dlllist from M57-Jean memory image
M57-Jean,EVT-M57-Jean-DLL-626,,,unknown,memory,dlllist,module,loaded,,,AVGIDSAgent.exe,,2028,,,SensApi.dll,C:\\WINDOWS\\system32\\SensApi.dll,,,,,,,,,,,M57-Jean-MEM-DLL-626,Volatility 3 windows.dlllist from M57-Jean memory image
M57-Jean,EVT-M57-Jean-DLL-627,,,unknown,memory,dlllist,module,loaded,,,AVGIDSAgent.exe,,2028,,,WINHTTP.dll,C:\\WINDOWS\\system32\\WINHTTP.dll,,,,,,,,,,,M57-Jean-MEM-DLL-627,Volatility 3 windows.dlllist from M57-Jean memory image
M57-Jean,EVT-M57-Jean-DLL-628,,,unknown,memory,dlllist,module,loaded,,,AVGIDSAgent.exe,,2028,,,Cabinet.dll,C:\\WINDOWS\\system32\\Cabinet.dll,,,,,,,,,,,M57-Jean-MEM-DLL-628,Volatility 3 windows.dlllist from M57-Jean memory image
M57-Jean,EVT-M57-Jean-DLL-629,,,unknown,memory,dlllist,module,loaded,,,svchost.exe,,1572,,,,,,,,,,,,,,,M57-Jean-MEM-DLL-629,Volatility 3 windows.dlllist from M57-Jean memory image
M57-Jean,EVT-M57-Jean-DLL-630,,,unknown,memory,dlllist,module,loaded,,,svchost.exe,,1572,,,,,,,,,,,,,,,M57-Jean-MEM-DLL-630,Volatility 3 windows.dlllist from M57-Jean memory image
M57-Jean,EVT-M57-Jean-DLL-631,,,unknown,memory,dlllist,module,loaded,,,svchost.exe,,1572,,,kernel32.dll,C:\\WINDOWS\\system32\\kernel32.dll,,,,,,,,,,,M57-Jean-MEM-DLL-631,Volatility 3 windows.dlllist from M57-Jean memory image
M57-Jean,EVT-M57-Jean-DLL-632,,,unknown,memory,dlllist,module,loaded,,,svchost.exe,,1572,,,ADVAPI32.dll,C:\\WINDOWS\\system32\\ADVAPI32.dll,,,,,,,,,,,M57-Jean-MEM-DLL-632,Volatility 3 windows.dlllist from M57-Jean memory image
M57-Jean,EVT-M57-Jean-DLL-633,,,unknown,memory,dlllist,module,loaded,,,svchost.exe,,1572,,,RPCRT4.dll,C:\\WINDOWS\\system32\\RPCRT4.dll,,,,,,,,,,,M57-Jean-MEM-DLL-633,Volatility 3 windows.dlllist from M57-Jean memory image
M57-Jean,EVT-M57-Jean-DLL-634,,,unknown,memory,dlllist,module,loaded,,,svchost.exe,,1572,,,Secur32.dll,C:\\WINDOWS\\system32\\Secur32.dll,,,,,,,,,,,M57-Jean-MEM-DLL-634,Volatility 3 windows.dlllist from M57-Jean memory image
M57-Jean,EVT-M57-Jean-DLL-635,,,unknown,memory,dlllist,module,loaded,,,svchost.exe,,1572,,,ShimEng.dll,C:\\WINDOWS\\system32\\ShimEng.dll,,,,,,,,,,,M57-Jean-MEM-DLL-635,Volatility 3 windows.dlllist from M57-Jean memory image
M57-Jean,EVT-M57-Jean-DLL-636,,,unknown,memory,dlllist,module,loaded,,,svchost.exe,,1572,,,AcGenral.DLL,C:\\WINDOWS\\AppPatch\\AcGenral.DLL,,,,,,,,,,,M57-Jean-MEM-DLL-636,Volatility 3 windows.dlllist from M57-Jean memory image
M57-Jean,EVT-M57-Jean-DLL-637,,,unknown,memory,dlllist,module,loaded,,,svchost.exe,,1572,,,USER32.dll,C:\\WINDOWS\\system32\\USER32.dll,,,,,,,,,,,M57-Jean-MEM-DLL-637,Volatility 3 windows.dlllist from M57-Jean memory image
M57-Jean,EVT-M57-Jean-DLL-638,,,unknown,memory,dlllist,module,loaded,,,svchost.exe,,1572,,,GDI32.dll,C:\\WINDOWS\\system32\\GDI32.dll,,,,,,,,,,,M57-Jean-MEM-DLL-638,Volatility 3 windows.dlllist from M57-Jean memory image
M57-Jean,EVT-M57-Jean-DLL-639,,,unknown,memory,dlllist,module,loaded,,,svchost.exe,,1572,,,WINMM.dll,C:\\WINDOWS\\system32\\WINMM.dll,,,,,,,,,,,M57-Jean-MEM-DLL-639,Volatility 3 windows.dlllist from M57-Jean memory image
M57-Jean,EVT-M57-Jean-DLL-640,,,unknown,memory,dlllist,module,loaded,,,svchost.exe,,1572,,,ole32.dll,C:\\WINDOWS\\system32\\ole32.dll,,,,,,,,,,,M57-Jean-MEM-DLL-640,Volatility 3 windows.dlllist from M57-Jean memory image
M57-Jean,EVT-M57-Jean-DLL-641,,,unknown,memory,dlllist,module,loaded,,,svchost.exe,,1572,,,msvcrt.dll,C:\\WINDOWS\\system32\\msvcrt.dll,,,,,,,,,,,M57-Jean-MEM-DLL-641,Volatility 3 windows.dlllist from M57-Jean memory image
M57-Jean,EVT-M57-Jean-DLL-642,,,unknown,memory,dlllist,module,loaded,,,svchost.exe,,1572,,,OLEAUT32.dll,C:\\WINDOWS\\system32\\OLEAUT32.dll,,,,,,,,,,,M57-Jean-MEM-DLL-642,Volatility 3 windows.dlllist from M57-Jean memory image
M57-Jean,EVT-M57-Jean-DLL-643,,,unknown,memory,dlllist,module,loaded,,,svchost.exe,,1572,,,MSACM32.dll,C:\\WINDOWS\\system32\\MSACM32.dll,,,,,,,,,,,M57-Jean-MEM-DLL-643,Volatility 3 windows.dlllist from M57-Jean memory image
M57-Jean,EVT-M57-Jean-DLL-644,,,unknown,memory,dlllist,module,loaded,,,svchost.exe,,1572,,,VERSION.dll,C:\\WINDOWS\\system32\\VERSION.dll,,,,,,,,,,,M57-Jean-MEM-DLL-644,Volatility 3 windows.dlllist from M57-Jean memory image
M57-Jean,EVT-M57-Jean-DLL-645,,,unknown,memory,dlllist,module,loaded,,,svchost.exe,,1572,,,SHELL32.dll,C:\\WINDOWS\\system32\\SHELL32.dll,,,,,,,,,,,M57-Jean-MEM-DLL-645,Volatility 3 windows.dlllist from M57-Jean memory image
M57-Jean,EVT-M57-Jean-DLL-646,,,unknown,memory,dlllist,module,loaded,,,svchost.exe,,1572,,,SHLWAPI.dll,C:\\WINDOWS\\system32\\SHLWAPI.dll,,,,,,,,,,,M57-Jean-MEM-DLL-646,Volatility 3 windows.dlllist from M57-Jean memory image
M57-Jean,EVT-M57-Jean-DLL-647,,,unknown,memory,dlllist,module,loaded,,,svchost.exe,,1572,,,USERENV.dll,C:\\WINDOWS\\system32\\USERENV.dll,,,,,,,,,,,M57-Jean-MEM-DLL-647,Volatility 3 windows.dlllist from M57-Jean memory image
M57-Jean,EVT-M57-Jean-DLL-648,,,unknown,memory,dlllist,module,loaded,,,svchost.exe,,1572,,,UxTheme.dll,C:\\WINDOWS\\system32\\UxTheme.dll,,,,,,,,,,,M57-Jean-MEM-DLL-648,Volatility 3 windows.dlllist from M57-Jean memory image
M57-Jean,EVT-M57-Jean-DLL-649,,,unknown,memory,dlllist,module,loaded,,,svchost.exe,,1572,,,IMM32.DLL,C:\\WINDOWS\\system32\\IMM32.DLL,,,,,,,,,,,M57-Jean-MEM-DLL-649,Volatility 3 windows.dlllist from M57-Jean memory image
M57-Jean,EVT-M57-Jean-DLL-650,,,unknown,memory,dlllist,module,loaded,,,svchost.exe,,1572,,,comctl32.dll,C:\\WINDOWS\\WinSxS\\x86_Microsoft.Windows.Common-Controls_6595b64144ccf1df_6.0.2600.5512_x-ww_35d4ce83\\comctl32.dll,,,,,,,,,,,M57-Jean-MEM-DLL-650,Volatility 3 windows.dlllist from M57-Jean memory image
M57-Jean,EVT-M57-Jean-DLL-651,,,unknown,memory,dlllist,module,loaded,,,svchost.exe,,1572,,,comctl32.dll,C:\\WINDOWS\\system32\\comctl32.dll,,,,,,,,,,,M57-Jean-MEM-DLL-651,Volatility 3 windows.dlllist from M57-Jean memory image
M57-Jean,EVT-M57-Jean-DLL-652,,,unknown,memory,dlllist,module,loaded,,,svchost.exe,,1572,,,NTMARTA.DLL,C:\\WINDOWS\\system32\\NTMARTA.DLL,,,,,,,,,,,M57-Jean-MEM-DLL-652,Volatility 3 windows.dlllist from M57-Jean memory image
M57-Jean,EVT-M57-Jean-DLL-653,,,unknown,memory,dlllist,module,loaded,,,svchost.exe,,1572,,,SAMLIB.dll,C:\\WINDOWS\\system32\\SAMLIB.dll,,,,,,,,,,,M57-Jean-MEM-DLL-653,Volatility 3 windows.dlllist from M57-Jean memory image
M57-Jean,EVT-M57-Jean-DLL-654,,,unknown,memory,dlllist,module,loaded,,,svchost.exe,,1572,,,WLDAP32.dll,C:\\WINDOWS\\system32\\WLDAP32.dll,,,,,,,,,,,M57-Jean-MEM-DLL-654,Volatility 3 windows.dlllist from M57-Jean memory image
M57-Jean,EVT-M57-Jean-DLL-655,,,unknown,memory,dlllist,module,loaded,,,svchost.exe,,1572,,,xpsp2res.dll,C:\\WINDOWS\\system32\\xpsp2res.dll,,,,,,,,,,,M57-Jean-MEM-DLL-655,Volatility 3 windows.dlllist from M57-Jean memory image
M57-Jean,EVT-M57-Jean-DLL-656,,,unknown,memory,dlllist,module,loaded,,,svchost.exe,,1572,,,webclnt.dll,c:\\windows\\system32\\webclnt.dll,,,,,,,,,,,M57-Jean-MEM-DLL-656,Volatility 3 windows.dlllist from M57-Jean memory image
M57-Jean,EVT-M57-Jean-DLL-657,,,unknown,memory,dlllist,module,loaded,,,svchost.exe,,1572,,,WININET.dll,C:\\WINDOWS\\system32\\WININET.dll,,,,,,,,,,,M57-Jean-MEM-DLL-657,Volatility 3 windows.dlllist from M57-Jean memory image
M57-Jean,EVT-M57-Jean-DLL-658,,,unknown,memory,dlllist,module,loaded,,,svchost.exe,,1572,,,Normaliz.dll,C:\\WINDOWS\\system32\\Normaliz.dll,,,,,,,,,,,M57-Jean-MEM-DLL-658,Volatility 3 windows.dlllist from M57-Jean memory image
M57-Jean,EVT-M57-Jean-DLL-659,,,unknown,memory,dlllist,module,loaded,,,svchost.exe,,1572,,,urlmon.dll,C:\\WINDOWS\\system32\\urlmon.dll,,,,,,,,,,,M57-Jean-MEM-DLL-659,Volatility 3 windows.dlllist from M57-Jean memory image
M57-Jean,EVT-M57-Jean-DLL-660,,,unknown,memory,dlllist,module,loaded,,,svchost.exe,,1572,,,iertutil.dll,C:\\WINDOWS\\system32\\iertutil.dll,,,,,,,,,,,M57-Jean-MEM-DLL-660,Volatility 3 windows.dlllist from M57-Jean memory image
M57-Jean,EVT-M57-Jean-DLL-661,,,unknown,memory,dlllist,module,loaded,,,svchost.exe,,1572,,,WS2_32.dll,c:\\windows\\system32\\WS2_32.dll,,,,,,,,,,,M57-Jean-MEM-DLL-661,Volatility 3 windows.dlllist from M57-Jean memory image
M57-Jean,EVT-M57-Jean-DLL-662,,,unknown,memory,dlllist,module,loaded,,,svchost.exe,,1572,,,WS2HELP.dll,c:\\windows\\system32\\WS2HELP.dll,,,,,,,,,,,M57-Jean-MEM-DLL-662,Volatility 3 windows.dlllist from M57-Jean memory image
M57-Jean,EVT-M57-Jean-DLL-663,,,unknown,memory,dlllist,module,loaded,,,avgwdsvc.exe,,1664,,,avgwdsvc.exe,C:\\Program Files\\AVG\\AVG9\\avgwdsvc.exe,,,,,,,,,,,M57-Jean-MEM-DLL-663,Volatility 3 windows.dlllist from M57-Jean memory image
M57-Jean,EVT-M57-Jean-DLL-664,,,unknown,memory,dlllist,module,loaded,,,avgwdsvc.exe,,1664,,,,,,,,,,,,,,,M57-Jean-MEM-DLL-664,Volatility 3 windows.dlllist from M57-Jean memory image
M57-Jean,EVT-M57-Jean-DLL-665,,,unknown,memory,dlllist,module,loaded,,,avgwdsvc.exe,,1664,,,kernel32.dll,C:\\WINDOWS\\system32\\kernel32.dll,,,,,,,,,,,M57-Jean-MEM-DLL-665,Volatility 3 windows.dlllist from M57-Jean memory image
M57-Jean,EVT-M57-Jean-DLL-666,,,unknown,memory,dlllist,module,loaded,,,avgwdsvc.exe,,1664,,,ADVAPI32.dll,C:\\WINDOWS\\system32\\ADVAPI32.dll,,,,,,,,,,,M57-Jean-MEM-DLL-666,Volatility 3 windows.dlllist from M57-Jean memory image
M57-Jean,EVT-M57-Jean-DLL-667,,,unknown,memory,dlllist,module,loaded,,,avgwdsvc.exe,,1664,,,RPCRT4.dll,C:\\WINDOWS\\system32\\RPCRT4.dll,,,,,,,,,,,M57-Jean-MEM-DLL-667,Volatility 3 windows.dlllist from M57-Jean memory image
M57-Jean,EVT-M57-Jean-DLL-668,,,unknown,memory,dlllist,module,loaded,,,avgwdsvc.exe,,1664,,,Secur32.dll,C:\\WINDOWS\\system32\\Secur32.dll,,,,,,,,,,,M57-Jean-MEM-DLL-668,Volatility 3 windows.dlllist from M57-Jean memory image
M57-Jean,EVT-M57-Jean-DLL-669,,,unknown,memory,dlllist,module,loaded,,,avgwdsvc.exe,,1664,,,MSVCR80.dll,C:\\WINDOWS\\WinSxS\\x86_Microsoft.VC80.CRT_1fc8b3b9a1e18e3b_8.0.50727.4053_x-ww_e6967989\\MSVCR80.dll,,,,,,,,,,,M57-Jean-MEM-DLL-669,Volatility 3 windows.dlllist from M57-Jean memory image
M57-Jean,EVT-M57-Jean-DLL-670,,,unknown,memory,dlllist,module,loaded,,,avgwdsvc.exe,,1664,,,msvcrt.dll,C:\\WINDOWS\\system32\\msvcrt.dll,,,,,,,,,,,M57-Jean-MEM-DLL-670,Volatility 3 windows.dlllist from M57-Jean memory image
M57-Jean,EVT-M57-Jean-DLL-671,,,unknown,memory,dlllist,module,loaded,,,avgwdsvc.exe,,1664,,,USER32.dll,C:\\WINDOWS\\system32\\USER32.dll,,,,,,,,,,,M57-Jean-MEM-DLL-671,Volatility 3 windows.dlllist from M57-Jean memory image
M57-Jean,EVT-M57-Jean-DLL-672,,,unknown,memory,dlllist,module,loaded,,,avgwdsvc.exe,,1664,,,GDI32.dll,C:\\WINDOWS\\system32\\GDI32.dll,,,,,,,,,,,M57-Jean-MEM-DLL-672,Volatility 3 windows.dlllist from M57-Jean memory image
M57-Jean,EVT-M57-Jean-DLL-673,,,unknown,memory,dlllist,module,loaded,,,avgwdsvc.exe,,1664,,,IMM32.DLL,C:\\WINDOWS\\system32\\IMM32.DLL,,,,,,,,,,,M57-Jean-MEM-DLL-673,Volatility 3 windows.dlllist from M57-Jean memory image
M57-Jean,EVT-M57-Jean-DLL-674,,,unknown,memory,dlllist,module,loaded,,,avgwdsvc.exe,,1664,,,avglogx.dll,C:\\Program Files\\AVG\\AVG9\\avglogx.dll,,,,,,,,,,,M57-Jean-MEM-DLL-674,Volatility 3 windows.dlllist from M57-Jean memory image
M57-Jean,EVT-M57-Jean-DLL-675,,,unknown,memory,dlllist,module,loaded,,,avgwdsvc.exe,,1664,,,avgwd.dll,C:\\Program Files\\AVG\\AVG9\\avgwd.dll,,,,,,,,,,,M57-Jean-MEM-DLL-675,Volatility 3 windows.dlllist from M57-Jean memory image
M57-Jean,EVT-M57-Jean-DLL-676,,,unknown,memory,dlllist,module,loaded,,,avgwdsvc.exe,,1664,,,ole32.dll,C:\\WINDOWS\\system32\\ole32.dll,,,,,,,,,,,M57-Jean-MEM-DLL-676,Volatility 3 windows.dlllist from M57-Jean memory image
M57-Jean,EVT-M57-Jean-DLL-677,,,unknown,memory,dlllist,module,loaded,,,avgwdsvc.exe,,1664,,,OLEAUT32.dll,C:\\WINDOWS\\system32\\OLEAUT32.dll,,,,,,,,,,,M57-Jean-MEM-DLL-677,Volatility 3 windows.dlllist from M57-Jean memory image
M57-Jean,EVT-M57-Jean-DLL-678,,,unknown,memory,dlllist,module,loaded,,,avgwdsvc.exe,,1664,,,avgcfgx.dll,C:\\Program Files\\AVG\\AVG9\\avgcfgx.dll,,,,,,,,,,,M57-Jean-MEM-DLL-678,Volatility 3 windows.dlllist from M57-Jean memory image
M57-Jean,EVT-M57-Jean-DLL-679,,,unknown,memory,dlllist,module,loaded,,,avgwdsvc.exe,,1664,,,VERSION.dll,C:\\WINDOWS\\system32\\VERSION.dll,,,,,,,,,,,M57-Jean-MEM-DLL-679,Volatility 3 windows.dlllist from M57-Jean memory image
M57-Jean,EVT-M57-Jean-DLL-680,,,unknown,memory,dlllist,module,loaded,,,avgwdsvc.exe,,1664,,,SHELL32.dll,C:\\WINDOWS\\system32\\SHELL32.dll,,,,,,,,,,,M57-Jean-MEM-DLL-680,Volatility 3 windows.dlllist from M57-Jean memory image
M57-Jean,EVT-M57-Jean-DLL-681,,,unknown,memory,dlllist,module,loaded,,,avgwdsvc.exe,,1664,,,SHLWAPI.dll,C:\\WINDOWS\\system32\\SHLWAPI.dll,,,,,,,,,,,M57-Jean-MEM-DLL-681,Volatility 3 windows.dlllist from M57-Jean memory image
M57-Jean,EVT-M57-Jean-DLL-682,,,unknown,memory,dlllist,module,loaded,,,avgwdsvc.exe,,1664,,,comctl32.dll,C:\\WINDOWS\\WinSxS\\x86_Microsoft.Windows.Common-Controls_6595b64144ccf1df_6.0.2600.5512_x-ww_35d4ce83\\comctl32.dll,,,,,,,,,,,M57-Jean-MEM-DLL-682,Volatility 3 windows.dlllist from M57-Jean memory image
M57-Jean,EVT-M57-Jean-DLL-683,,,unknown,memory,dlllist,module,loaded,,,avgwdsvc.exe,,1664,,,comctl32.dll,C:\\WINDOWS\\system32\\comctl32.dll,,,,,,,,,,,M57-Jean-MEM-DLL-683,Volatility 3 windows.dlllist from M57-Jean memory image
M57-Jean,EVT-M57-Jean-DLL-684,,,unknown,memory,dlllist,module,loaded,,,avgwdsvc.exe,,1664,,,avgidpsdkx.dll,C:\\Program Files\\AVG\\AVG9\\avgidpsdkx.dll,,,,,,,,,,,M57-Jean-MEM-DLL-684,Volatility 3 windows.dlllist from M57-Jean memory image
M57-Jean,EVT-M57-Jean-DLL-685,,,unknown,memory,dlllist,module,loaded,,,avgwdsvc.exe,,1664,,,PSAPI.DLL,C:\\WINDOWS\\system32\\PSAPI.DLL,,,,,,,,,,,M57-Jean-MEM-DLL-685,Volatility 3 windows.dlllist from M57-Jean memory image
M57-Jean,EVT-M57-Jean-DLL-686,,,unknown,memory,dlllist,module,loaded,,,avgwdsvc.exe,,1664,,,MSVCP80.dll,C:\\WINDOWS\\WinSxS\\x86_Microsoft.VC80.CRT_1fc8b3b9a1e18e3b_8.0.50727.4053_x-ww_e6967989\\MSVCP80.dll,,,,,,,,,,,M57-Jean-MEM-DLL-686,Volatility 3 windows.dlllist from M57-Jean memory image
M57-Jean,EVT-M57-Jean-DLL-687,,,unknown,memory,dlllist,module,loaded,,,avgwdsvc.exe,,1664,,,avgaspmx.dll,C:\\Program Files\\AVG\\AVG9\\avgaspmx.dll,,,,,,,,,,,M57-Jean-MEM-DLL-687,Volatility 3 windows.dlllist from M57-Jean memory image
M57-Jean,EVT-M57-Jean-DLL-688,,,unknown,memory,dlllist,module,loaded,,,avgwdsvc.exe,,1664,,,WS2_32.dll,C:\\WINDOWS\\system32\\WS2_32.dll,,,,,,,,,,,M57-Jean-MEM-DLL-688,Volatility 3 windows.dlllist from M57-Jean memory image
M57-Jean,EVT-M57-Jean-DLL-689,,,unknown,memory,dlllist,module,loaded,,,avgwdsvc.exe,,1664,,,WS2HELP.dll,C:\\WINDOWS\\system32\\WS2HELP.dll,,,,,,,,,,,M57-Jean-MEM-DLL-689,Volatility 3 windows.dlllist from M57-Jean memory image
M57-Jean,EVT-M57-Jean-DLL-690,,,unknown,memory,dlllist,module,loaded,,,avgwdsvc.exe,,1664,,,avgsched.dll,C:\\Program Files\\AVG\\AVG9\\avgsched.dll,,,,,,,,,,,M57-Jean-MEM-DLL-690,Volatility 3 windows.dlllist from M57-Jean memory image
M57-Jean,EVT-M57-Jean-DLL-691,,,unknown,memory,dlllist,module,loaded,,,avgwdsvc.exe,,1664,,,SensAPI.DLL,C:\\WINDOWS\\system32\\SensAPI.DLL,,,,,,,,,,,M57-Jean-MEM-DLL-691,Volatility 3 windows.dlllist from M57-Jean memory image
M57-Jean,EVT-M57-Jean-DLL-692,,,unknown,memory,dlllist,module,loaded,,,avgwdsvc.exe,,1664,,,avgwdwsc.dll,C:\\Program Files\\AVG\\AVG9\\avgwdwsc.dll,,,,,,,,,,,M57-Jean-MEM-DLL-692,Volatility 3 windows.dlllist from M57-Jean memory image
M57-Jean,EVT-M57-Jean-DLL-693,,,unknown,memory,dlllist,module,loaded,,,avgwdsvc.exe,,1664,,,avglngx.dll,C:\\Program Files\\AVG\\AVG9\\avglngx.dll,,,,,,,,,,,M57-Jean-MEM-DLL-693,Volatility 3 windows.dlllist from M57-Jean memory image
M57-Jean,EVT-M57-Jean-DLL-694,,,unknown,memory,dlllist,module,loaded,,,avgwdsvc.exe,,1664,,,uxtheme.dll,C:\\WINDOWS\\system32\\uxtheme.dll,,,,,,,,,,,M57-Jean-MEM-DLL-694,Volatility 3 windows.dlllist from M57-Jean memory image
M57-Jean,EVT-M57-Jean-DLL-695,,,unknown,memory,dlllist,module,loaded,,,avgwdsvc.exe,,1664,,,CLBCATQ.DLL,C:\\WINDOWS\\system32\\CLBCATQ.DLL,,,,,,,,,,,M57-Jean-MEM-DLL-695,Volatility 3 windows.dlllist from M57-Jean memory image
M57-Jean,EVT-M57-Jean-DLL-696,,,unknown,memory,dlllist,module,loaded,,,avgwdsvc.exe,,1664,,,COMRes.dll,C:\\WINDOWS\\system32\\COMRes.dll,,,,,,,,,,,M57-Jean-MEM-DLL-696,Volatility 3 windows.dlllist from M57-Jean memory image
M57-Jean,EVT-M57-Jean-DLL-697,,,unknown,memory,dlllist,module,loaded,,,avgwdsvc.exe,,1664,,,wbemprox.dll,C:\\WINDOWS\\system32\\wbem\\wbemprox.dll,,,,,,,,,,,M57-Jean-MEM-DLL-697,Volatility 3 windows.dlllist from M57-Jean memory image
M57-Jean,EVT-M57-Jean-DLL-698,,,unknown,memory,dlllist,module,loaded,,,avgwdsvc.exe,,1664,,,wbemcomn.dll,C:\\WINDOWS\\system32\\wbem\\wbemcomn.dll,,,,,,,,,,,M57-Jean-MEM-DLL-698,Volatility 3 windows.dlllist from M57-Jean memory image
M57-Jean,EVT-M57-Jean-DLL-699,,,unknown,memory,dlllist,module,loaded,,,avgwdsvc.exe,,1664,,,xpsp2res.dll,C:\\WINDOWS\\system32\\xpsp2res.dll,,,,,,,,,,,M57-Jean-MEM-DLL-699,Volatility 3 windows.dlllist from M57-Jean memory image
M57-Jean,EVT-M57-Jean-DLL-700,,,unknown,memory,dlllist,module,loaded,,,avgwdsvc.exe,,1664,,,wbemsvc.dll,C:\\WINDOWS\\system32\\wbem\\wbemsvc.dll,,,,,,,,,,,M57-Jean-MEM-DLL-700,Volatility 3 windows.dlllist from M57-Jean memory image
M57-Jean,EVT-M57-Jean-DLL-701,,,unknown,memory,dlllist,module,loaded,,,avgwdsvc.exe,,1664,,,fastprox.dll,C:\\WINDOWS\\system32\\wbem\\fastprox.dll,,,,,,,,,,,M57-Jean-MEM-DLL-701,Volatility 3 windows.dlllist from M57-Jean memory image
M57-Jean,EVT-M57-Jean-DLL-702,,,unknown,memory,dlllist,module,loaded,,,avgwdsvc.exe,,1664,,,MSVCP60.dll,C:\\WINDOWS\\system32\\MSVCP60.dll,,,,,,,,,,,M57-Jean-MEM-DLL-702,Volatility 3 windows.dlllist from M57-Jean memory image
M57-Jean,EVT-M57-Jean-DLL-703,,,unknown,memory,dlllist,module,loaded,,,avgwdsvc.exe,,1664,,,NTDSAPI.dll,C:\\WINDOWS\\system32\\NTDSAPI.dll,,,,,,,,,,,M57-Jean-MEM-DLL-703,Volatility 3 windows.dlllist from M57-Jean memory image
M57-Jean,EVT-M57-Jean-DLL-704,,,unknown,memory,dlllist,module,loaded,,,avgwdsvc.exe,,1664,,,DNSAPI.dll,C:\\WINDOWS\\system32\\DNSAPI.dll,,,,,,,,,,,M57-Jean-MEM-DLL-704,Volatility 3 windows.dlllist from M57-Jean memory image
M57-Jean,EVT-M57-Jean-DLL-705,,,unknown,memory,dlllist,module,loaded,,,avgwdsvc.exe,,1664,,,NETAPI32.dll,C:\\WINDOWS\\system32\\NETAPI32.dll,,,,,,,,,,,M57-Jean-MEM-DLL-705,Volatility 3 windows.dlllist from M57-Jean memory image
M57-Jean,EVT-M57-Jean-DLL-706,,,unknown,memory,dlllist,module,loaded,,,avgwdsvc.exe,,1664,,,WLDAP32.dll,C:\\WINDOWS\\system32\\WLDAP32.dll,,,,,,,,,,,M57-Jean-MEM-DLL-706,Volatility 3 windows.dlllist from M57-Jean memory image
M57-Jean,EVT-M57-Jean-DLL-707,,,unknown,memory,dlllist,module,loaded,,,avgwdsvc.exe,,1664,,,mswsock.dll,C:\\WINDOWS\\System32\\mswsock.dll,,,,,,,,,,,M57-Jean-MEM-DLL-707,Volatility 3 windows.dlllist from M57-Jean memory image
M57-Jean,EVT-M57-Jean-DLL-708,,,unknown,memory,dlllist,module,loaded,,,avgwdsvc.exe,,1664,,,winrnr.dll,C:\\WINDOWS\\System32\\winrnr.dll,,,,,,,,,,,M57-Jean-MEM-DLL-708,Volatility 3 windows.dlllist from M57-Jean memory image
M57-Jean,EVT-M57-Jean-DLL-709,,,unknown,memory,dlllist,module,loaded,,,avgwdsvc.exe,,1664,,,hnetcfg.dll,C:\\WINDOWS\\system32\\hnetcfg.dll,,,,,,,,,,,M57-Jean-MEM-DLL-709,Volatility 3 windows.dlllist from M57-Jean memory image
M57-Jean,EVT-M57-Jean-DLL-710,,,unknown,memory,dlllist,module,loaded,,,avgwdsvc.exe,,1664,,,wshtcpip.dll,C:\\WINDOWS\\System32\\wshtcpip.dll,,,,,,,,,,,M57-Jean-MEM-DLL-710,Volatility 3 windows.dlllist from M57-Jean memory image
M57-Jean,EVT-M57-Jean-DLL-711,,,unknown,memory,dlllist,module,loaded,,,avgfws9.exe,,1796,,,avgfws9.exe,C:\\Program Files\\AVG\\AVG9\\avgfws9.exe,,,,,,,,,,,M57-Jean-MEM-DLL-711,Volatility 3 windows.dlllist from M57-Jean memory image
M57-Jean,EVT-M57-Jean-DLL-712,,,unknown,memory,dlllist,module,loaded,,,avgfws9.exe,,1796,,,ntdll.dll,C:\\WINDOWS\\system32\\ntdll.dll,,,,,,,,,,,M57-Jean-MEM-DLL-712,Volatility 3 windows.dlllist from M57-Jean memory image
M57-Jean,EVT-M57-Jean-DLL-713,,,unknown,memory,dlllist,module,loaded,,,avgfws9.exe,,1796,,,kernel32.dll,C:\\WINDOWS\\system32\\kernel32.dll,,,,,,,,,,,M57-Jean-MEM-DLL-713,Volatility 3 windows.dlllist from M57-Jean memory image
M57-Jean,EVT-M57-Jean-DLL-714,,,unknown,memory,dlllist,module,loaded,,,avgfws9.exe,,1796,,,ADVAPI32.dll,C:\\WINDOWS\\system32\\ADVAPI32.dll,,,,,,,,,,,M57-Jean-MEM-DLL-714,Volatility 3 windows.dlllist from M57-Jean memory image
M57-Jean,EVT-M57-Jean-DLL-715,,,unknown,memory,dlllist,module,loaded,,,avgfws9.exe,,1796,,,RPCRT4.dll,C:\\WINDOWS\\system32\\RPCRT4.dll,,,,,,,,,,,M57-Jean-MEM-DLL-715,Volatility 3 windows.dlllist from M57-Jean memory image
M57-Jean,EVT-M57-Jean-DLL-716,,,unknown,memory,dlllist,module,loaded,,,avgfws9.exe,,1796,,,Secur32.dll,C:\\WINDOWS\\system32\\Secur32.dll,,,,,,,,,,,M57-Jean-MEM-DLL-716,Volatility 3 windows.dlllist from M57-Jean memory image
M57-Jean,EVT-M57-Jean-DLL-717,,,unknown,memory,dlllist,module,loaded,,,avgfws9.exe,,1796,,,ole32.dll,C:\\WINDOWS\\system32\\ole32.dll,,,,,,,,,,,M57-Jean-MEM-DLL-717,Volatility 3 windows.dlllist from M57-Jean memory image
M57-Jean,EVT-M57-Jean-DLL-718,,,unknown,memory,dlllist,module,loaded,,,avgfws9.exe,,1796,,,GDI32.dll,C:\\WINDOWS\\system32\\GDI32.dll,,,,,,,,,,,M57-Jean-MEM-DLL-718,Volatility 3 windows.dlllist from M57-Jean memory image
M57-Jean,EVT-M57-Jean-DLL-719,,,unknown,memory,dlllist,module,loaded,,,avgfws9.exe,,1796,,,USER32.dll,C:\\WINDOWS\\system32\\USER32.dll,,,,,,,,,,,M57-Jean-MEM-DLL-719,Volatility 3 windows.dlllist from M57-Jean memory image
M57-Jean,EVT-M57-Jean-DLL-720,,,unknown,memory,dlllist,module,loaded,,,avgfws9.exe,,1796,,,msvcrt.dll,C:\\WINDOWS\\system32\\msvcrt.dll,,,,,,,,,,,M57-Jean-MEM-DLL-720,Volatility 3 windows.dlllist from M57-Jean memory image
M57-Jean,EVT-M57-Jean-DLL-721,,,unknown,memory,dlllist,module,loaded,,,avgfws9.exe,,1796,,,OLEAUT32.dll,C:\\WINDOWS\\system32\\OLEAUT32.dll,,,,,,,,,,,M57-Jean-MEM-DLL-721,Volatility 3 windows.dlllist from M57-Jean memory image
M57-Jean,EVT-M57-Jean-DLL-722,,,unknown,memory,dlllist,module,loaded,,,avgfws9.exe,,1796,,,WSOCK32.dll,C:\\WINDOWS\\system32\\WSOCK32.dll,,,,,,,,,,,M57-Jean-MEM-DLL-722,Volatility 3 windows.dlllist from M57-Jean memory image
M57-Jean,EVT-M57-Jean-DLL-723,,,unknown,memory,dlllist,module,loaded,,,avgfws9.exe,,1796,,,WS2_32.dll,C:\\WINDOWS\\system32\\WS2_32.dll,,,,,,,,,,,M57-Jean-MEM-DLL-723,Volatility 3 windows.dlllist from M57-Jean memory image
M57-Jean,EVT-M57-Jean-DLL-724,,,unknown,memory,dlllist,module,loaded,,,avgfws9.exe,,1796,,,WS2HELP.dll,C:\\WINDOWS\\system32\\WS2HELP.dll,,,,,,,,,,,M57-Jean-MEM-DLL-724,Volatility 3 windows.dlllist from M57-Jean memory image
M57-Jean,EVT-M57-Jean-DLL-725,,,unknown,memory,dlllist,module,loaded,,,avgfws9.exe,,1796,,,iphlpapi.dll,C:\\WINDOWS\\system32\\iphlpapi.dll,,,,,,,,,,,M57-Jean-MEM-DLL-725,Volatility 3 windows.dlllist from M57-Jean memory image
M57-Jean,EVT-M57-Jean-DLL-726,,,unknown,memory,dlllist,module,loaded,,,avgfws9.exe,,1796,,,RASAPI32.dll,C:\\WINDOWS\\system32\\RASAPI32.dll,,,,,,,,,,,M57-Jean-MEM-DLL-726,Volatility 3 windows.dlllist from M57-Jean memory image
M57-Jean,EVT-M57-Jean-DLL-727,,,unknown,memory,dlllist,module,loaded,,,avgfws9.exe,,1796,,,rasman.dll,C:\\WINDOWS\\system32\\rasman.dll,,,,,,,,,,,M57-Jean-MEM-DLL-727,Volatility 3 windows.dlllist from M57-Jean memory image
M57-Jean,EVT-M57-Jean-DLL-728,,,unknown,memory,dlllist,module,loaded,,,avgfws9.exe,,1796,,,NETAPI32.dll,C:\\WINDOWS\\system32\\NETAPI32.dll,,,,,,,,,,,M57-Jean-MEM-DLL-728,Volatility 3 windows.dlllist from M57-Jean memory image
M57-Jean,EVT-M57-Jean-DLL-729,,,unknown,memory,dlllist,module,loaded,,,avgfws9.exe,,1796,,,TAPI32.dll,C:\\WINDOWS\\system32\\TAPI32.dll,,,,,,,,,,,M57-Jean-MEM-DLL-729,Volatility 3 windows.dlllist from M57-Jean memory image
M57-Jean,EVT-M57-Jean-DLL-730,,,unknown,memory,dlllist,module,loaded,,,avgfws9.exe,,1796,,,rtutils.dll,C:\\WINDOWS\\system32\\rtutils.dll,,,,,,,,,,,M57-Jean-MEM-DLL-730,Volatility 3 windows.dlllist from M57-Jean memory image
M57-Jean,EVT-M57-Jean-DLL-731,,,unknown,memory,dlllist,module,loaded,,,avgfws9.exe,,1796,,,SHLWAPI.dll,C:\\WINDOWS\\system32\\SHLWAPI.dll,,,,,,,,,,,M57-Jean-MEM-DLL-731,Volatility 3 windows.dlllist from M57-Jean memory image
M57-Jean,EVT-M57-Jean-DLL-732,,,unknown,memory,dlllist,module,loaded,,,avgfws9.exe,,1796,,,WINMM.dll,C:\\WINDOWS\\system32\\WINMM.dll,,,,,,,,,,,M57-Jean-MEM-DLL-732,Volatility 3 windows.dlllist from M57-Jean memory image
M57-Jean,EVT-M57-Jean-DLL-733,,,unknown,memory,dlllist,module,loaded,,,avgfws9.exe,,1796,,,VERSION.dll,C:\\WINDOWS\\system32\\VERSION.dll,,,,,,,,,,,M57-Jean-MEM-DLL-733,Volatility 3 windows.dlllist from M57-Jean memory image
M57-Jean,EVT-M57-Jean-DLL-734,,,unknown,memory,dlllist,module,loaded,,,avgfws9.exe,,1796,,,MSVCR80.dll,C:\\WINDOWS\\WinSxS\\x86_Microsoft.VC80.CRT_1fc8b3b9a1e18e3b_8.0.50727.4053_x-ww_e6967989\\MSVCR80.dll,,,,,,,,,,,M57-Jean-MEM-DLL-734,Volatility 3 windows.dlllist from M57-Jean memory image
M57-Jean,EVT-M57-Jean-DLL-735,,,unknown,memory,dlllist,module,loaded,,,avgfws9.exe,,1796,,,snmpapi.dll,C:\\WINDOWS\\system32\\snmpapi.dll,,,,,,,,,,,M57-Jean-MEM-DLL-735,Volatility 3 windows.dlllist from M57-Jean memory image
M57-Jean,EVT-M57-Jean-DLL-736,,,unknown,memory,dlllist,module,loaded,,,avgfws9.exe,,1796,,,IMM32.DLL,C:\\WINDOWS\\system32\\IMM32.DLL,,,,,,,,,,,M57-Jean-MEM-DLL-736,Volatility 3 windows.dlllist from M57-Jean memory image
M57-Jean,EVT-M57-Jean-DLL-737,,,unknown,memory,dlllist,module,loaded,,,avgfws9.exe,,1796,,,comctl32.dll,C:\\WINDOWS\\WinSxS\\x86_Microsoft.Windows.Common-Controls_6595b64144ccf1df_6.0.2600.5512_x-ww_35d4ce83\\comctl32.dll,,,,,,,,,,,M57-Jean-MEM-DLL-737,Volatility 3 windows.dlllist from M57-Jean memory image
M57-Jean,EVT-M57-Jean-DLL-738,,,unknown,memory,dlllist,module,loaded,,,avgfws9.exe,,1796,,,avgcertx.dll,C:\\Program Files\\AVG\\AVG9\\avgcertx.dll,,,,,,,,,,,M57-Jean-MEM-DLL-738,Volatility 3 windows.dlllist from M57-Jean memory image
M57-Jean,EVT-M57-Jean-DLL-739,,,unknown,memory,dlllist,module,loaded,,,avgfws9.exe,,1796,,,avgclitx.dll,C:\\Program Files\\AVG\\AVG9\\avgclitx.dll,,,,,,,,,,,M57-Jean-MEM-DLL-739,Volatility 3 windows.dlllist from M57-Jean memory image
M57-Jean,EVT-M57-Jean-DLL-740,,,unknown,memory,dlllist,module,loaded,,,avgfws9.exe,,1796,,,avgchclx.dll,C:\\Program Files\\AVG\\AVG9\\avgchclx.dll,,,,,,,,,,,M57-Jean-MEM-DLL-740,Volatility 3 windows.dlllist from M57-Jean memory image
M57-Jean,EVT-M57-Jean-DLL-741,,,unknown,memory,dlllist,module,loaded,,,avgfws9.exe,,1796,,,avglogx.dll,C:\\Program Files\\AVG\\AVG9\\avglogx.dll,,,,,,,,,,,M57-Jean-MEM-DLL-741,Volatility 3 windows.dlllist from M57-Jean memory image
M57-Jean,EVT-M57-Jean-DLL-742,,,unknown,memory,dlllist,module,loaded,,,avgfws9.exe,,1796,,,avgcfgx.dll,C:\\Program Files\\AVG\\AVG9\\avgcfgx.dll,,,,,,,,,,,M57-Jean-MEM-DLL-742,Volatility 3 windows.dlllist from M57-Jean memory image
M57-Jean,EVT-M57-Jean-DLL-743,,,unknown,memory,dlllist,module,loaded,,,avgfws9.exe,,1796,,,SHELL32.dll,C:\\WINDOWS\\system32\\SHELL32.dll,,,,,,,,,,,M57-Jean-MEM-DLL-743,Volatility 3 windows.dlllist from M57-Jean memory image
M57-Jean,EVT-M57-Jean-DLL-744,,,unknown,memory,dlllist,module,loaded,,,avgfws9.exe,,1796,,,comctl32.dll,C:\\WINDOWS\\system32\\comctl32.dll,,,,,,,,,,,M57-Jean-MEM-DLL-744,Volatility 3 windows.dlllist from M57-Jean memory image
M57-Jean,EVT-M57-Jean-DLL-745,,,unknown,memory,dlllist,module,loaded,,,avgfws9.exe,,1796,,,avgidpsdkx.dll,C:\\Program Files\\AVG\\AVG9\\avgidpsdkx.dll,,,,,,,,,,,M57-Jean-MEM-DLL-745,Volatility 3 windows.dlllist from M57-Jean memory image
M57-Jean,EVT-M57-Jean-DLL-746,,,unknown,memory,dlllist,module,loaded,,,avgfws9.exe,,1796,,,PSAPI.DLL,C:\\WINDOWS\\system32\\PSAPI.DLL,,,,,,,,,,,M57-Jean-MEM-DLL-746,Volatility 3 windows.dlllist from M57-Jean memory image
M57-Jean,EVT-M57-Jean-DLL-747,,,unknown,memory,dlllist,module,loaded,,,avgfws9.exe,,1796,,,MSVCP80.dll,C:\\WINDOWS\\WinSxS\\x86_Microsoft.VC80.CRT_1fc8b3b9a1e18e3b_8.0.50727.4053_x-ww_e6967989\\MSVCP80.dll,,,,,,,,,,,M57-Jean-MEM-DLL-747,Volatility 3 windows.dlllist from M57-Jean memory image
M57-Jean,EVT-M57-Jean-DLL-748,,,unknown,memory,dlllist,module,loaded,,,avgfws9.exe,,1796,,,netman.dll,C:\\WINDOWS\\system32\\netman.dll,,,,,,,,,,,M57-Jean-MEM-DLL-748,Volatility 3 windows.dlllist from M57-Jean memory image
M57-Jean,EVT-M57-Jean-DLL-749,,,unknown,memory,dlllist,module,loaded,,,avgfws9.exe,,1796,,,MPRAPI.dll,C:\\WINDOWS\\system32\\MPRAPI.dll,,,,,,,,,,,M57-Jean-MEM-DLL-749,Volatility 3 windows.dlllist from M57-Jean memory image
M57-Jean,EVT-M57-Jean-DLL-750,,,unknown,memory,dlllist,module,loaded,,,avgfws9.exe,,1796,,,ACTIVEDS.dll,C:\\WINDOWS\\system32\\ACTIVEDS.dll,,,,,,,,,,,M57-Jean-MEM-DLL-750,Volatility 3 windows.dlllist from M57-Jean memory image
M57-Jean,EVT-M57-Jean-DLL-751,,,unknown,memory,dlllist,module,loaded,,,avgfws9.exe,,1796,,,adsldpc.dll,C:\\WINDOWS\\system32\\adsldpc.dll,,,,,,,,,,,M57-Jean-MEM-DLL-751,Volatility 3 windows.dlllist from M57-Jean memory image
M57-Jean,EVT-M57-Jean-DLL-752,,,unknown,memory,dlllist,module,loaded,,,avgfws9.exe,,1796,,,WLDAP32.dll,C:\\WINDOWS\\system32\\WLDAP32.dll,,,,,,,,,,,M57-Jean-MEM-DLL-752,Volatility 3 windows.dlllist from M57-Jean memory image
M57-Jean,EVT-M57-Jean-DLL-753,,,unknown,memory,dlllist,module,loaded,,,avgfws9.exe,,1796,,,ATL.DLL,C:\\WINDOWS\\system32\\ATL.DLL,,,,,,,,,,,M57-Jean-MEM-DLL-753,Volatility 3 windows.dlllist from M57-Jean memory image
M57-Jean,EVT-M57-Jean-DLL-754,,,unknown,memory,dlllist,module,loaded,,,avgfws9.exe,,1796,,,SAMLIB.dll,C:\\WINDOWS\\system32\\SAMLIB.dll,,,,,,,,,,,M57-Jean-MEM-DLL-754,Volatility 3 windows.dlllist from M57-Jean memory image
M57-Jean,EVT-M57-Jean-DLL-755,,,unknown,memory,dlllist,module,loaded,,,avgfws9.exe,,1796,,,SETUPAPI.dll,C:\\WINDOWS\\system32\\SETUPAPI.dll,,,,,,,,,,,M57-Jean-MEM-DLL-755,Volatility 3 windows.dlllist from M57-Jean memory image
M57-Jean,EVT-M57-Jean-DLL-756,,,unknown,memory,dlllist,module,loaded,,,avgfws9.exe,,1796,,,netshell.dll,C:\\WINDOWS\\system32\\netshell.dll,,,,,,,,,,,M57-Jean-MEM-DLL-756,Volatility 3 windows.dlllist from M57-Jean memory image
M57-Jean,EVT-M57-Jean-DLL-757,,,unknown,memory,dlllist,module,loaded,,,avgfws9.exe,,1796,,,credui.dll,C:\\WINDOWS\\system32\\credui.dll,,,,,,,,,,,M57-Jean-MEM-DLL-757,Volatility 3 windows.dlllist from M57-Jean memory image
M57-Jean,EVT-M57-Jean-DLL-758,,,unknown,memory,dlllist,module,loaded,,,avgfws9.exe,,1796,,,dot3api.dll,C:\\WINDOWS\\system32\\dot3api.dll,,,,,,,,,,,M57-Jean-MEM-DLL-758,Volatility 3 windows.dlllist from M57-Jean memory image
M57-Jean,EVT-M57-Jean-DLL-759,,,unknown,memory,dlllist,module,loaded,,,avgfws9.exe,,1796,,,dot3dlg.dll,C:\\WINDOWS\\system32\\dot3dlg.dll,,,,,,,,,,,M57-Jean-MEM-DLL-759,Volatility 3 windows.dlllist from M57-Jean memory image
M57-Jean,EVT-M57-Jean-DLL-760,,,unknown,memory,dlllist,module,loaded,,,avgfws9.exe,,1796,,,OneX.DLL,C:\\WINDOWS\\system32\\OneX.DLL,,,,,,,,,,,M57-Jean-MEM-DLL-760,Volatility 3 windows.dlllist from M57-Jean memory image
M57-Jean,EVT-M57-Jean-DLL-761,,,unknown,memory,dlllist,module,loaded,,,avgfws9.exe,,1796,,,WTSAPI32.dll,C:\\WINDOWS\\system32\\WTSAPI32.dll,,,,,,,,,,,M57-Jean-MEM-DLL-761,Volatility 3 windows.dlllist from M57-Jean memory image
M57-Jean,EVT-M57-Jean-DLL-762,,,unknown,memory,dlllist,module,loaded,,,avgfws9.exe,,1796,,,WINSTA.dll,C:\\WINDOWS\\system32\\WINSTA.dll,,,,,,,,,,,M57-Jean-MEM-DLL-762,Volatility 3 windows.dlllist from M57-Jean memory image
M57-Jean,EVT-M57-Jean-DLL-763,,,unknown,memory,dlllist,module,loaded,,,avgfws9.exe,,1796,,,CRYPT32.dll,C:\\WINDOWS\\system32\\CRYPT32.dll,,,,,,,,,,,M57-Jean-MEM-DLL-763,Volatility 3 windows.dlllist from M57-Jean memory image
M57-Jean,EVT-M57-Jean-DLL-764,,,unknown,memory,dlllist,module,loaded,,,avgfws9.exe,,1796,,,MSASN1.dll,C:\\WINDOWS\\system32\\MSASN1.dll,,,,,,,,,,,M57-Jean-MEM-DLL-764,Volatility 3 windows.dlllist from M57-Jean memory image
M57-Jean,EVT-M57-Jean-DLL-765,,,unknown,memory,dlllist,module,loaded,,,avgfws9.exe,,1796,,,eappcfg.dll,C:\\WINDOWS\\system32\\eappcfg.dll,,,,,,,,,,,M57-Jean-MEM-DLL-765,Volatility 3 windows.dlllist from M57-Jean memory image
M57-Jean,EVT-M57-Jean-DLL-766,,,unknown,memory,dlllist,module,loaded,,,avgfws9.exe,,1796,,,MSVCP60.dll,C:\\WINDOWS\\system32\\MSVCP60.dll,,,,,,,,,,,M57-Jean-MEM-DLL-766,Volatility 3 windows.dlllist from M57-Jean memory image
M57-Jean,EVT-M57-Jean-DLL-767,,,unknown,memory,dlllist,module,loaded,,,avgfws9.exe,,1796,,,eappprxy.dll,C:\\WINDOWS\\system32\\eappprxy.dll,,,,,,,,,,,M57-Jean-MEM-DLL-767,Volatility 3 windows.dlllist from M57-Jean memory image
M57-Jean,EVT-M57-Jean-DLL-768,,,unknown,memory,dlllist,module,loaded,,,avgfws9.exe,,1796,,,WININET.dll,C:\\WINDOWS\\system32\\WININET.dll,,,,,,,,,,,M57-Jean-MEM-DLL-768,Volatility 3 windows.dlllist from M57-Jean memory image
M57-Jean,EVT-M57-Jean-DLL-769,,,unknown,memory,dlllist,module,loaded,,,avgfws9.exe,,1796,,,Normaliz.dll,C:\\WINDOWS\\system32\\Normaliz.dll,,,,,,,,,,,M57-Jean-MEM-DLL-769,Volatility 3 windows.dlllist from M57-Jean memory image
M57-Jean,EVT-M57-Jean-DLL-770,,,unknown,memory,dlllist,module,loaded,,,avgfws9.exe,,1796,,,urlmon.dll,C:\\WINDOWS\\system32\\urlmon.dll,,,,,,,,,,,M57-Jean-MEM-DLL-770,Volatility 3 windows.dlllist from M57-Jean memory image
M57-Jean,EVT-M57-Jean-DLL-771,,,unknown,memory,dlllist,module,loaded,,,avgfws9.exe,,1796,,,iertutil.dll,C:\\WINDOWS\\system32\\iertutil.dll,,,,,,,,,,,M57-Jean-MEM-DLL-771,Volatility 3 windows.dlllist from M57-Jean memory image
M57-Jean,EVT-M57-Jean-DLL-772,,,unknown,memory,dlllist,module,loaded,,,avgfws9.exe,,1796,,,WZCSAPI.DLL,C:\\WINDOWS\\system32\\WZCSAPI.DLL,,,,,,,,,,,M57-Jean-MEM-DLL-772,Volatility 3 windows.dlllist from M57-Jean memory image
M57-Jean,EVT-M57-Jean-DLL-773,,,unknown,memory,dlllist,module,loaded,,,avgfws9.exe,,1796,,,WZCSvc.DLL,C:\\WINDOWS\\system32\\WZCSvc.DLL,,,,,,,,,,,M57-Jean-MEM-DLL-773,Volatility 3 windows.dlllist from M57-Jean memory image
M57-Jean,EVT-M57-Jean-DLL-774,,,unknown,memory,dlllist,module,loaded,,,avgfws9.exe,,1796,,,WMI.dll,C:\\WINDOWS\\system32\\WMI.dll,,,,,,,,,,,M57-Jean-MEM-DLL-774,Volatility 3 windows.dlllist from M57-Jean memory image
M57-Jean,EVT-M57-Jean-DLL-775,,,unknown,memory,dlllist,module,loaded,,,avgfws9.exe,,1796,,,DHCPCSVC.DLL,C:\\WINDOWS\\system32\\DHCPCSVC.DLL,,,,,,,,,,,M57-Jean-MEM-DLL-775,Volatility 3 windows.dlllist from M57-Jean memory image
M57-Jean,EVT-M57-Jean-DLL-776,,,unknown,memory,dlllist,module,loaded,,,avgfws9.exe,,1796,,,DNSAPI.dll,C:\\WINDOWS\\system32\\DNSAPI.dll,,,,,,,,,,,M57-Jean-MEM-DLL-776,Volatility 3 windows.dlllist from M57-Jean memory image
M57-Jean,EVT-M57-Jean-DLL-777,,,unknown,memory,dlllist,module,loaded,,,avgfws9.exe,,1796,,,EapolQec.dll,C:\\WINDOWS\\system32\\EapolQec.dll,,,,,,,,,,,M57-Jean-MEM-DLL-777,Volatility 3 windows.dlllist from M57-Jean memory image
M57-Jean,EVT-M57-Jean-DLL-778,,,unknown,memory,dlllist,module,loaded,,,avgfws9.exe,,1796,,,QUtil.dll,C:\\WINDOWS\\system32\\QUtil.dll,,,,,,,,,,,M57-Jean-MEM-DLL-778,Volatility 3 windows.dlllist from M57-Jean memory image
M57-Jean,EVT-M57-Jean-DLL-779,,,unknown,memory,dlllist,module,loaded,,,avgfws9.exe,,1796,,,ESENT.dll,C:\\WINDOWS\\system32\\ESENT.dll,,,,,,,,,,,M57-Jean-MEM-DLL-779,Volatility 3 windows.dlllist from M57-Jean memory image
M57-Jean,EVT-M57-Jean-DLL-780,,,unknown,memory,dlllist,module,loaded,,,avgfws9.exe,,1796,,,xpsp2res.dll,C:\\WINDOWS\\system32\\xpsp2res.dll,,,,,,,,,,,M57-Jean-MEM-DLL-780,Volatility 3 windows.dlllist from M57-Jean memory image
M57-Jean,EVT-M57-Jean-DLL-781,,,unknown,memory,dlllist,module,loaded,,,avgfws9.exe,,1796,,,avgmtrapx.dll,C:\\Program Files\\AVG\\AVG9\\avgmtrapx.dll,,,,,,,,,,,M57-Jean-MEM-DLL-781,Volatility 3 windows.dlllist from M57-Jean memory image
M57-Jean,EVT-M57-Jean-DLL-782,,,unknown,memory,dlllist,module,loaded,,,avgfws9.exe,,1796,,,USERENV.dll,C:\\WINDOWS\\system32\\USERENV.dll,,,,,,,,,,,M57-Jean-MEM-DLL-782,Volatility 3 windows.dlllist from M57-Jean memory image
M57-Jean,EVT-M57-Jean-DLL-783,,,unknown,memory,dlllist,module,loaded,,,avgfws9.exe,,1796,,,msv1_0.dll,C:\\WINDOWS\\system32\\msv1_0.dll,,,,,,,,,,,M57-Jean-MEM-DLL-783,Volatility 3 windows.dlllist from M57-Jean memory image
M57-Jean,EVT-M57-Jean-DLL-784,,,unknown,memory,dlllist,module,loaded,,,avgfws9.exe,,1796,,,cryptdll.dll,C:\\WINDOWS\\system32\\cryptdll.dll,,,,,,,,,,,M57-Jean-MEM-DLL-784,Volatility 3 windows.dlllist from M57-Jean memory image
M57-Jean,EVT-M57-Jean-DLL-785,,,unknown,memory,dlllist,module,loaded,,,avgfws9.exe,,1796,,,CLBCATQ.DLL,C:\\WINDOWS\\system32\\CLBCATQ.DLL,,,,,,,,,,,M57-Jean-MEM-DLL-785,Volatility 3 windows.dlllist from M57-Jean memory image
M57-Jean,EVT-M57-Jean-DLL-786,,,unknown,memory,dlllist,module,loaded,,,avgfws9.exe,,1796,,,COMRes.dll,C:\\WINDOWS\\system32\\COMRes.dll,,,,,,,,,,,M57-Jean-MEM-DLL-786,Volatility 3 windows.dlllist from M57-Jean memory image
M57-Jean,EVT-M57-Jean-DLL-787,,,unknown,memory,dlllist,module,loaded,,,avgfws9.exe,,1796,,,hnetcfg.dll,C:\\WINDOWS\\system32\\hnetcfg.dll,,,,,,,,,,,M57-Jean-MEM-DLL-787,Volatility 3 windows.dlllist from M57-Jean memory image
M57-Jean,EVT-M57-Jean-DLL-788,,,unknown,memory,dlllist,module,loaded,,,avgfws9.exe,,1796,,,wbemprox.dll,C:\\WINDOWS\\system32\\wbem\\wbemprox.dll,,,,,,,,,,,M57-Jean-MEM-DLL-788,Volatility 3 windows.dlllist from M57-Jean memory image
M57-Jean,EVT-M57-Jean-DLL-789,,,unknown,memory,dlllist,module,loaded,,,avgfws9.exe,,1796,,,wbemcomn.dll,C:\\WINDOWS\\system32\\wbem\\wbemcomn.dll,,,,,,,,,,,M57-Jean-MEM-DLL-789,Volatility 3 windows.dlllist from M57-Jean memory image
M57-Jean,EVT-M57-Jean-DLL-790,,,unknown,memory,dlllist,module,loaded,,,avgfws9.exe,,1796,,,wbemsvc.dll,C:\\WINDOWS\\system32\\wbem\\wbemsvc.dll,,,,,,,,,,,M57-Jean-MEM-DLL-790,Volatility 3 windows.dlllist from M57-Jean memory image
M57-Jean,EVT-M57-Jean-DLL-791,,,unknown,memory,dlllist,module,loaded,,,avgfws9.exe,,1796,,,fastprox.dll,C:\\WINDOWS\\system32\\wbem\\fastprox.dll,,,,,,,,,,,M57-Jean-MEM-DLL-791,Volatility 3 windows.dlllist from M57-Jean memory image
M57-Jean,EVT-M57-Jean-DLL-792,,,unknown,memory,dlllist,module,loaded,,,avgfws9.exe,,1796,,,NTDSAPI.dll,C:\\WINDOWS\\system32\\NTDSAPI.dll,,,,,,,,,,,M57-Jean-MEM-DLL-792,Volatility 3 windows.dlllist from M57-Jean memory image
M57-Jean,EVT-M57-Jean-DLL-793,,,unknown,memory,dlllist,module,loaded,,,avgfws9.exe,,1796,,,rsaenh.dll,C:\\WINDOWS\\system32\\rsaenh.dll,,,,,,,,,,,M57-Jean-MEM-DLL-793,Volatility 3 windows.dlllist from M57-Jean memory image
M57-Jean,EVT-M57-Jean-DLL-794,,,unknown,memory,dlllist,module,loaded,,,avgfws9.exe,,1796,,,mswsock.dll,C:\\WINDOWS\\System32\\mswsock.dll,,,,,,,,,,,M57-Jean-MEM-DLL-794,Volatility 3 windows.dlllist from M57-Jean memory image
M57-Jean,EVT-M57-Jean-DLL-795,,,unknown,memory,dlllist,module,loaded,,,avgfws9.exe,,1796,,,winrnr.dll,C:\\WINDOWS\\System32\\winrnr.dll,,,,,,,,,,,M57-Jean-MEM-DLL-795,Volatility 3 windows.dlllist from M57-Jean memory image
M57-Jean,EVT-M57-Jean-DLL-796,,,unknown,memory,dlllist,module,loaded,,,avgfws9.exe,,1796,,,rasadhlp.dll,C:\\WINDOWS\\system32\\rasadhlp.dll,,,,,,,,,,,M57-Jean-MEM-DLL-796,Volatility 3 windows.dlllist from M57-Jean memory image
M57-Jean,EVT-M57-Jean-DLL-797,,,unknown,memory,dlllist,module,loaded,,,avgfws9.exe,,1796,,,wshtcpip.dll,C:\\WINDOWS\\System32\\wshtcpip.dll,,,,,,,,,,,M57-Jean-MEM-DLL-797,Volatility 3 windows.dlllist from M57-Jean memory image
M57-Jean,EVT-M57-Jean-DLL-798,,,unknown,memory,dlllist,module,loaded,,,jqs.exe,,344,,,jqs.exe,C:\\Program Files\\Java\\jre6\\bin\\jqs.exe,,,,,,,,,,,M57-Jean-MEM-DLL-798,Volatility 3 windows.dlllist from M57-Jean memory image
M57-Jean,EVT-M57-Jean-DLL-799,,,unknown,memory,dlllist,module,loaded,,,jqs.exe,,344,,,ntdll.dll,C:\\WINDOWS\\system32\\ntdll.dll,,,,,,,,,,,M57-Jean-MEM-DLL-799,Volatility 3 windows.dlllist from M57-Jean memory image
M57-Jean,EVT-M57-Jean-DLL-800,,,unknown,memory,dlllist,module,loaded,,,jqs.exe,,344,,,kernel32.dll,C:\\WINDOWS\\system32\\kernel32.dll,,,,,,,,,,,M57-Jean-MEM-DLL-800,Volatility 3 windows.dlllist from M57-Jean memory image
M57-Jean,EVT-M57-Jean-DLL-801,,,unknown,memory,dlllist,module,loaded,,,jqs.exe,,344,,,WS2_32.dll,C:\\WINDOWS\\system32\\WS2_32.dll,,,,,,,,,,,M57-Jean-MEM-DLL-801,Volatility 3 windows.dlllist from M57-Jean memory image
M57-Jean,EVT-M57-Jean-DLL-802,,,unknown,memory,dlllist,module,loaded,,,jqs.exe,,344,,,ADVAPI32.dll,C:\\WINDOWS\\system32\\ADVAPI32.dll,,,,,,,,,,,M57-Jean-MEM-DLL-802,Volatility 3 windows.dlllist from M57-Jean memory image
M57-Jean,EVT-M57-Jean-DLL-803,,,unknown,memory,dlllist,module,loaded,,,jqs.exe,,344,,,RPCRT4.dll,C:\\WINDOWS\\system32\\RPCRT4.dll,,,,,,,,,,,M57-Jean-MEM-DLL-803,Volatility 3 windows.dlllist from M57-Jean memory image
M57-Jean,EVT-M57-Jean-DLL-804,,,unknown,memory,dlllist,module,loaded,,,jqs.exe,,344,,,Secur32.dll,C:\\WINDOWS\\system32\\Secur32.dll,,,,,,,,,,,M57-Jean-MEM-DLL-804,Volatility 3 windows.dlllist from M57-Jean memory image
M57-Jean,EVT-M57-Jean-DLL-805,,,unknown,memory,dlllist,module,loaded,,,jqs.exe,,344,,,msvcrt.dll,C:\\WINDOWS\\system32\\msvcrt.dll,,,,,,,,,,,M57-Jean-MEM-DLL-805,Volatility 3 windows.dlllist from M57-Jean memory image
M57-Jean,EVT-M57-Jean-DLL-806,,,unknown,memory,dlllist,module,loaded,,,jqs.exe,,344,,,WS2HELP.dll,C:\\WINDOWS\\system32\\WS2HELP.dll,,,,,,,,,,,M57-Jean-MEM-DLL-806,Volatility 3 windows.dlllist from M57-Jean memory image
M57-Jean,EVT-M57-Jean-DLL-807,,,unknown,memory,dlllist,module,loaded,,,jqs.exe,,344,,,ole32.dll,C:\\WINDOWS\\system32\\ole32.dll,,,,,,,,,,,M57-Jean-MEM-DLL-807,Volatility 3 windows.dlllist from M57-Jean memory image
M57-Jean,EVT-M57-Jean-DLL-808,,,unknown,memory,dlllist,module,loaded,,,jqs.exe,,344,,,GDI32.dll,C:\\WINDOWS\\system32\\GDI32.dll,,,,,,,,,,,M57-Jean-MEM-DLL-808,Volatility 3 windows.dlllist from M57-Jean memory image
M57-Jean,EVT-M57-Jean-DLL-809,,,unknown,memory,dlllist,module,loaded,,,jqs.exe,,344,,,USER32.dll,C:\\WINDOWS\\system32\\USER32.dll,,,,,,,,,,,M57-Jean-MEM-DLL-809,Volatility 3 windows.dlllist from M57-Jean memory image
M57-Jean,EVT-M57-Jean-DLL-810,,,unknown,memory,dlllist,module,loaded,,,jqs.exe,,344,,,MSVCR71.dll,C:\\Program Files\\Java\\jre6\\bin\\MSVCR71.dll,,,,,,,,,,,M57-Jean-MEM-DLL-810,Volatility 3 windows.dlllist from M57-Jean memory image
M57-Jean,EVT-M57-Jean-DLL-811,,,unknown,memory,dlllist,module,loaded,,,jqs.exe,,344,,,IMM32.DLL,C:\\WINDOWS\\system32\\IMM32.DLL,,,,,,,,,,,M57-Jean-MEM-DLL-811,Volatility 3 windows.dlllist from M57-Jean memory image
M57-Jean,EVT-M57-Jean-DLL-812,,,unknown,memory,dlllist,module,loaded,,,jqs.exe,,344,,,psapi.dll,C:\\WINDOWS\\system32\\psapi.dll,,,,,,,,,,,M57-Jean-MEM-DLL-812,Volatility 3 windows.dlllist from M57-Jean memory image
M57-Jean,EVT-M57-Jean-DLL-813,,,unknown,memory,dlllist,module,loaded,,,jqs.exe,,344,,,pdh.dll,C:\\WINDOWS\\system32\\pdh.dll,,,,,,,,,,,M57-Jean-MEM-DLL-813,Volatility 3 windows.dlllist from M57-Jean memory image
M57-Jean,EVT-M57-Jean-DLL-814,,,unknown,memory,dlllist,module,loaded,,,jqs.exe,,344,,,comdlg32.dll,C:\\WINDOWS\\system32\\comdlg32.dll,,,,,,,,,,,M57-Jean-MEM-DLL-814,Volatility 3 windows.dlllist from M57-Jean memory image
M57-Jean,EVT-M57-Jean-DLL-815,,,unknown,memory,dlllist,module,loaded,,,jqs.exe,,344,,,COMCTL32.dll,C:\\WINDOWS\\system32\\COMCTL32.dll,,,,,,,,,,,M57-Jean-MEM-DLL-815,Volatility 3 windows.dlllist from M57-Jean memory image
M57-Jean,EVT-M57-Jean-DLL-816,,,unknown,memory,dlllist,module,loaded,,,jqs.exe,,344,,,SHELL32.dll,C:\\WINDOWS\\system32\\SHELL32.dll,,,,,,,,,,,M57-Jean-MEM-DLL-816,Volatility 3 windows.dlllist from M57-Jean memory image
M57-Jean,EVT-M57-Jean-DLL-817,,,unknown,memory,dlllist,module,loaded,,,jqs.exe,,344,,,SHLWAPI.dll,C:\\WINDOWS\\system32\\SHLWAPI.dll,,,,,,,,,,,M57-Jean-MEM-DLL-817,Volatility 3 windows.dlllist from M57-Jean memory image
M57-Jean,EVT-M57-Jean-DLL-818,,,unknown,memory,dlllist,module,loaded,,,jqs.exe,,344,,,CRYPT32.dll,C:\\WINDOWS\\system32\\CRYPT32.dll,,,,,,,,,,,M57-Jean-MEM-DLL-818,Volatility 3 windows.dlllist from M57-Jean memory image
M57-Jean,EVT-M57-Jean-DLL-819,,,unknown,memory,dlllist,module,loaded,,,jqs.exe,,344,,,MSASN1.dll,C:\\WINDOWS\\system32\\MSASN1.dll,,,,,,,,,,,M57-Jean-MEM-DLL-819,Volatility 3 windows.dlllist from M57-Jean memory image
M57-Jean,EVT-M57-Jean-DLL-820,,,unknown,memory,dlllist,module,loaded,,,jqs.exe,,344,,,ODBC32.dll,C:\\WINDOWS\\system32\\ODBC32.dll,,,,,,,,,,,M57-Jean-MEM-DLL-820,Volatility 3 windows.dlllist from M57-Jean memory image
M57-Jean,EVT-M57-Jean-DLL-821,,,unknown,memory,dlllist,module,loaded,,,jqs.exe,,344,,,odbcbcp.dll,C:\\WINDOWS\\system32\\odbcbcp.dll,,,,,,,,,,,M57-Jean-MEM-DLL-821,Volatility 3 windows.dlllist from M57-Jean memory image
M57-Jean,EVT-M57-Jean-DLL-822,,,unknown,memory,dlllist,module,loaded,,,jqs.exe,,344,,,VERSION.dll,C:\\WINDOWS\\system32\\VERSION.dll,,,,,,,,,,,M57-Jean-MEM-DLL-822,Volatility 3 windows.dlllist from M57-Jean memory image
M57-Jean,EVT-M57-Jean-DLL-823,,,unknown,memory,dlllist,module,loaded,,,jqs.exe,,344,,,OLEAUT32.dll,C:\\WINDOWS\\system32\\OLEAUT32.dll,,,,,,,,,,,M57-Jean-MEM-DLL-823,Volatility 3 windows.dlllist from M57-Jean memory image
M57-Jean,EVT-M57-Jean-DLL-824,,,unknown,memory,dlllist,module,loaded,,,jqs.exe,,344,,,comctl32.dll,C:\\WINDOWS\\WinSxS\\x86_Microsoft.Windows.Common-Controls_6595b64144ccf1df_6.0.2600.5512_x-ww_35d4ce83\\comctl32.dll,,,,,,,,,,,M57-Jean-MEM-DLL-824,Volatility 3 windows.dlllist from M57-Jean memory image
M57-Jean,EVT-M57-Jean-DLL-825,,,unknown,memory,dlllist,module,loaded,,,jqs.exe,,344,,,odbcint.dll,C:\\WINDOWS\\system32\\odbcint.dll,,,,,,,,,,,M57-Jean-MEM-DLL-825,Volatility 3 windows.dlllist from M57-Jean memory image
M57-Jean,EVT-M57-Jean-DLL-826,,,unknown,memory,dlllist,module,loaded,,,jqs.exe,,344,,,mswsock.dll,C:\\WINDOWS\\system32\\mswsock.dll,,,,,,,,,,,M57-Jean-MEM-DLL-826,Volatility 3 windows.dlllist from M57-Jean memory image
M57-Jean,EVT-M57-Jean-DLL-827,,,unknown,memory,dlllist,module,loaded,,,jqs.exe,,344,,,hnetcfg.dll,C:\\WINDOWS\\system32\\hnetcfg.dll,,,,,,,,,,,M57-Jean-MEM-DLL-827,Volatility 3 windows.dlllist from M57-Jean memory image
M57-Jean,EVT-M57-Jean-DLL-828,,,unknown,memory,dlllist,module,loaded,,,jqs.exe,,344,,,wshtcpip.dll,C:\\WINDOWS\\System32\\wshtcpip.dll,,,,,,,,,,,M57-Jean-MEM-DLL-828,Volatility 3 windows.dlllist from M57-Jean memory image
M57-Jean,EVT-M57-Jean-DLL-829,,,unknown,memory,dlllist,module,loaded,,,jqs.exe,,344,,,perfos.dll,C:\\WINDOWS\\system32\\perfos.dll,,,,,,,,,,,M57-Jean-MEM-DLL-829,Volatility 3 windows.dlllist from M57-Jean memory image
M57-Jean,EVT-M57-Jean-DLL-830,,,unknown,memory,dlllist,module,loaded,,,jqs.exe,,344,,,perfdisk.dll,C:\\WINDOWS\\system32\\perfdisk.dll,,,,,,,,,,,M57-Jean-MEM-DLL-830,Volatility 3 windows.dlllist from M57-Jean memory image
M57-Jean,EVT-M57-Jean-DLL-831,,,unknown,memory,dlllist,module,loaded,,,explorer.exe,,1944,,,Explorer.EXE,C:\\WINDOWS\\Explorer.EXE,,,,,,,,,,,M57-Jean-MEM-DLL-831,Volatility 3 windows.dlllist from M57-Jean memory image
M57-Jean,EVT-M57-Jean-DLL-832,,,unknown,memory,dlllist,module,loaded,,,explorer.exe,,1944,,,ntdll.dll,C:\\WINDOWS\\system32\\ntdll.dll,,,,,,,,,,,M57-Jean-MEM-DLL-832,Volatility 3 windows.dlllist from M57-Jean memory image
M57-Jean,EVT-M57-Jean-DLL-833,,,unknown,memory,dlllist,module,loaded,,,explorer.exe,,1944,,,kernel32.dll,C:\\WINDOWS\\system32\\kernel32.dll,,,,,,,,,,,M57-Jean-MEM-DLL-833,Volatility 3 windows.dlllist from M57-Jean memory image
M57-Jean,EVT-M57-Jean-DLL-834,,,unknown,memory,dlllist,module,loaded,,,explorer.exe,,1944,,,ADVAPI32.dll,C:\\WINDOWS\\system32\\ADVAPI32.dll,,,,,,,,,,,M57-Jean-MEM-DLL-834,Volatility 3 windows.dlllist from M57-Jean memory image
M57-Jean,EVT-M57-Jean-DLL-835,,,unknown,memory,dlllist,module,loaded,,,explorer.exe,,1944,,,RPCRT4.dll,C:\\WINDOWS\\system32\\RPCRT4.dll,,,,,,,,,,,M57-Jean-MEM-DLL-835,Volatility 3 windows.dlllist from M57-Jean memory image
M57-Jean,EVT-M57-Jean-DLL-836,,,unknown,memory,dlllist,module,loaded,,,explorer.exe,,1944,,,Secur32.dll,C:\\WINDOWS\\system32\\Secur32.dll,,,,,,,,,,,M57-Jean-MEM-DLL-836,Volatility 3 windows.dlllist from M57-Jean memory image
M57-Jean,EVT-M57-Jean-DLL-837,,,unknown,memory,dlllist,module,loaded,,,explorer.exe,,1944,,,BROWSEUI.dll,C:\\WINDOWS\\system32\\BROWSEUI.dll,,,,,,,,,,,M57-Jean-MEM-DLL-837,Volatility 3 windows.dlllist from M57-Jean memory image
M57-Jean,EVT-M57-Jean-DLL-838,,,unknown,memory,dlllist,module,loaded,,,explorer.exe,,1944,,,GDI32.dll,C:\\WINDOWS\\system32\\GDI32.dll,,,,,,,,,,,M57-Jean-MEM-DLL-838,Volatility 3 windows.dlllist from M57-Jean memory image
M57-Jean,EVT-M57-Jean-DLL-839,,,unknown,memory,dlllist,module,loaded,,,explorer.exe,,1944,,,USER32.dll,C:\\WINDOWS\\system32\\USER32.dll,,,,,,,,,,,M57-Jean-MEM-DLL-839,Volatility 3 windows.dlllist from M57-Jean memory image
M57-Jean,EVT-M57-Jean-DLL-840,,,unknown,memory,dlllist,module,loaded,,,explorer.exe,,1944,,,msvcrt.dll,C:\\WINDOWS\\system32\\msvcrt.dll,,,,,,,,,,,M57-Jean-MEM-DLL-840,Volatility 3 windows.dlllist from M57-Jean memory image
M57-Jean,EVT-M57-Jean-DLL-841,,,unknown,memory,dlllist,module,loaded,,,explorer.exe,,1944,,,ole32.dll,C:\\WINDOWS\\system32\\ole32.dll,,,,,,,,,,,M57-Jean-MEM-DLL-841,Volatility 3 windows.dlllist from M57-Jean memory image
M57-Jean,EVT-M57-Jean-DLL-842,,,unknown,memory,dlllist,module,loaded,,,explorer.exe,,1944,,,SHLWAPI.dll,C:\\WINDOWS\\system32\\SHLWAPI.dll,,,,,,,,,,,M57-Jean-MEM-DLL-842,Volatility 3 windows.dlllist from M57-Jean memory image
M57-Jean,EVT-M57-Jean-DLL-843,,,unknown,memory,dlllist,module,loaded,,,explorer.exe,,1944,,,OLEAUT32.dll,C:\\WINDOWS\\system32\\OLEAUT32.dll,,,,,,,,,,,M57-Jean-MEM-DLL-843,Volatility 3 windows.dlllist from M57-Jean memory image
M57-Jean,EVT-M57-Jean-DLL-844,,,unknown,memory,dlllist,module,loaded,,,explorer.exe,,1944,,,SHDOCVW.dll,C:\\WINDOWS\\system32\\SHDOCVW.dll,,,,,,,,,,,M57-Jean-MEM-DLL-844,Volatility 3 windows.dlllist from M57-Jean memory image
M57-Jean,EVT-M57-Jean-DLL-845,,,unknown,memory,dlllist,module,loaded,,,explorer.exe,,1944,,,CRYPT32.dll,C:\\WINDOWS\\system32\\CRYPT32.dll,,,,,,,,,,,M57-Jean-MEM-DLL-845,Volatility 3 windows.dlllist from M57-Jean memory image
M57-Jean,EVT-M57-Jean-DLL-846,,,unknown,memory,dlllist,module,loaded,,,explorer.exe,,1944,,,MSASN1.dll,C:\\WINDOWS\\system32\\MSASN1.dll,,,,,,,,,,,M57-Jean-MEM-DLL-846,Volatility 3 windows.dlllist from M57-Jean memory image
M57-Jean,EVT-M57-Jean-DLL-847,,,unknown,memory,dlllist,module,loaded,,,explorer.exe,,1944,,,CRYPTUI.dll,C:\\WINDOWS\\system32\\CRYPTUI.dll,,,,,,,,,,,M57-Jean-MEM-DLL-847,Volatility 3 windows.dlllist from M57-Jean memory image
M57-Jean,EVT-M57-Jean-DLL-848,,,unknown,memory,dlllist,module,loaded,,,explorer.exe,,1944,,,NETAPI32.dll,C:\\WINDOWS\\system32\\NETAPI32.dll,,,,,,,,,,,M57-Jean-MEM-DLL-848,Volatility 3 windows.dlllist from M57-Jean memory image
M57-Jean,EVT-M57-Jean-DLL-849,,,unknown,memory,dlllist,module,loaded,,,explorer.exe,,1944,,,VERSION.dll,C:\\WINDOWS\\system32\\VERSION.dll,,,,,,,,,,,M57-Jean-MEM-DLL-849,Volatility 3 windows.dlllist from M57-Jean memory image
M57-Jean,EVT-M57-Jean-DLL-850,,,unknown,memory,dlllist,module,loaded,,,explorer.exe,,1944,,,WININET.dll,C:\\WINDOWS\\system32\\WININET.dll,,,,,,,,,,,M57-Jean-MEM-DLL-850,Volatility 3 windows.dlllist from M57-Jean memory image
M57-Jean,EVT-M57-Jean-DLL-851,,,unknown,memory,dlllist,module,loaded,,,explorer.exe,,1944,,,Normaliz.dll,C:\\WINDOWS\\system32\\Normaliz.dll,,,,,,,,,,,M57-Jean-MEM-DLL-851,Volatility 3 windows.dlllist from M57-Jean memory image
M57-Jean,EVT-M57-Jean-DLL-852,,,unknown,memory,dlllist,module,loaded,,,explorer.exe,,1944,,,urlmon.dll,C:\\WINDOWS\\system32\\urlmon.dll,,,,,,,,,,,M57-Jean-MEM-DLL-852,Volatility 3 windows.dlllist from M57-Jean memory image
M57-Jean,EVT-M57-Jean-DLL-853,,,unknown,memory,dlllist,module,loaded,,,explorer.exe,,1944,,,iertutil.dll,C:\\WINDOWS\\system32\\iertutil.dll,,,,,,,,,,,M57-Jean-MEM-DLL-853,Volatility 3 windows.dlllist from M57-Jean memory image
M57-Jean,EVT-M57-Jean-DLL-854,,,unknown,memory,dlllist,module,loaded,,,explorer.exe,,1944,,,WINTRUST.dll,C:\\WINDOWS\\system32\\WINTRUST.dll,,,,,,,,,,,M57-Jean-MEM-DLL-854,Volatility 3 windows.dlllist from M57-Jean memory image
M57-Jean,EVT-M57-Jean-DLL-855,,,unknown,memory,dlllist,module,loaded,,,explorer.exe,,1944,,,IMAGEHLP.dll,C:\\WINDOWS\\system32\\IMAGEHLP.dll,,,,,,,,,,,M57-Jean-MEM-DLL-855,Volatility 3 windows.dlllist from M57-Jean memory image
M57-Jean,EVT-M57-Jean-DLL-856,,,unknown,memory,dlllist,module,loaded,,,explorer.exe,,1944,,,WLDAP32.dll,C:\\WINDOWS\\system32\\WLDAP32.dll,,,,,,,,,,,M57-Jean-MEM-DLL-856,Volatility 3 windows.dlllist from M57-Jean memory image
M57-Jean,EVT-M57-Jean-DLL-857,,,unknown,memory,dlllist,module,loaded,,,explorer.exe,,1944,,,SHELL32.dll,C:\\WINDOWS\\system32\\SHELL32.dll,,,,,,,,,,,M57-Jean-MEM-DLL-857,Volatility 3 windows.dlllist from M57-Jean memory image
M57-Jean,EVT-M57-Jean-DLL-858,,,unknown,memory,dlllist,module,loaded,,,explorer.exe,,1944,,,UxTheme.dll,C:\\WINDOWS\\system32\\UxTheme.dll,,,,,,,,,,,M57-Jean-MEM-DLL-858,Volatility 3 windows.dlllist from M57-Jean memory image
M57-Jean,EVT-M57-Jean-DLL-859,,,unknown,memory,dlllist,module,loaded,,,explorer.exe,,1944,,,ShimEng.dll,C:\\WINDOWS\\system32\\ShimEng.dll,,,,,,,,,,,M57-Jean-MEM-DLL-859,Volatility 3 windows.dlllist from M57-Jean memory image
M57-Jean,EVT-M57-Jean-DLL-860,,,unknown,memory,dlllist,module,loaded,,,explorer.exe,,1944,,,AcGenral.DLL,C:\\WINDOWS\\AppPatch\\AcGenral.DLL,,,,,,,,,,,M57-Jean-MEM-DLL-860,Volatility 3 windows.dlllist from M57-Jean memory image
M57-Jean,EVT-M57-Jean-DLL-861,,,unknown,memory,dlllist,module,loaded,,,explorer.exe,,1944,,,WINMM.dll,C:\\WINDOWS\\system32\\WINMM.dll,,,,,,,,,,,M57-Jean-MEM-DLL-861,Volatility 3 windows.dlllist from M57-Jean memory image
M57-Jean,EVT-M57-Jean-DLL-862,,,unknown,memory,dlllist,module,loaded,,,explorer.exe,,1944,,,MSACM32.dll,C:\\WINDOWS\\system32\\MSACM32.dll,,,,,,,,,,,M57-Jean-MEM-DLL-862,Volatility 3 windows.dlllist from M57-Jean memory image
M57-Jean,EVT-M57-Jean-DLL-863,,,unknown,memory,dlllist,module,loaded,,,explorer.exe,,1944,,,USERENV.dll,C:\\WINDOWS\\system32\\USERENV.dll,,,,,,,,,,,M57-Jean-MEM-DLL-863,Volatility 3 windows.dlllist from M57-Jean memory image
M57-Jean,EVT-M57-Jean-DLL-864,,,unknown,memory,dlllist,module,loaded,,,explorer.exe,,1944,,,IMM32.DLL,C:\\WINDOWS\\system32\\IMM32.DLL,,,,,,,,,,,M57-Jean-MEM-DLL-864,Volatility 3 windows.dlllist from M57-Jean memory image
M57-Jean,EVT-M57-Jean-DLL-865,,,unknown,memory,dlllist,module,loaded,,,explorer.exe,,1944,,,comctl32.dll,C:\\WINDOWS\\WinSxS\\x86_Microsoft.Windows.Common-Controls_6595b64144ccf1df_6.0.2600.5512_x-ww_35d4ce83\\comctl32.dll,,,,,,,,,,,M57-Jean-MEM-DLL-865,Volatility 3 windows.dlllist from M57-Jean memory image
M57-Jean,EVT-M57-Jean-DLL-866,,,unknown,memory,dlllist,module,loaded,,,explorer.exe,,1944,,,comctl32.dll,C:\\WINDOWS\\system32\\comctl32.dll,,,,,,,,,,,M57-Jean-MEM-DLL-866,Volatility 3 windows.dlllist from M57-Jean memory image
M57-Jean,EVT-M57-Jean-DLL-867,,,unknown,memory,dlllist,module,loaded,,,explorer.exe,,1944,,,msctfime.ime,C:\\WINDOWS\\system32\\msctfime.ime,,,,,,,,,,,M57-Jean-MEM-DLL-867,Volatility 3 windows.dlllist from M57-Jean memory image
M57-Jean,EVT-M57-Jean-DLL-868,,,unknown,memory,dlllist,module,loaded,,,explorer.exe,,1944,,,appHelp.dll,C:\\WINDOWS\\system32\\appHelp.dll,,,,,,,,,,,M57-Jean-MEM-DLL-868,Volatility 3 windows.dlllist from M57-Jean memory image
M57-Jean,EVT-M57-Jean-DLL-869,,,unknown,memory,dlllist,module,loaded,,,explorer.exe,,1944,,,CLBCATQ.DLL,C:\\WINDOWS\\system32\\CLBCATQ.DLL,,,,,,,,,,,M57-Jean-MEM-DLL-869,Volatility 3 windows.dlllist from M57-Jean memory image
M57-Jean,EVT-M57-Jean-DLL-870,,,unknown,memory,dlllist,module,loaded,,,explorer.exe,,1944,,,COMRes.dll,C:\\WINDOWS\\system32\\COMRes.dll,,,,,,,,,,,M57-Jean-MEM-DLL-870,Volatility 3 windows.dlllist from M57-Jean memory image
M57-Jean,EVT-M57-Jean-DLL-871,,,unknown,memory,dlllist,module,loaded,,,explorer.exe,,1944,,,cscui.dll,C:\\WINDOWS\\System32\\cscui.dll,,,,,,,,,,,M57-Jean-MEM-DLL-871,Volatility 3 windows.dlllist from M57-Jean memory image
M57-Jean,EVT-M57-Jean-DLL-872,,,unknown,memory,dlllist,module,loaded,,,explorer.exe,,1944,,,CSCDLL.dll,C:\\WINDOWS\\System32\\CSCDLL.dll,,,,,,,,,,,M57-Jean-MEM-DLL-872,Volatility 3 windows.dlllist from M57-Jean memory image
M57-Jean,EVT-M57-Jean-DLL-873,,,unknown,memory,dlllist,module,loaded,,,explorer.exe,,1944,,,themeui.dll,C:\\WINDOWS\\system32\\themeui.dll,,,,,,,,,,,M57-Jean-MEM-DLL-873,Volatility 3 windows.dlllist from M57-Jean memory image
M57-Jean,EVT-M57-Jean-DLL-874,,,unknown,memory,dlllist,module,loaded,,,explorer.exe,,1944,,,MSIMG32.dll,C:\\WINDOWS\\system32\\MSIMG32.dll,,,,,,,,,,,M57-Jean-MEM-DLL-874,Volatility 3 windows.dlllist from M57-Jean memory image
M57-Jean,EVT-M57-Jean-DLL-875,,,unknown,memory,dlllist,module,loaded,,,explorer.exe,,1944,,,xpsp2res.dll,C:\\WINDOWS\\system32\\xpsp2res.dll,,,,,,,,,,,M57-Jean-MEM-DLL-875,Volatility 3 windows.dlllist from M57-Jean memory image
M57-Jean,EVT-M57-Jean-DLL-876,,,unknown,memory,dlllist,module,loaded,,,explorer.exe,,1944,,,msutb.dll,C:\\WINDOWS\\system32\\msutb.dll,,,,,,,,,,,M57-Jean-MEM-DLL-876,Volatility 3 windows.dlllist from M57-Jean memory image
M57-Jean,EVT-M57-Jean-DLL-877,,,unknown,memory,dlllist,module,loaded,,,explorer.exe,,1944,,,MSCTF.dll,C:\\WINDOWS\\system32\\MSCTF.dll,,,,,,,,,,,M57-Jean-MEM-DLL-877,Volatility 3 windows.dlllist from M57-Jean memory image
M57-Jean,EVT-M57-Jean-DLL-878,,,unknown,memory,dlllist,module,loaded,,,explorer.exe,,1944,,,ntshrui.dll,C:\\WINDOWS\\system32\\ntshrui.dll,,,,,,,,,,,M57-Jean-MEM-DLL-878,Volatility 3 windows.dlllist from M57-Jean memory image
M57-Jean,EVT-M57-Jean-DLL-879,,,unknown,memory,dlllist,module,loaded,,,explorer.exe,,1944,,,ATL.DLL,C:\\WINDOWS\\system32\\ATL.DLL,,,,,,,,,,,M57-Jean-MEM-DLL-879,Volatility 3 windows.dlllist from M57-Jean memory image
M57-Jean,EVT-M57-Jean-DLL-880,,,unknown,memory,dlllist,module,loaded,,,explorer.exe,,1944,,,ieframe.dll,C:\\WINDOWS\\system32\\ieframe.dll,,,,,,,,,,,M57-Jean-MEM-DLL-880,Volatility 3 windows.dlllist from M57-Jean memory image
M57-Jean,EVT-M57-Jean-DLL-881,,,unknown,memory,dlllist,module,loaded,,,explorer.exe,,1944,,,msi.dll,C:\\WINDOWS\\system32\\msi.dll,,,,,,,,,,,M57-Jean-MEM-DLL-881,Volatility 3 windows.dlllist from M57-Jean memory image
M57-Jean,EVT-M57-Jean-DLL-882,,,unknown,memory,dlllist,module,loaded,,,explorer.exe,,1944,,,LINKINFO.dll,C:\\WINDOWS\\system32\\LINKINFO.dll,,,,,,,,,,,M57-Jean-MEM-DLL-882,Volatility 3 windows.dlllist from M57-Jean memory image
M57-Jean,EVT-M57-Jean-DLL-883,,,unknown,memory,dlllist,module,loaded,,,explorer.exe,,1944,,,rsaenh.dll,C:\\WINDOWS\\system32\\rsaenh.dll,,,,,,,,,,,M57-Jean-MEM-DLL-883,Volatility 3 windows.dlllist from M57-Jean memory image
M57-Jean,EVT-M57-Jean-DLL-884,,,unknown,memory,dlllist,module,loaded,,,explorer.exe,,1944,,,WINSTA.dll,C:\\WINDOWS\\system32\\WINSTA.dll,,,,,,,,,,,M57-Jean-MEM-DLL-884,Volatility 3 windows.dlllist from M57-Jean memory image
M57-Jean,EVT-M57-Jean-DLL-885,,,unknown,memory,dlllist,module,loaded,,,explorer.exe,,1944,,,webcheck.dll,C:\\WINDOWS\\system32\\webcheck.dll,,,,,,,,,,,M57-Jean-MEM-DLL-885,Volatility 3 windows.dlllist from M57-Jean memory image
M57-Jean,EVT-M57-Jean-DLL-886,,,unknown,memory,dlllist,module,loaded,,,explorer.exe,,1944,,,MLANG.dll,C:\\WINDOWS\\system32\\MLANG.dll,,,,,,,,,,,M57-Jean-MEM-DLL-886,Volatility 3 windows.dlllist from M57-Jean memory image
M57-Jean,EVT-M57-Jean-DLL-887,,,unknown,memory,dlllist,module,loaded,,,explorer.exe,,1944,,,stobject.dll,C:\\WINDOWS\\system32\\stobject.dll,,,,,,,,,,,M57-Jean-MEM-DLL-887,Volatility 3 windows.dlllist from M57-Jean memory image
M57-Jean,EVT-M57-Jean-DLL-888,,,unknown,memory,dlllist,module,loaded,,,explorer.exe,,1944,,,BatMeter.dll,C:\\WINDOWS\\system32\\BatMeter.dll,,,,,,,,,,,M57-Jean-MEM-DLL-888,Volatility 3 windows.dlllist from M57-Jean memory image
M57-Jean,EVT-M57-Jean-DLL-889,,,unknown,memory,dlllist,module,loaded,,,explorer.exe,,1944,,,POWRPROF.dll,C:\\WINDOWS\\system32\\POWRPROF.dll,,,,,,,,,,,M57-Jean-MEM-DLL-889,Volatility 3 windows.dlllist from M57-Jean memory image
M57-Jean,EVT-M57-Jean-DLL-890,,,unknown,memory,dlllist,module,loaded,,,explorer.exe,,1944,,,SETUPAPI.dll,C:\\WINDOWS\\system32\\SETUPAPI.dll,,,,,,,,,,,M57-Jean-MEM-DLL-890,Volatility 3 windows.dlllist from M57-Jean memory image
M57-Jean,EVT-M57-Jean-DLL-891,,,unknown,memory,dlllist,module,loaded,,,explorer.exe,,1944,,,WTSAPI32.dll,C:\\WINDOWS\\system32\\WTSAPI32.dll,,,,,,,,,,,M57-Jean-MEM-DLL-891,Volatility 3 windows.dlllist from M57-Jean memory image
M57-Jean,EVT-M57-Jean-DLL-892,,,unknown,memory,dlllist,module,loaded,,,explorer.exe,,1944,,,NETSHELL.dll,C:\\WINDOWS\\system32\\NETSHELL.dll,,,,,,,,,,,M57-Jean-MEM-DLL-892,Volatility 3 windows.dlllist from M57-Jean memory image
M57-Jean,EVT-M57-Jean-DLL-893,,,unknown,memory,dlllist,module,loaded,,,explorer.exe,,1944,,,credui.dll,C:\\WINDOWS\\system32\\credui.dll,,,,,,,,,,,M57-Jean-MEM-DLL-893,Volatility 3 windows.dlllist from M57-Jean memory image
M57-Jean,EVT-M57-Jean-DLL-894,,,unknown,memory,dlllist,module,loaded,,,explorer.exe,,1944,,,dot3api.dll,C:\\WINDOWS\\system32\\dot3api.dll,,,,,,,,,,,M57-Jean-MEM-DLL-894,Volatility 3 windows.dlllist from M57-Jean memory image
M57-Jean,EVT-M57-Jean-DLL-895,,,unknown,memory,dlllist,module,loaded,,,explorer.exe,,1944,,,rtutils.dll,C:\\WINDOWS\\system32\\rtutils.dll,,,,,,,,,,,M57-Jean-MEM-DLL-895,Volatility 3 windows.dlllist from M57-Jean memory image
M57-Jean,EVT-M57-Jean-DLL-896,,,unknown,memory,dlllist,module,loaded,,,explorer.exe,,1944,,,dot3dlg.dll,C:\\WINDOWS\\system32\\dot3dlg.dll,,,,,,,,,,,M57-Jean-MEM-DLL-896,Volatility 3 windows.dlllist from M57-Jean memory image
M57-Jean,EVT-M57-Jean-DLL-897,,,unknown,memory,dlllist,module,loaded,,,explorer.exe,,1944,,,OneX.DLL,C:\\WINDOWS\\system32\\OneX.DLL,,,,,,,,,,,M57-Jean-MEM-DLL-897,Volatility 3 windows.dlllist from M57-Jean memory image
M57-Jean,EVT-M57-Jean-DLL-898,,,unknown,memory,dlllist,module,loaded,,,explorer.exe,,1944,,,eappcfg.dll,C:\\WINDOWS\\system32\\eappcfg.dll,,,,,,,,,,,M57-Jean-MEM-DLL-898,Volatility 3 windows.dlllist from M57-Jean memory image
M57-Jean,EVT-M57-Jean-DLL-899,,,unknown,memory,dlllist,module,loaded,,,explorer.exe,,1944,,,MSVCP60.dll,C:\\WINDOWS\\system32\\MSVCP60.dll,,,,,,,,,,,M57-Jean-MEM-DLL-899,Volatility 3 windows.dlllist from M57-Jean memory image
M57-Jean,EVT-M57-Jean-DLL-900,,,unknown,memory,dlllist,module,loaded,,,explorer.exe,,1944,,,eappprxy.dll,C:\\WINDOWS\\system32\\eappprxy.dll,,,,,,,,,,,M57-Jean-MEM-DLL-900,Volatility 3 windows.dlllist from M57-Jean memory image
M57-Jean,EVT-M57-Jean-DLL-901,,,unknown,memory,dlllist,module,loaded,,,explorer.exe,,1944,,,iphlpapi.dll,C:\\WINDOWS\\system32\\iphlpapi.dll,,,,,,,,,,,M57-Jean-MEM-DLL-901,Volatility 3 windows.dlllist from M57-Jean memory image
M57-Jean,EVT-M57-Jean-DLL-902,,,unknown,memory,dlllist,module,loaded,,,explorer.exe,,1944,,,WS2_32.dll,C:\\WINDOWS\\system32\\WS2_32.dll,,,,,,,,,,,M57-Jean-MEM-DLL-902,Volatility 3 windows.dlllist from M57-Jean memory image
M57-Jean,EVT-M57-Jean-DLL-903,,,unknown,memory,dlllist,module,loaded,,,explorer.exe,,1944,,,WS2HELP.dll,C:\\WINDOWS\\system32\\WS2HELP.dll,,,,,,,,,,,M57-Jean-MEM-DLL-903,Volatility 3 windows.dlllist from M57-Jean memory image
M57-Jean,EVT-M57-Jean-DLL-904,,,unknown,memory,dlllist,module,loaded,,,explorer.exe,,1944,,,MPR.dll,C:\\WINDOWS\\system32\\MPR.dll,,,,,,,,,,,M57-Jean-MEM-DLL-904,Volatility 3 windows.dlllist from M57-Jean memory image
M57-Jean,EVT-M57-Jean-DLL-905,,,unknown,memory,dlllist,module,loaded,,,explorer.exe,,1944,,,drprov.dll,C:\\WINDOWS\\System32\\drprov.dll,,,,,,,,,,,M57-Jean-MEM-DLL-905,Volatility 3 windows.dlllist from M57-Jean memory image
M57-Jean,EVT-M57-Jean-DLL-906,,,unknown,memory,dlllist,module,loaded,,,explorer.exe,,1944,,,ntlanman.dll,C:\\WINDOWS\\System32\\ntlanman.dll,,,,,,,,,,,M57-Jean-MEM-DLL-906,Volatility 3 windows.dlllist from M57-Jean memory image
M57-Jean,EVT-M57-Jean-DLL-907,,,unknown,memory,dlllist,module,loaded,,,explorer.exe,,1944,,,NETUI0.dll,C:\\WINDOWS\\System32\\NETUI0.dll,,,,,,,,,,,M57-Jean-MEM-DLL-907,Volatility 3 windows.dlllist from M57-Jean memory image
M57-Jean,EVT-M57-Jean-DLL-908,,,unknown,memory,dlllist,module,loaded,,,explorer.exe,,1944,,,NETUI1.dll,C:\\WINDOWS\\System32\\NETUI1.dll,,,,,,,,,,,M57-Jean-MEM-DLL-908,Volatility 3 windows.dlllist from M57-Jean memory image
M57-Jean,EVT-M57-Jean-DLL-909,,,unknown,memory,dlllist,module,loaded,,,explorer.exe,,1944,,,NETRAP.dll,C:\\WINDOWS\\System32\\NETRAP.dll,,,,,,,,,,,M57-Jean-MEM-DLL-909,Volatility 3 windows.dlllist from M57-Jean memory image
M57-Jean,EVT-M57-Jean-DLL-910,,,unknown,memory,dlllist,module,loaded,,,explorer.exe,,1944,,,SAMLIB.dll,C:\\WINDOWS\\System32\\SAMLIB.dll,,,,,,,,,,,M57-Jean-MEM-DLL-910,Volatility 3 windows.dlllist from M57-Jean memory image
M57-Jean,EVT-M57-Jean-DLL-911,,,unknown,memory,dlllist,module,loaded,,,explorer.exe,,1944,,,davclnt.dll,C:\\WINDOWS\\System32\\davclnt.dll,,,,,,,,,,,M57-Jean-MEM-DLL-911,Volatility 3 windows.dlllist from M57-Jean memory image
M57-Jean,EVT-M57-Jean-DLL-912,,,unknown,memory,dlllist,module,loaded,,,explorer.exe,,1944,,,SXS.DLL,C:\\WINDOWS\\system32\\SXS.DLL,,,,,,,,,,,M57-Jean-MEM-DLL-912,Volatility 3 windows.dlllist from M57-Jean memory image
M57-Jean,EVT-M57-Jean-DLL-913,,,unknown,memory,dlllist,module,loaded,,,explorer.exe,,1944,,,browselc.dll,C:\\WINDOWS\\system32\\browselc.dll,,,,,,,,,,,M57-Jean-MEM-DLL-913,Volatility 3 windows.dlllist from M57-Jean memory image
M57-Jean,EVT-M57-Jean-DLL-914,,,unknown,memory,dlllist,module,loaded,,,explorer.exe,,1944,,,DUSER.dll,C:\\WINDOWS\\system32\\DUSER.dll,,,,,,,,,,,M57-Jean-MEM-DLL-914,Volatility 3 windows.dlllist from M57-Jean memory image
M57-Jean,EVT-M57-Jean-DLL-915,,,unknown,memory,dlllist,module,loaded,,,explorer.exe,,1944,,,shlxthdl.dll,C:\\Program Files\\OpenOffice.org 3\\Basis\\program\\shlxthdl\\shlxthdl.dll,,,,,,,,,,,M57-Jean-MEM-DLL-915,Volatility 3 windows.dlllist from M57-Jean memory image
M57-Jean,EVT-M57-Jean-DLL-916,,,unknown,memory,dlllist,module,loaded,,,explorer.exe,,1944,,,gdiplus.dll,C:\\WINDOWS\\WinSxS\\x86_Microsoft.Windows.GdiPlus_6595b64144ccf1df_1.0.6001.22319_x-ww_f0b4c2df\\gdiplus.dll,,,,,,,,,,,M57-Jean-MEM-DLL-916,Volatility 3 windows.dlllist from M57-Jean memory image
M57-Jean,EVT-M57-Jean-DLL-917,,,unknown,memory,dlllist,module,loaded,,,explorer.exe,,1944,,,MSVCR90.dll,C:\\WINDOWS\\WinSxS\\x86_Microsoft.VC90.CRT_1fc8b3b9a1e18e3b_9.0.21022.8_x-ww_d08d0375\\MSVCR90.dll,,,,,,,,,,,M57-Jean-MEM-DLL-917,Volatility 3 windows.dlllist from M57-Jean memory image
M57-Jean,EVT-M57-Jean-DLL-918,,,unknown,memory,dlllist,module,loaded,,,explorer.exe,,1944,,,stlport_vc7145.dll,C:\\Program Files\\OpenOffice.org 3\\Basis\\program\\shlxthdl\\stlport_vc7145.dll,,,,,,,,,,,M57-Jean-MEM-DLL-918,Volatility 3 windows.dlllist from M57-Jean memory image
M57-Jean,EVT-M57-Jean-DLL-919,,,unknown,memory,dlllist,module,loaded,,,explorer.exe,,1944,,,PDFShell.dll,C:\\Program Files\\Common Files\\Adobe\\Acrobat\\ActiveX\\PDFShell.dll,,,,,,,,,,,M57-Jean-MEM-DLL-919,Volatility 3 windows.dlllist from M57-Jean memory image
M57-Jean,EVT-M57-Jean-DLL-920,,,unknown,memory,dlllist,module,loaded,,,explorer.exe,,1944,,,MSVCR80.dll,C:\\WINDOWS\\WinSxS\\x86_Microsoft.VC80.CRT_1fc8b3b9a1e18e3b_8.0.50727.4053_x-ww_e6967989\\MSVCR80.dll,,,,,,,,,,,M57-Jean-MEM-DLL-920,Volatility 3 windows.dlllist from M57-Jean memory image
M57-Jean,EVT-M57-Jean-DLL-921,,,unknown,memory,dlllist,module,loaded,,,explorer.exe,,1944,,,actxprxy.dll,C:\\WINDOWS\\system32\\actxprxy.dll,,,,,,,,,,,M57-Jean-MEM-DLL-921,Volatility 3 windows.dlllist from M57-Jean memory image
M57-Jean,EVT-M57-Jean-DLL-922,,,unknown,memory,dlllist,module,loaded,,,explorer.exe,,1944,,,shdoclc.dll,C:\\WINDOWS\\system32\\shdoclc.dll,,,,,,,,,,,M57-Jean-MEM-DLL-922,Volatility 3 windows.dlllist from M57-Jean memory image
M57-Jean,EVT-M57-Jean-DLL-923,,,unknown,memory,dlllist,module,loaded,,,explorer.exe,,1944,,,mscms.dll,C:\\WINDOWS\\system32\\mscms.dll,,,,,,,,,,,M57-Jean-MEM-DLL-923,Volatility 3 windows.dlllist from M57-Jean memory image
M57-Jean,EVT-M57-Jean-DLL-924,,,unknown,memory,dlllist,module,loaded,,,explorer.exe,,1944,,,WINSPOOL.DRV,C:\\WINDOWS\\system32\\WINSPOOL.DRV,,,,,,,,,,,M57-Jean-MEM-DLL-924,Volatility 3 windows.dlllist from M57-Jean memory image
M57-Jean,EVT-M57-Jean-DLL-925,,,unknown,memory,dlllist,module,loaded,,,explorer.exe,,1944,,,mydocs.dll,C:\\WINDOWS\\system32\\mydocs.dll,,,,,,,,,,,M57-Jean-MEM-DLL-925,Volatility 3 windows.dlllist from M57-Jean memory image
M57-Jean,EVT-M57-Jean-DLL-926,,,unknown,memory,dlllist,module,loaded,,,explorer.exe,,1944,,,zipfldr.dll,C:\\WINDOWS\\system32\\zipfldr.dll,,,,,,,,,,,M57-Jean-MEM-DLL-926,Volatility 3 windows.dlllist from M57-Jean memory image
M57-Jean,EVT-M57-Jean-DLL-927,,,unknown,memory,dlllist,module,loaded,,,explorer.exe,,1944,,,avgse.dll,C:\\Program Files\\AVG\\AVG9\\avgse.dll,,,,,,,,,,,M57-Jean-MEM-DLL-927,Volatility 3 windows.dlllist from M57-Jean memory image
M57-Jean,EVT-M57-Jean-DLL-928,,,unknown,memory,dlllist,module,loaded,,,explorer.exe,,1944,,,MSVCP80.dll,C:\\WINDOWS\\WinSxS\\x86_Microsoft.VC80.CRT_1fc8b3b9a1e18e3b_8.0.50727.4053_x-ww_e6967989\\MSVCP80.dll,,,,,,,,,,,M57-Jean-MEM-DLL-928,Volatility 3 windows.dlllist from M57-Jean memory image
M57-Jean,EVT-M57-Jean-DLL-929,,,unknown,memory,dlllist,module,loaded,,,explorer.exe,,1944,,,MSGINA.dll,C:\\WINDOWS\\system32\\MSGINA.dll,,,,,,,,,,,M57-Jean-MEM-DLL-929,Volatility 3 windows.dlllist from M57-Jean memory image
M57-Jean,EVT-M57-Jean-DLL-930,,,unknown,memory,dlllist,module,loaded,,,explorer.exe,,1944,,,ODBC32.dll,C:\\WINDOWS\\system32\\ODBC32.dll,,,,,,,,,,,M57-Jean-MEM-DLL-930,Volatility 3 windows.dlllist from M57-Jean memory image
M57-Jean,EVT-M57-Jean-DLL-931,,,unknown,memory,dlllist,module,loaded,,,explorer.exe,,1944,,,comdlg32.dll,C:\\WINDOWS\\system32\\comdlg32.dll,,,,,,,,,,,M57-Jean-MEM-DLL-931,Volatility 3 windows.dlllist from M57-Jean memory image
M57-Jean,EVT-M57-Jean-DLL-932,,,unknown,memory,dlllist,module,loaded,,,explorer.exe,,1944,,,odbcint.dll,C:\\WINDOWS\\system32\\odbcint.dll,,,,,,,,,,,M57-Jean-MEM-DLL-932,Volatility 3 windows.dlllist from M57-Jean memory image
M57-Jean,EVT-M57-Jean-DLL-933,,,unknown,memory,dlllist,module,loaded,,,explorer.exe,,1944,,,MPRUI.dll,C:\\WINDOWS\\system32\\MPRUI.dll,,,,,,,,,,,M57-Jean-MEM-DLL-933,Volatility 3 windows.dlllist from M57-Jean memory image
M57-Jean,EVT-M57-Jean-DLL-934,,,unknown,memory,dlllist,module,loaded,,,explorer.exe,,1944,,,NETUI2.dll,C:\\WINDOWS\\system32\\NETUI2.dll,,,,,,,,,,,M57-Jean-MEM-DLL-934,Volatility 3 windows.dlllist from M57-Jean memory image
M57-Jean,EVT-M57-Jean-DLL-935,,,unknown,memory,dlllist,module,loaded,,,explorer.exe,,1944,,,netmsg.dll,C:\\WINDOWS\\system32\\netmsg.dll,,,,,,,,,,,M57-Jean-MEM-DLL-935,Volatility 3 windows.dlllist from M57-Jean memory image
M57-Jean,EVT-M57-Jean-DLL-936,,,unknown,memory,dlllist,module,loaded,,,explorer.exe,,1944,,,WinSCard.dll,C:\\WINDOWS\\system32\\WinSCard.dll,,,,,,,,,,,M57-Jean-MEM-DLL-936,Volatility 3 windows.dlllist from M57-Jean memory image
M57-Jean,EVT-M57-Jean-DLL-937,,,unknown,memory,dlllist,module,loaded,,,explorer.exe,,1944,,,twext.dll,C:\\WINDOWS\\system32\\twext.dll,,,,,,,,,,,M57-Jean-MEM-DLL-937,Volatility 3 windows.dlllist from M57-Jean memory image
M57-Jean,EVT-M57-Jean-DLL-938,,,unknown,memory,dlllist,module,loaded,,,explorer.exe,,1944,,,ACTIVEDS.dll,C:\\WINDOWS\\system32\\ACTIVEDS.dll,,,,,,,,,,,M57-Jean-MEM-DLL-938,Volatility 3 windows.dlllist from M57-Jean memory image
M57-Jean,EVT-M57-Jean-DLL-939,,,unknown,memory,dlllist,module,loaded,,,explorer.exe,,1944,,,adsldpc.dll,C:\\WINDOWS\\system32\\adsldpc.dll,,,,,,,,,,,M57-Jean-MEM-DLL-939,Volatility 3 windows.dlllist from M57-Jean memory image
M57-Jean,EVT-M57-Jean-DLL-940,,,unknown,memory,dlllist,module,loaded,,,avgtray.exe,,1508,,,avgtray.exe,C:\\PROGRA~1\\AVG\\AVG9\\avgtray.exe,,,,,,,,,,,M57-Jean-MEM-DLL-940,Volatility 3 windows.dlllist from M57-Jean memory image
M57-Jean,EVT-M57-Jean-DLL-941,,,unknown,memory,dlllist,module,loaded,,,avgtray.exe,,1508,,,,,,,,,,,,,,,M57-Jean-MEM-DLL-941,Volatility 3 windows.dlllist from M57-Jean memory image
M57-Jean,EVT-M57-Jean-DLL-942,,,unknown,memory,dlllist,module,loaded,,,avgtray.exe,,1508,,,kernel32.dll,C:\\WINDOWS\\system32\\kernel32.dll,,,,,,,,,,,M57-Jean-MEM-DLL-942,Volatility 3 windows.dlllist from M57-Jean memory image
M57-Jean,EVT-M57-Jean-DLL-943,,,unknown,memory,dlllist,module,loaded,,,avgtray.exe,,1508,,,MSVFW32.dll,C:\\WINDOWS\\system32\\MSVFW32.dll,,,,,,,,,,,M57-Jean-MEM-DLL-943,Volatility 3 windows.dlllist from M57-Jean memory image
M57-Jean,EVT-M57-Jean-DLL-944,,,unknown,memory,dlllist,module,loaded,,,avgtray.exe,,1508,,,USER32.dll,C:\\WINDOWS\\system32\\USER32.dll,,,,,,,,,,,M57-Jean-MEM-DLL-944,Volatility 3 windows.dlllist from M57-Jean memory image
M57-Jean,EVT-M57-Jean-DLL-945,,,unknown,memory,dlllist,module,loaded,,,avgtray.exe,,1508,,,GDI32.dll,C:\\WINDOWS\\system32\\GDI32.dll,,,,,,,,,,,M57-Jean-MEM-DLL-945,Volatility 3 windows.dlllist from M57-Jean memory image
M57-Jean,EVT-M57-Jean-DLL-946,,,unknown,memory,dlllist,module,loaded,,,avgtray.exe,,1508,,,WINMM.dll,C:\\WINDOWS\\system32\\WINMM.dll,,,,,,,,,,,M57-Jean-MEM-DLL-946,Volatility 3 windows.dlllist from M57-Jean memory image
M57-Jean,EVT-M57-Jean-DLL-947,,,unknown,memory,dlllist,module,loaded,,,avgtray.exe,,1508,,,ADVAPI32.dll,C:\\WINDOWS\\system32\\ADVAPI32.dll,,,,,,,,,,,M57-Jean-MEM-DLL-947,Volatility 3 windows.dlllist from M57-Jean memory image
M57-Jean,EVT-M57-Jean-DLL-948,,,unknown,memory,dlllist,module,loaded,,,avgtray.exe,,1508,,,RPCRT4.dll,C:\\WINDOWS\\system32\\RPCRT4.dll,,,,,,,,,,,M57-Jean-MEM-DLL-948,Volatility 3 windows.dlllist from M57-Jean memory image
M57-Jean,EVT-M57-Jean-DLL-949,,,unknown,memory,dlllist,module,loaded,,,avgtray.exe,,1508,,,Secur32.dll,C:\\WINDOWS\\system32\\Secur32.dll,,,,,,,,,,,M57-Jean-MEM-DLL-949,Volatility 3 windows.dlllist from M57-Jean memory image
M57-Jean,EVT-M57-Jean-DLL-950,,,unknown,memory,dlllist,module,loaded,,,avgtray.exe,,1508,,,SHELL32.dll,C:\\WINDOWS\\system32\\SHELL32.dll,,,,,,,,,,,M57-Jean-MEM-DLL-950,Volatility 3 windows.dlllist from M57-Jean memory image
M57-Jean,EVT-M57-Jean-DLL-951,,,unknown,memory,dlllist,module,loaded,,,avgtray.exe,,1508,,,msvcrt.dll,C:\\WINDOWS\\system32\\msvcrt.dll,,,,,,,,,,,M57-Jean-MEM-DLL-951,Volatility 3 windows.dlllist from M57-Jean memory image
M57-Jean,EVT-M57-Jean-DLL-952,,,unknown,memory,dlllist,module,loaded,,,avgtray.exe,,1508,,,SHLWAPI.dll,C:\\WINDOWS\\system32\\SHLWAPI.dll,,,,,,,,,,,M57-Jean-MEM-DLL-952,Volatility 3 windows.dlllist from M57-Jean memory image
M57-Jean,EVT-M57-Jean-DLL-953,,,unknown,memory,dlllist,module,loaded,,,avgtray.exe,,1508,,,COMCTL32.dll,C:\\WINDOWS\\WinSxS\\x86_Microsoft.Windows.Common-Controls_6595b64144ccf1df_6.0.2600.5512_x-ww_35d4ce83\\COMCTL32.dll,,,,,,,,,,,M57-Jean-MEM-DLL-953,Volatility 3 windows.dlllist from M57-Jean memory image
M57-Jean,EVT-M57-Jean-DLL-954,,,unknown,memory,dlllist,module,loaded,,,avgtray.exe,,1508,,,MFC80U.DLL,C:\\WINDOWS\\WinSxS\\x86_Microsoft.VC80.MFC_1fc8b3b9a1e18e3b_8.0.50727.4053_x-ww_b77cec8e\\MFC80U.DLL,,,,,,,,,,,M57-Jean-MEM-DLL-954,Volatility 3 windows.dlllist from M57-Jean memory image
M57-Jean,EVT-M57-Jean-DLL-955,,,unknown,memory,dlllist,module,loaded,,,avgtray.exe,,1508,,,MSVCR80.dll,C:\\WINDOWS\\WinSxS\\x86_Microsoft.VC80.CRT_1fc8b3b9a1e18e3b_8.0.50727.4053_x-ww_e6967989\\MSVCR80.dll,,,,,,,,,,,M57-Jean-MEM-DLL-955,Volatility 3 windows.dlllist from M57-Jean memory image
M57-Jean,EVT-M57-Jean-DLL-956,,,unknown,memory,dlllist,module,loaded,,,avgtray.exe,,1508,,,MSIMG32.dll,C:\\WINDOWS\\system32\\MSIMG32.dll,,,,,,,,,,,M57-Jean-MEM-DLL-956,Volatility 3 windows.dlllist from M57-Jean memory image
M57-Jean,EVT-M57-Jean-DLL-957,,,unknown,memory,dlllist,module,loaded,,,avgtray.exe,,1508,,,OLEAUT32.dll,C:\\WINDOWS\\system32\\OLEAUT32.dll,,,,,,,,,,,M57-Jean-MEM-DLL-957,Volatility 3 windows.dlllist from M57-Jean memory image
M57-Jean,EVT-M57-Jean-DLL-958,,,unknown,memory,dlllist,module,loaded,,,avgtray.exe,,1508,,,ole32.dll,C:\\WINDOWS\\system32\\ole32.dll,,,,,,,,,,,M57-Jean-MEM-DLL-958,Volatility 3 windows.dlllist from M57-Jean memory image
M57-Jean,EVT-M57-Jean-DLL-959,,,unknown,memory,dlllist,module,loaded,,,avgtray.exe,,1508,,,MSVCP80.dll,C:\\WINDOWS\\WinSxS\\x86_Microsoft.VC80.CRT_1fc8b3b9a1e18e3b_8.0.50727.4053_x-ww_e6967989\\MSVCP80.dll,,,,,,,,,,,M57-Jean-MEM-DLL-959,Volatility 3 windows.dlllist from M57-Jean memory image
M57-Jean,EVT-M57-Jean-DLL-960,,,unknown,memory,dlllist,module,loaded,,,avgtray.exe,,1508,,,VERSION.dll,C:\\WINDOWS\\system32\\VERSION.dll,,,,,,,,,,,M57-Jean-MEM-DLL-960,Volatility 3 windows.dlllist from M57-Jean memory image
M57-Jean,EVT-M57-Jean-DLL-961,,,unknown,memory,dlllist,module,loaded,,,avgtray.exe,,1508,,,IMM32.DLL,C:\\WINDOWS\\system32\\IMM32.DLL,,,,,,,,,,,M57-Jean-MEM-DLL-961,Volatility 3 windows.dlllist from M57-Jean memory image
M57-Jean,EVT-M57-Jean-DLL-962,,,unknown,memory,dlllist,module,loaded,,,avgtray.exe,,1508,,,MFC80ENU.DLL,C:\\WINDOWS\\WinSxS\\x86_Microsoft.VC80.MFCLOC_1fc8b3b9a1e18e3b_8.0.50727.4053_x-ww_0ccc058c\\MFC80ENU.DLL,,,,,,,,,,,M57-Jean-MEM-DLL-962,Volatility 3 windows.dlllist from M57-Jean memory image
M57-Jean,EVT-M57-Jean-DLL-963,,,unknown,memory,dlllist,module,loaded,,,avgtray.exe,,1508,,,avglogx.dll,C:\\Program Files\\AVG\\AVG9\\avglogx.dll,,,,,,,,,,,M57-Jean-MEM-DLL-963,Volatility 3 windows.dlllist from M57-Jean memory image
M57-Jean,EVT-M57-Jean-DLL-964,,,unknown,memory,dlllist,module,loaded,,,avgtray.exe,,1508,,,avgcfgx.dll,C:\\Program Files\\AVG\\AVG9\\avgcfgx.dll,,,,,,,,,,,M57-Jean-MEM-DLL-964,Volatility 3 windows.dlllist from M57-Jean memory image
M57-Jean,EVT-M57-Jean-DLL-965,,,unknown,memory,dlllist,module,loaded,,,avgtray.exe,,1508,,,avglngx.dll,C:\\Program Files\\AVG\\AVG9\\avglngx.dll,,,,,,,,,,,M57-Jean-MEM-DLL-965,Volatility 3 windows.dlllist from M57-Jean memory image
M57-Jean,EVT-M57-Jean-DLL-966,,,unknown,memory,dlllist,module,loaded,,,avgtray.exe,,1508,,,uxtheme.dll,C:\\WINDOWS\\system32\\uxtheme.dll,,,,,,,,,,,M57-Jean-MEM-DLL-966,Volatility 3 windows.dlllist from M57-Jean memory image
M57-Jean,EVT-M57-Jean-DLL-967,,,unknown,memory,dlllist,module,loaded,,,avgtray.exe,,1508,,,avguires.dll,C:\\Program Files\\AVG\\AVG9\\avguires.dll,,,,,,,,,,,M57-Jean-MEM-DLL-967,Volatility 3 windows.dlllist from M57-Jean memory image
M57-Jean,EVT-M57-Jean-DLL-968,,,unknown,memory,dlllist,module,loaded,,,avgtray.exe,,1508,,,avgidpsdkx.dll,C:\\Program Files\\AVG\\AVG9\\avgidpsdkx.dll,,,,,,,,,,,M57-Jean-MEM-DLL-968,Volatility 3 windows.dlllist from M57-Jean memory image
M57-Jean,EVT-M57-Jean-DLL-969,,,unknown,memory,dlllist,module,loaded,,,avgtray.exe,,1508,,,PSAPI.DLL,C:\\WINDOWS\\system32\\PSAPI.DLL,,,,,,,,,,,M57-Jean-MEM-DLL-969,Volatility 3 windows.dlllist from M57-Jean memory image
M57-Jean,EVT-M57-Jean-DLL-970,,,unknown,memory,dlllist,module,loaded,,,avgtray.exe,,1508,,,MSCTF.dll,C:\\WINDOWS\\system32\\MSCTF.dll,,,,,,,,,,,M57-Jean-MEM-DLL-970,Volatility 3 windows.dlllist from M57-Jean memory image
M57-Jean,EVT-M57-Jean-DLL-971,,,unknown,memory,dlllist,module,loaded,,,avgtray.exe,,1508,,,msctfime.ime,C:\\WINDOWS\\system32\\msctfime.ime,,,,,,,,,,,M57-Jean-MEM-DLL-971,Volatility 3 windows.dlllist from M57-Jean memory image
M57-Jean,EVT-M57-Jean-DLL-972,,,unknown,memory,dlllist,module,loaded,,,avgtray.exe,,1508,,,Apphelp.dll,C:\\WINDOWS\\system32\\Apphelp.dll,,,,,,,,,,,M57-Jean-MEM-DLL-972,Volatility 3 windows.dlllist from M57-Jean memory image
M57-Jean,EVT-M57-Jean-DLL-973,,,unknown,memory,dlllist,module,loaded,,,msmsgs.exe,,1752,,,msmsgs.exe,C:\\Program Files\\Messenger\\msmsgs.exe,,,,,,,,,,,M57-Jean-MEM-DLL-973,Volatility 3 windows.dlllist from M57-Jean memory image
M57-Jean,EVT-M57-Jean-DLL-974,,,unknown,memory,dlllist,module,loaded,,,msmsgs.exe,,1752,,,,,,,,,,,,,,,M57-Jean-MEM-DLL-974,Volatility 3 windows.dlllist from M57-Jean memory image
M57-Jean,EVT-M57-Jean-DLL-975,,,unknown,memory,dlllist,module,loaded,,,msmsgs.exe,,1752,,,kernel32.dll,C:\\WINDOWS\\system32\\kernel32.dll,,,,,,,,,,,M57-Jean-MEM-DLL-975,Volatility 3 windows.dlllist from M57-Jean memory image
M57-Jean,EVT-M57-Jean-DLL-976,,,unknown,memory,dlllist,module,loaded,,,msmsgs.exe,,1752,,,msvcrt.dll,C:\\WINDOWS\\system32\\msvcrt.dll,,,,,,,,,,,M57-Jean-MEM-DLL-976,Volatility 3 windows.dlllist from M57-Jean memory image
M57-Jean,EVT-M57-Jean-DLL-977,,,unknown,memory,dlllist,module,loaded,,,msmsgs.exe,,1752,,,ADVAPI32.dll,C:\\WINDOWS\\system32\\ADVAPI32.dll,,,,,,,,,,,M57-Jean-MEM-DLL-977,Volatility 3 windows.dlllist from M57-Jean memory image
M57-Jean,EVT-M57-Jean-DLL-978,,,unknown,memory,dlllist,module,loaded,,,msmsgs.exe,,1752,,,RPCRT4.dll,C:\\WINDOWS\\system32\\RPCRT4.dll,,,,,,,,,,,M57-Jean-MEM-DLL-978,Volatility 3 windows.dlllist from M57-Jean memory image
M57-Jean,EVT-M57-Jean-DLL-979,,,unknown,memory,dlllist,module,loaded,,,msmsgs.exe,,1752,,,Secur32.dll,C:\\WINDOWS\\system32\\Secur32.dll,,,,,,,,,,,M57-Jean-MEM-DLL-979,Volatility 3 windows.dlllist from M57-Jean memory image
M57-Jean,EVT-M57-Jean-DLL-980,,,unknown,memory,dlllist,module,loaded,,,msmsgs.exe,,1752,,,GDI32.dll,C:\\WINDOWS\\system32\\GDI32.dll,,,,,,,,,,,M57-Jean-MEM-DLL-980,Volatility 3 windows.dlllist from M57-Jean memory image
M57-Jean,EVT-M57-Jean-DLL-981,,,unknown,memory,dlllist,module,loaded,,,msmsgs.exe,,1752,,,USER32.dll,C:\\WINDOWS\\system32\\USER32.dll,,,,,,,,,,,M57-Jean-MEM-DLL-981,Volatility 3 windows.dlllist from M57-Jean memory image
M57-Jean,EVT-M57-Jean-DLL-982,,,unknown,memory,dlllist,module,loaded,,,msmsgs.exe,,1752,,,WSOCK32.dll,C:\\WINDOWS\\system32\\WSOCK32.dll,,,,,,,,,,,M57-Jean-MEM-DLL-982,Volatility 3 windows.dlllist from M57-Jean memory image
M57-Jean,EVT-M57-Jean-DLL-983,,,unknown,memory,dlllist,module,loaded,,,msmsgs.exe,,1752,,,WS2_32.dll,C:\\WINDOWS\\system32\\WS2_32.dll,,,,,,,,,,,M57-Jean-MEM-DLL-983,Volatility 3 windows.dlllist from M57-Jean memory image
M57-Jean,EVT-M57-Jean-DLL-984,,,unknown,memory,dlllist,module,loaded,,,msmsgs.exe,,1752,,,WS2HELP.dll,C:\\WINDOWS\\system32\\WS2HELP.dll,,,,,,,,,,,M57-Jean-MEM-DLL-984,Volatility 3 windows.dlllist from M57-Jean memory image
M57-Jean,EVT-M57-Jean-DLL-985,,,unknown,memory,dlllist,module,loaded,,,msmsgs.exe,,1752,,,ole32.dll,C:\\WINDOWS\\system32\\ole32.dll,,,,,,,,,,,M57-Jean-MEM-DLL-985,Volatility 3 windows.dlllist from M57-Jean memory image
M57-Jean,EVT-M57-Jean-DLL-986,,,unknown,memory,dlllist,module,loaded,,,msmsgs.exe,,1752,,,OLEAUT32.dll,C:\\WINDOWS\\system32\\OLEAUT32.dll,,,,,,,,,,,M57-Jean-MEM-DLL-986,Volatility 3 windows.dlllist from M57-Jean memory image
M57-Jean,EVT-M57-Jean-DLL-987,,,unknown,memory,dlllist,module,loaded,,,msmsgs.exe,,1752,,,COMCTL32.dll,C:\\WINDOWS\\WinSxS\\X86_Microsoft.Windows.Common-Controls_6595b64144ccf1df_6.0.2600.5512_x-ww_35d4ce83\\COMCTL32.dll,,,,,,,,,,,M57-Jean-MEM-DLL-987,Volatility 3 windows.dlllist from M57-Jean memory image
M57-Jean,EVT-M57-Jean-DLL-988,,,unknown,memory,dlllist,module,loaded,,,msmsgs.exe,,1752,,,SHLWAPI.dll,C:\\WINDOWS\\system32\\SHLWAPI.dll,,,,,,,,,,,M57-Jean-MEM-DLL-988,Volatility 3 windows.dlllist from M57-Jean memory image
M57-Jean,EVT-M57-Jean-DLL-989,,,unknown,memory,dlllist,module,loaded,,,msmsgs.exe,,1752,,,comdlg32.dll,C:\\WINDOWS\\system32\\comdlg32.dll,,,,,,,,,,,M57-Jean-MEM-DLL-989,Volatility 3 windows.dlllist from M57-Jean memory image
M57-Jean,EVT-M57-Jean-DLL-990,,,unknown,memory,dlllist,module,loaded,,,msmsgs.exe,,1752,,,SHELL32.dll,C:\\WINDOWS\\system32\\SHELL32.dll,,,,,,,,,,,M57-Jean-MEM-DLL-990,Volatility 3 windows.dlllist from M57-Jean memory image
M57-Jean,EVT-M57-Jean-DLL-991,,,unknown,memory,dlllist,module,loaded,,,msmsgs.exe,,1752,,,VERSION.dll,C:\\WINDOWS\\system32\\VERSION.dll,,,,,,,,,,,M57-Jean-MEM-DLL-991,Volatility 3 windows.dlllist from M57-Jean memory image
M57-Jean,EVT-M57-Jean-DLL-992,,,unknown,memory,dlllist,module,loaded,,,msmsgs.exe,,1752,,,WINMM.dll,C:\\WINDOWS\\system32\\WINMM.dll,,,,,,,,,,,M57-Jean-MEM-DLL-992,Volatility 3 windows.dlllist from M57-Jean memory image
M57-Jean,EVT-M57-Jean-DLL-993,,,unknown,memory,dlllist,module,loaded,,,msmsgs.exe,,1752,,,gdiplus.dll,C:\\WINDOWS\\WinSxS\\x86_Microsoft.Windows.GdiPlus_6595b64144ccf1df_1.0.6001.22319_x-ww_f0b4c2df\\gdiplus.dll,,,,,,,,,,,M57-Jean-MEM-DLL-993,Volatility 3 windows.dlllist from M57-Jean memory image
M57-Jean,EVT-M57-Jean-DLL-994,,,unknown,memory,dlllist,module,loaded,,,msmsgs.exe,,1752,,,MSIMG32.dll,C:\\WINDOWS\\system32\\MSIMG32.dll,,,,,,,,,,,M57-Jean-MEM-DLL-994,Volatility 3 windows.dlllist from M57-Jean memory image
M57-Jean,EVT-M57-Jean-DLL-995,,,unknown,memory,dlllist,module,loaded,,,msmsgs.exe,,1752,,,NETAPI32.dll,C:\\WINDOWS\\system32\\NETAPI32.dll,,,,,,,,,,,M57-Jean-MEM-DLL-995,Volatility 3 windows.dlllist from M57-Jean memory image
M57-Jean,EVT-M57-Jean-DLL-996,,,unknown,memory,dlllist,module,loaded,,,msmsgs.exe,,1752,,,WININET.dll,C:\\WINDOWS\\system32\\WININET.dll,,,,,,,,,,,M57-Jean-MEM-DLL-996,Volatility 3 windows.dlllist from M57-Jean memory image
M57-Jean,EVT-M57-Jean-DLL-997,,,unknown,memory,dlllist,module,loaded,,,msmsgs.exe,,1752,,,Normaliz.dll,C:\\WINDOWS\\system32\\Normaliz.dll,,,,,,,,,,,M57-Jean-MEM-DLL-997,Volatility 3 windows.dlllist from M57-Jean memory image
M57-Jean,EVT-M57-Jean-DLL-998,,,unknown,memory,dlllist,module,loaded,,,msmsgs.exe,,1752,,,urlmon.dll,C:\\WINDOWS\\system32\\urlmon.dll,,,,,,,,,,,M57-Jean-MEM-DLL-998,Volatility 3 windows.dlllist from M57-Jean memory image
M57-Jean,EVT-M57-Jean-DLL-999,,,unknown,memory,dlllist,module,loaded,,,msmsgs.exe,,1752,,,iertutil.dll,C:\\WINDOWS\\system32\\iertutil.dll,,,,,,,,,,,M57-Jean-MEM-DLL-999,Volatility 3 windows.dlllist from M57-Jean memory image
M57-Jean,EVT-M57-Jean-DLL-1000,,,unknown,memory,dlllist,module,loaded,,,msmsgs.exe,,1752,,,cryptdll.dll,C:\\WINDOWS\\system32\\cryptdll.dll,,,,,,,,,,,M57-Jean-MEM-DLL-1000,Volatility 3 windows.dlllist from M57-Jean memory image
M57-Jean,EVT-M57-Jean-DLL-1001,,,unknown,memory,dlllist,module,loaded,,,msmsgs.exe,,1752,,,iphlpapi.dll,C:\\WINDOWS\\system32\\iphlpapi.dll,,,,,,,,,,,M57-Jean-MEM-DLL-1001,Volatility 3 windows.dlllist from M57-Jean memory image
M57-Jean,EVT-M57-Jean-DLL-1002,,,unknown,memory,dlllist,module,loaded,,,msmsgs.exe,,1752,,,IMM32.DLL,C:\\WINDOWS\\system32\\IMM32.DLL,,,,,,,,,,,M57-Jean-MEM-DLL-1002,Volatility 3 windows.dlllist from M57-Jean memory image
M57-Jean,EVT-M57-Jean-DLL-1003,,,unknown,memory,dlllist,module,loaded,,,msmsgs.exe,,1752,,,uxtheme.dll,C:\\WINDOWS\\system32\\uxtheme.dll,,,,,,,,,,,M57-Jean-MEM-DLL-1003,Volatility 3 windows.dlllist from M57-Jean memory image
M57-Jean,EVT-M57-Jean-DLL-1004,,,unknown,memory,dlllist,module,loaded,,,msmsgs.exe,,1752,,,MSCTF.dll,C:\\WINDOWS\\system32\\MSCTF.dll,,,,,,,,,,,M57-Jean-MEM-DLL-1004,Volatility 3 windows.dlllist from M57-Jean memory image
M57-Jean,EVT-M57-Jean-DLL-1005,,,unknown,memory,dlllist,module,loaded,,,msmsgs.exe,,1752,,,XPOB2RES.DLL,C:\\WINDOWS\\system32\\XPOB2RES.DLL,,,,,,,,,,,M57-Jean-MEM-DLL-1005,Volatility 3 windows.dlllist from M57-Jean memory image
M57-Jean,EVT-M57-Jean-DLL-1006,,,unknown,memory,dlllist,module,loaded,,,msmsgs.exe,,1752,,,CLBCATQ.DLL,C:\\WINDOWS\\system32\\CLBCATQ.DLL,,,,,,,,,,,M57-Jean-MEM-DLL-1006,Volatility 3 windows.dlllist from M57-Jean memory image
M57-Jean,EVT-M57-Jean-DLL-1007,,,unknown,memory,dlllist,module,loaded,,,msmsgs.exe,,1752,,,COMRes.dll,C:\\WINDOWS\\system32\\COMRes.dll,,,,,,,,,,,M57-Jean-MEM-DLL-1007,Volatility 3 windows.dlllist from M57-Jean memory image
M57-Jean,EVT-M57-Jean-DLL-1008,,,unknown,memory,dlllist,module,loaded,,,msmsgs.exe,,1752,,,xpsp2res.dll,C:\\WINDOWS\\system32\\xpsp2res.dll,,,,,,,,,,,M57-Jean-MEM-DLL-1008,Volatility 3 windows.dlllist from M57-Jean memory image
M57-Jean,EVT-M57-Jean-DLL-1009,,,unknown,memory,dlllist,module,loaded,,,msmsgs.exe,,1752,,,msctfime.ime,C:\\WINDOWS\\system32\\msctfime.ime,,,,,,,,,,,M57-Jean-MEM-DLL-1009,Volatility 3 windows.dlllist from M57-Jean memory image
M57-Jean,EVT-M57-Jean-DLL-1010,,,unknown,memory,dlllist,module,loaded,,,msmsgs.exe,,1752,,,SXS.DLL,C:\\WINDOWS\\system32\\SXS.DLL,,,,,,,,,,,M57-Jean-MEM-DLL-1010,Volatility 3 windows.dlllist from M57-Jean memory image
M57-Jean,EVT-M57-Jean-DLL-1011,,,unknown,memory,dlllist,module,loaded,,,msmsgs.exe,,1752,,,es.dll,C:\\WINDOWS\\system32\\es.dll,,,,,,,,,,,M57-Jean-MEM-DLL-1011,Volatility 3 windows.dlllist from M57-Jean memory image
M57-Jean,EVT-M57-Jean-DLL-1012,,,unknown,memory,dlllist,module,loaded,,,msmsgs.exe,,1752,,,wtsapi32.dll,C:\\WINDOWS\\system32\\wtsapi32.dll,,,,,,,,,,,M57-Jean-MEM-DLL-1012,Volatility 3 windows.dlllist from M57-Jean memory image
M57-Jean,EVT-M57-Jean-DLL-1013,,,unknown,memory,dlllist,module,loaded,,,msmsgs.exe,,1752,,,WINSTA.dll,C:\\WINDOWS\\system32\\WINSTA.dll,,,,,,,,,,,M57-Jean-MEM-DLL-1013,Volatility 3 windows.dlllist from M57-Jean memory image
M57-Jean,EVT-M57-Jean-DLL-1014,,,unknown,memory,dlllist,module,loaded,,,msmsgs.exe,,1752,,,credui.dll,C:\\WINDOWS\\system32\\credui.dll,,,,,,,,,,,M57-Jean-MEM-DLL-1014,Volatility 3 windows.dlllist from M57-Jean memory image
M57-Jean,EVT-M57-Jean-DLL-1015,,,unknown,memory,dlllist,module,loaded,,,msmsgs.exe,,1752,,,msgsc.dll,C:\\Program Files\\Messenger\\msgsc.dll,,,,,,,,,,,M57-Jean-MEM-DLL-1015,Volatility 3 windows.dlllist from M57-Jean memory image
M57-Jean,EVT-M57-Jean-DLL-1016,,,unknown,memory,dlllist,module,loaded,,,avgemc.exe,,2132,,,avgemc.exe,C:\\Program Files\\AVG\\AVG9\\avgemc.exe,,,,,,,,,,,M57-Jean-MEM-DLL-1016,Volatility 3 windows.dlllist from M57-Jean memory image
M57-Jean,EVT-M57-Jean-DLL-1017,,,unknown,memory,dlllist,module,loaded,,,avgemc.exe,,2132,,,,,,,,,,,,,,,M57-Jean-MEM-DLL-1017,Volatility 3 windows.dlllist from M57-Jean memory image
M57-Jean,EVT-M57-Jean-DLL-1018,,,unknown,memory,dlllist,module,loaded,,,avgemc.exe,,2132,,,kernel32.dll,C:\\WINDOWS\\system32\\kernel32.dll,,,,,,,,,,,M57-Jean-MEM-DLL-1018,Volatility 3 windows.dlllist from M57-Jean memory image
M57-Jean,EVT-M57-Jean-DLL-1019,,,unknown,memory,dlllist,module,loaded,,,avgam.exe,,2244,,,avgam.exe,C:\\Program Files\\AVG\\AVG9\\avgam.exe,,,,,,,,,,,M57-Jean-MEM-DLL-1019,Volatility 3 windows.dlllist from M57-Jean memory image
M57-Jean,EVT-M57-Jean-DLL-1020,,,unknown,memory,dlllist,module,loaded,,,avgam.exe,,2244,,,,,,,,,,,,,,,M57-Jean-MEM-DLL-1020,Volatility 3 windows.dlllist from M57-Jean memory image
M57-Jean,EVT-M57-Jean-DLL-1021,,,unknown,memory,dlllist,module,loaded,,,avgam.exe,,2244,,,kernel32.dll,C:\\WINDOWS\\system32\\kernel32.dll,,,,,,,,,,,M57-Jean-MEM-DLL-1021,Volatility 3 windows.dlllist from M57-Jean memory image
M57-Jean,EVT-M57-Jean-DLL-1022,,,unknown,memory,dlllist,module,loaded,,,avgam.exe,,2244,,,MSVCR80.dll,C:\\WINDOWS\\WinSxS\\x86_Microsoft.VC80.CRT_1fc8b3b9a1e18e3b_8.0.50727.4053_x-ww_e6967989\\MSVCR80.dll,,,,,,,,,,,M57-Jean-MEM-DLL-1022,Volatility 3 windows.dlllist from M57-Jean memory image
M57-Jean,EVT-M57-Jean-DLL-1023,,,unknown,memory,dlllist,module,loaded,,,avgam.exe,,2244,,,msvcrt.dll,C:\\WINDOWS\\system32\\msvcrt.dll,,,,,,,,,,,M57-Jean-MEM-DLL-1023,Volatility 3 windows.dlllist from M57-Jean memory image
M57-Jean,EVT-M57-Jean-DLL-1024,,,unknown,memory,dlllist,module,loaded,,,avgam.exe,,2244,,,avglogx.dll,C:\\Program Files\\AVG\\AVG9\\avglogx.dll,,,,,,,,,,,M57-Jean-MEM-DLL-1024,Volatility 3 windows.dlllist from M57-Jean memory image
M57-Jean,EVT-M57-Jean-DLL-1025,,,unknown,memory,dlllist,module,loaded,,,avgam.exe,,2244,,,avgcfgx.dll,C:\\Program Files\\AVG\\AVG9\\avgcfgx.dll,,,,,,,,,,,M57-Jean-MEM-DLL-1025,Volatility 3 windows.dlllist from M57-Jean memory image
M57-Jean,EVT-M57-Jean-DLL-1026,,,unknown,memory,dlllist,module,loaded,,,avgam.exe,,2244,,,VERSION.dll,C:\\WINDOWS\\system32\\VERSION.dll,,,,,,,,,,,M57-Jean-MEM-DLL-1026,Volatility 3 windows.dlllist from M57-Jean memory image
M57-Jean,EVT-M57-Jean-DLL-1027,,,unknown,memory,dlllist,module,loaded,,,avgam.exe,,2244,,,ADVAPI32.dll,C:\\WINDOWS\\system32\\ADVAPI32.dll,,,,,,,,,,,M57-Jean-MEM-DLL-1027,Volatility 3 windows.dlllist from M57-Jean memory image
M57-Jean,EVT-M57-Jean-DLL-1028,,,unknown,memory,dlllist,module,loaded,,,avgam.exe,,2244,,,RPCRT4.dll,C:\\WINDOWS\\system32\\RPCRT4.dll,,,,,,,,,,,M57-Jean-MEM-DLL-1028,Volatility 3 windows.dlllist from M57-Jean memory image
M57-Jean,EVT-M57-Jean-DLL-1029,,,unknown,memory,dlllist,module,loaded,,,avgam.exe,,2244,,,Secur32.dll,C:\\WINDOWS\\system32\\Secur32.dll,,,,,,,,,,,M57-Jean-MEM-DLL-1029,Volatility 3 windows.dlllist from M57-Jean memory image
M57-Jean,EVT-M57-Jean-DLL-1030,,,unknown,memory,dlllist,module,loaded,,,avgam.exe,,2244,,,SHELL32.dll,C:\\WINDOWS\\system32\\SHELL32.dll,,,,,,,,,,,M57-Jean-MEM-DLL-1030,Volatility 3 windows.dlllist from M57-Jean memory image
M57-Jean,EVT-M57-Jean-DLL-1031,,,unknown,memory,dlllist,module,loaded,,,avgam.exe,,2244,,,GDI32.dll,C:\\WINDOWS\\system32\\GDI32.dll,,,,,,,,,,,M57-Jean-MEM-DLL-1031,Volatility 3 windows.dlllist from M57-Jean memory image
M57-Jean,EVT-M57-Jean-DLL-1032,,,unknown,memory,dlllist,module,loaded,,,avgam.exe,,2244,,,USER32.dll,C:\\WINDOWS\\system32\\USER32.dll,,,,,,,,,,,M57-Jean-MEM-DLL-1032,Volatility 3 windows.dlllist from M57-Jean memory image
M57-Jean,EVT-M57-Jean-DLL-1033,,,unknown,memory,dlllist,module,loaded,,,avgam.exe,,2244,,,SHLWAPI.dll,C:\\WINDOWS\\system32\\SHLWAPI.dll,,,,,,,,,,,M57-Jean-MEM-DLL-1033,Volatility 3 windows.dlllist from M57-Jean memory image
M57-Jean,EVT-M57-Jean-DLL-1034,,,unknown,memory,dlllist,module,loaded,,,avgam.exe,,2244,,,IMM32.DLL,C:\\WINDOWS\\system32\\IMM32.DLL,,,,,,,,,,,M57-Jean-MEM-DLL-1034,Volatility 3 windows.dlllist from M57-Jean memory image
M57-Jean,EVT-M57-Jean-DLL-1035,,,unknown,memory,dlllist,module,loaded,,,avgam.exe,,2244,,,comctl32.dll,C:\\WINDOWS\\WinSxS\\x86_Microsoft.Windows.Common-Controls_6595b64144ccf1df_6.0.2600.5512_x-ww_35d4ce83\\comctl32.dll,,,,,,,,,,,M57-Jean-MEM-DLL-1035,Volatility 3 windows.dlllist from M57-Jean memory image
M57-Jean,EVT-M57-Jean-DLL-1036,,,unknown,memory,dlllist,module,loaded,,,avgam.exe,,2244,,,comctl32.dll,C:\\WINDOWS\\system32\\comctl32.dll,,,,,,,,,,,M57-Jean-MEM-DLL-1036,Volatility 3 windows.dlllist from M57-Jean memory image
M57-Jean,EVT-M57-Jean-DLL-1037,,,unknown,memory,dlllist,module,loaded,,,avgam.exe,,2244,,,avglngx.dll,C:\\Program Files\\AVG\\AVG9\\avglngx.dll,,,,,,,,,,,M57-Jean-MEM-DLL-1037,Volatility 3 windows.dlllist from M57-Jean memory image
M57-Jean,EVT-M57-Jean-DLL-1038,,,unknown,memory,dlllist,module,loaded,,,avgam.exe,,2244,,,avgidpsdkx.dll,C:\\Program Files\\AVG\\AVG9\\avgidpsdkx.dll,,,,,,,,,,,M57-Jean-MEM-DLL-1038,Volatility 3 windows.dlllist from M57-Jean memory image
M57-Jean,EVT-M57-Jean-DLL-1039,,,unknown,memory,dlllist,module,loaded,,,avgam.exe,,2244,,,PSAPI.DLL,C:\\WINDOWS\\system32\\PSAPI.DLL,,,,,,,,,,,M57-Jean-MEM-DLL-1039,Volatility 3 windows.dlllist from M57-Jean memory image
M57-Jean,EVT-M57-Jean-DLL-1040,,,unknown,memory,dlllist,module,loaded,,,avgam.exe,,2244,,,MSVCP80.dll,C:\\WINDOWS\\WinSxS\\x86_Microsoft.VC80.CRT_1fc8b3b9a1e18e3b_8.0.50727.4053_x-ww_e6967989\\MSVCP80.dll,,,,,,,,,,,M57-Jean-MEM-DLL-1040,Volatility 3 windows.dlllist from M57-Jean memory image
M57-Jean,EVT-M57-Jean-DLL-1041,,,unknown,memory,dlllist,module,loaded,,,avgam.exe,,2244,,,ole32.dll,C:\\WINDOWS\\system32\\ole32.dll,,,,,,,,,,,M57-Jean-MEM-DLL-1041,Volatility 3 windows.dlllist from M57-Jean memory image
M57-Jean,EVT-M57-Jean-DLL-1042,,,unknown,memory,dlllist,module,loaded,,,avgam.exe,,2244,,,avgameh.dll,C:\\Program Files\\AVG\\AVG9\\avgameh.dll,,,,,,,,,,,M57-Jean-MEM-DLL-1042,Volatility 3 windows.dlllist from M57-Jean memory image
M57-Jean,EVT-M57-Jean-DLL-1043,,,unknown,memory,dlllist,module,loaded,,,avgam.exe,,2244,,,WS2_32.dll,C:\\WINDOWS\\system32\\WS2_32.dll,,,,,,,,,,,M57-Jean-MEM-DLL-1043,Volatility 3 windows.dlllist from M57-Jean memory image
M57-Jean,EVT-M57-Jean-DLL-1044,,,unknown,memory,dlllist,module,loaded,,,avgam.exe,,2244,,,WS2HELP.dll,C:\\WINDOWS\\system32\\WS2HELP.dll,,,,,,,,,,,M57-Jean-MEM-DLL-1044,Volatility 3 windows.dlllist from M57-Jean memory image
M57-Jean,EVT-M57-Jean-DLL-1045,,,unknown,memory,dlllist,module,loaded,,,avgam.exe,,2244,,,avgamnot.dll,C:\\Program Files\\AVG\\AVG9\\avgamnot.dll,,,,,,,,,,,M57-Jean-MEM-DLL-1045,Volatility 3 windows.dlllist from M57-Jean memory image
M57-Jean,EVT-M57-Jean-DLL-1046,,,unknown,memory,dlllist,module,loaded,,,avgnsx.exe,,2296,,,avgnsx.exe,C:\\Program Files\\AVG\\AVG9\\avgnsx.exe,,,,,,,,,,,M57-Jean-MEM-DLL-1046,Volatility 3 windows.dlllist from M57-Jean memory image
M57-Jean,EVT-M57-Jean-DLL-1047,,,unknown,memory,dlllist,module,loaded,,,avgnsx.exe,,2296,,,,,,,,,,,,,,,M57-Jean-MEM-DLL-1047,Volatility 3 windows.dlllist from M57-Jean memory image
M57-Jean,EVT-M57-Jean-DLL-1048,,,unknown,memory,dlllist,module,loaded,,,avgnsx.exe,,2296,,,kernel32.dll,C:\\WINDOWS\\system32\\kernel32.dll,,,,,,,,,,,M57-Jean-MEM-DLL-1048,Volatility 3 windows.dlllist from M57-Jean memory image
M57-Jean,EVT-M57-Jean-DLL-1049,,,unknown,memory,dlllist,module,loaded,,,avgnsx.exe,,2296,,,MSVCR80.dll,C:\\WINDOWS\\WinSxS\\x86_Microsoft.VC80.CRT_1fc8b3b9a1e18e3b_8.0.50727.4053_x-ww_e6967989\\MSVCR80.dll,,,,,,,,,,,M57-Jean-MEM-DLL-1049,Volatility 3 windows.dlllist from M57-Jean memory image
M57-Jean,EVT-M57-Jean-DLL-1050,,,unknown,memory,dlllist,module,loaded,,,avgnsx.exe,,2296,,,msvcrt.dll,C:\\WINDOWS\\system32\\msvcrt.dll,,,,,,,,,,,M57-Jean-MEM-DLL-1050,Volatility 3 windows.dlllist from M57-Jean memory image
M57-Jean,EVT-M57-Jean-DLL-1051,,,unknown,memory,dlllist,module,loaded,,,avgnsx.exe,,2296,,,avglogx.dll,C:\\Program Files\\AVG\\AVG9\\avglogx.dll,,,,,,,,,,,M57-Jean-MEM-DLL-1051,Volatility 3 windows.dlllist from M57-Jean memory image
M57-Jean,EVT-M57-Jean-DLL-1052,,,unknown,memory,dlllist,module,loaded,,,avgnsx.exe,,2296,,,avgcfgx.dll,C:\\Program Files\\AVG\\AVG9\\avgcfgx.dll,,,,,,,,,,,M57-Jean-MEM-DLL-1052,Volatility 3 windows.dlllist from M57-Jean memory image
M57-Jean,EVT-M57-Jean-DLL-1053,,,unknown,memory,dlllist,module,loaded,,,avgnsx.exe,,2296,,,VERSION.dll,C:\\WINDOWS\\system32\\VERSION.dll,,,,,,,,,,,M57-Jean-MEM-DLL-1053,Volatility 3 windows.dlllist from M57-Jean memory image
M57-Jean,EVT-M57-Jean-DLL-1054,,,unknown,memory,dlllist,module,loaded,,,avgnsx.exe,,2296,,,ADVAPI32.dll,C:\\WINDOWS\\system32\\ADVAPI32.dll,,,,,,,,,,,M57-Jean-MEM-DLL-1054,Volatility 3 windows.dlllist from M57-Jean memory image
M57-Jean,EVT-M57-Jean-DLL-1055,,,unknown,memory,dlllist,module,loaded,,,avgnsx.exe,,2296,,,RPCRT4.dll,C:\\WINDOWS\\system32\\RPCRT4.dll,,,,,,,,,,,M57-Jean-MEM-DLL-1055,Volatility 3 windows.dlllist from M57-Jean memory image
M57-Jean,EVT-M57-Jean-DLL-1056,,,unknown,memory,dlllist,module,loaded,,,avgnsx.exe,,2296,,,Secur32.dll,C:\\WINDOWS\\system32\\Secur32.dll,,,,,,,,,,,M57-Jean-MEM-DLL-1056,Volatility 3 windows.dlllist from M57-Jean memory image
M57-Jean,EVT-M57-Jean-DLL-1057,,,unknown,memory,dlllist,module,loaded,,,avgnsx.exe,,2296,,,SHELL32.dll,C:\\WINDOWS\\system32\\SHELL32.dll,,,,,,,,,,,M57-Jean-MEM-DLL-1057,Volatility 3 windows.dlllist from M57-Jean memory image
M57-Jean,EVT-M57-Jean-DLL-1058,,,unknown,memory,dlllist,module,loaded,,,avgnsx.exe,,2296,,,GDI32.dll,C:\\WINDOWS\\system32\\GDI32.dll,,,,,,,,,,,M57-Jean-MEM-DLL-1058,Volatility 3 windows.dlllist from M57-Jean memory image
M57-Jean,EVT-M57-Jean-DLL-1059,,,unknown,memory,dlllist,module,loaded,,,avgnsx.exe,,2296,,,USER32.dll,C:\\WINDOWS\\system32\\USER32.dll,,,,,,,,,,,M57-Jean-MEM-DLL-1059,Volatility 3 windows.dlllist from M57-Jean memory image
M57-Jean,EVT-M57-Jean-DLL-1060,,,unknown,memory,dlllist,module,loaded,,,avgnsx.exe,,2296,,,SHLWAPI.dll,C:\\WINDOWS\\system32\\SHLWAPI.dll,,,,,,,,,,,M57-Jean-MEM-DLL-1060,Volatility 3 windows.dlllist from M57-Jean memory image
M57-Jean,EVT-M57-Jean-DLL-1061,,,unknown,memory,dlllist,module,loaded,,,avgnsx.exe,,2296,,,IMM32.DLL,C:\\WINDOWS\\system32\\IMM32.DLL,,,,,,,,,,,M57-Jean-MEM-DLL-1061,Volatility 3 windows.dlllist from M57-Jean memory image
M57-Jean,EVT-M57-Jean-DLL-1062,,,unknown,memory,dlllist,module,loaded,,,avgnsx.exe,,2296,,,comctl32.dll,C:\\WINDOWS\\WinSxS\\x86_Microsoft.Windows.Common-Controls_6595b64144ccf1df_6.0.2600.5512_x-ww_35d4ce83\\comctl32.dll,,,,,,,,,,,M57-Jean-MEM-DLL-1062,Volatility 3 windows.dlllist from M57-Jean memory image
M57-Jean,EVT-M57-Jean-DLL-1063,,,unknown,memory,dlllist,module,loaded,,,avgnsx.exe,,2296,,,comctl32.dll,C:\\WINDOWS\\system32\\comctl32.dll,,,,,,,,,,,M57-Jean-MEM-DLL-1063,Volatility 3 windows.dlllist from M57-Jean memory image
M57-Jean,EVT-M57-Jean-DLL-1064,,,unknown,memory,dlllist,module,loaded,,,avgnsx.exe,,2296,,,avgxpl.dll,C:\\Program Files\\AVG\\AVG9\\avgxpl.dll,,,,,,,,,,,M57-Jean-MEM-DLL-1064,Volatility 3 windows.dlllist from M57-Jean memory image
M57-Jean,EVT-M57-Jean-DLL-1065,,,unknown,memory,dlllist,module,loaded,,,avgnsx.exe,,2296,,,WS2_32.dll,C:\\WINDOWS\\system32\\WS2_32.dll,,,,,,,,,,,M57-Jean-MEM-DLL-1065,Volatility 3 windows.dlllist from M57-Jean memory image
M57-Jean,EVT-M57-Jean-DLL-1066,,,unknown,memory,dlllist,module,loaded,,,avgnsx.exe,,2296,,,WS2HELP.dll,C:\\WINDOWS\\system32\\WS2HELP.dll,,,,,,,,,,,M57-Jean-MEM-DLL-1066,Volatility 3 windows.dlllist from M57-Jean memory image
M57-Jean,EVT-M57-Jean-DLL-1067,,,unknown,memory,dlllist,module,loaded,,,avgnsx.exe,,2296,,,WININET.dll,C:\\WINDOWS\\system32\\WININET.dll,,,,,,,,,,,M57-Jean-MEM-DLL-1067,Volatility 3 windows.dlllist from M57-Jean memory image
M57-Jean,EVT-M57-Jean-DLL-1068,,,unknown,memory,dlllist,module,loaded,,,avgnsx.exe,,2296,,,Normaliz.dll,C:\\WINDOWS\\system32\\Normaliz.dll,,,,,,,,,,,M57-Jean-MEM-DLL-1068,Volatility 3 windows.dlllist from M57-Jean memory image
M57-Jean,EVT-M57-Jean-DLL-1069,,,unknown,memory,dlllist,module,loaded,,,avgnsx.exe,,2296,,,urlmon.dll,C:\\WINDOWS\\system32\\urlmon.dll,,,,,,,,,,,M57-Jean-MEM-DLL-1069,Volatility 3 windows.dlllist from M57-Jean memory image
M57-Jean,EVT-M57-Jean-DLL-1070,,,unknown,memory,dlllist,module,loaded,,,avgnsx.exe,,2296,,,ole32.dll,C:\\WINDOWS\\system32\\ole32.dll,,,,,,,,,,,M57-Jean-MEM-DLL-1070,Volatility 3 windows.dlllist from M57-Jean memory image
M57-Jean,EVT-M57-Jean-DLL-1071,,,unknown,memory,dlllist,module,loaded,,,avgnsx.exe,,2296,,,OLEAUT32.dll,C:\\WINDOWS\\system32\\OLEAUT32.dll,,,,,,,,,,,M57-Jean-MEM-DLL-1071,Volatility 3 windows.dlllist from M57-Jean memory image
M57-Jean,EVT-M57-Jean-DLL-1072,,,unknown,memory,dlllist,module,loaded,,,avgnsx.exe,,2296,,,iertutil.dll,C:\\WINDOWS\\system32\\iertutil.dll,,,,,,,,,,,M57-Jean-MEM-DLL-1072,Volatility 3 windows.dlllist from M57-Jean memory image
M57-Jean,EVT-M57-Jean-DLL-1073,,,unknown,memory,dlllist,module,loaded,,,avgnsx.exe,,2296,,,MSVCP80.dll,C:\\WINDOWS\\WinSxS\\x86_Microsoft.VC80.CRT_1fc8b3b9a1e18e3b_8.0.50727.4053_x-ww_e6967989\\MSVCP80.dll,,,,,,,,,,,M57-Jean-MEM-DLL-1073,Volatility 3 windows.dlllist from M57-Jean memory image
M57-Jean,EVT-M57-Jean-DLL-1074,,,unknown,memory,dlllist,module,loaded,,,avgnsx.exe,,2296,,,avglvex.dll,C:\\Program Files\\AVG\\AVG9\\avglvex.dll,,,,,,,,,,,M57-Jean-MEM-DLL-1074,Volatility 3 windows.dlllist from M57-Jean memory image
M57-Jean,EVT-M57-Jean-DLL-1075,,,unknown,memory,dlllist,module,loaded,,,avgnsx.exe,,2296,,,imsdk32.dll,C:\\Program Files\\AVG\\AVG9\\imsdk32.dll,,,,,,,,,,,M57-Jean-MEM-DLL-1075,Volatility 3 windows.dlllist from M57-Jean memory image
M57-Jean,EVT-M57-Jean-DLL-1076,,,unknown,memory,dlllist,module,loaded,,,avgnsx.exe,,2296,,,avgcclix.dll,C:\\Program Files\\AVG\\AVG9\\avgcclix.dll,,,,,,,,,,,M57-Jean-MEM-DLL-1076,Volatility 3 windows.dlllist from M57-Jean memory image
M57-Jean,EVT-M57-Jean-DLL-1077,,,unknown,memory,dlllist,module,loaded,,,avgnsx.exe,,2296,,,Apphelp.dll,C:\\WINDOWS\\system32\\Apphelp.dll,,,,,,,,,,,M57-Jean-MEM-DLL-1077,Volatility 3 windows.dlllist from M57-Jean memory image
M57-Jean,EVT-M57-Jean-DLL-1078,,,unknown,memory,dlllist,module,loaded,,,alg.exe,,3996,,,alg.exe,C:\\WINDOWS\\System32\\alg.exe,,,,,,,,,,,M57-Jean-MEM-DLL-1078,Volatility 3 windows.dlllist from M57-Jean memory image
M57-Jean,EVT-M57-Jean-DLL-1079,,,unknown,memory,dlllist,module,loaded,,,alg.exe,,3996,,,,,,,,,,,,,,,M57-Jean-MEM-DLL-1079,Volatility 3 windows.dlllist from M57-Jean memory image
M57-Jean,EVT-M57-Jean-DLL-1080,,,unknown,memory,dlllist,module,loaded,,,alg.exe,,3996,,,kernel32.dll,C:\\WINDOWS\\system32\\kernel32.dll,,,,,,,,,,,M57-Jean-MEM-DLL-1080,Volatility 3 windows.dlllist from M57-Jean memory image
M57-Jean,EVT-M57-Jean-DLL-1081,,,unknown,memory,dlllist,module,loaded,,,msimn.exe,,208,,,msimn.exe,C:\\Program Files\\Outlook Express\\msimn.exe,,,,,,,,,,,M57-Jean-MEM-DLL-1081,Volatility 3 windows.dlllist from M57-Jean memory image
M57-Jean,EVT-M57-Jean-DLL-1082,,,unknown,memory,dlllist,module,loaded,,,msimn.exe,,208,,,ntdll.dll,C:\\WINDOWS\\system32\\ntdll.dll,,,,,,,,,,,M57-Jean-MEM-DLL-1082,Volatility 3 windows.dlllist from M57-Jean memory image
M57-Jean,EVT-M57-Jean-DLL-1083,,,unknown,memory,dlllist,module,loaded,,,msimn.exe,,208,,,kernel32.dll,C:\\WINDOWS\\system32\\kernel32.dll,,,,,,,,,,,M57-Jean-MEM-DLL-1083,Volatility 3 windows.dlllist from M57-Jean memory image
M57-Jean,EVT-M57-Jean-DLL-1084,,,unknown,memory,dlllist,module,loaded,,,msimn.exe,,208,,,msvcrt.dll,C:\\WINDOWS\\system32\\msvcrt.dll,,,,,,,,,,,M57-Jean-MEM-DLL-1084,Volatility 3 windows.dlllist from M57-Jean memory image
M57-Jean,EVT-M57-Jean-DLL-1085,,,unknown,memory,dlllist,module,loaded,,,msimn.exe,,208,,,ADVAPI32.dll,C:\\WINDOWS\\system32\\ADVAPI32.dll,,,,,,,,,,,M57-Jean-MEM-DLL-1085,Volatility 3 windows.dlllist from M57-Jean memory image
M57-Jean,EVT-M57-Jean-DLL-1086,,,unknown,memory,dlllist,module,loaded,,,msimn.exe,,208,,,RPCRT4.dll,C:\\WINDOWS\\system32\\RPCRT4.dll,,,,,,,,,,,M57-Jean-MEM-DLL-1086,Volatility 3 windows.dlllist from M57-Jean memory image
M57-Jean,EVT-M57-Jean-DLL-1087,,,unknown,memory,dlllist,module,loaded,,,msimn.exe,,208,,,Secur32.dll,C:\\WINDOWS\\system32\\Secur32.dll,,,,,,,,,,,M57-Jean-MEM-DLL-1087,Volatility 3 windows.dlllist from M57-Jean memory image
M57-Jean,EVT-M57-Jean-DLL-1088,,,unknown,memory,dlllist,module,loaded,,,msimn.exe,,208,,,USER32.dll,C:\\WINDOWS\\system32\\USER32.dll,,,,,,,,,,,M57-Jean-MEM-DLL-1088,Volatility 3 windows.dlllist from M57-Jean memory image
M57-Jean,EVT-M57-Jean-DLL-1089,,,unknown,memory,dlllist,module,loaded,,,msimn.exe,,208,,,GDI32.dll,C:\\WINDOWS\\system32\\GDI32.dll,,,,,,,,,,,M57-Jean-MEM-DLL-1089,Volatility 3 windows.dlllist from M57-Jean memory image
M57-Jean,EVT-M57-Jean-DLL-1090,,,unknown,memory,dlllist,module,loaded,,,msimn.exe,,208,,,SHLWAPI.dll,C:\\WINDOWS\\system32\\SHLWAPI.dll,,,,,,,,,,,M57-Jean-MEM-DLL-1090,Volatility 3 windows.dlllist from M57-Jean memory image
M57-Jean,EVT-M57-Jean-DLL-1091,,,unknown,memory,dlllist,module,loaded,,,msimn.exe,,208,,,IMM32.DLL,C:\\WINDOWS\\system32\\IMM32.DLL,,,,,,,,,,,M57-Jean-MEM-DLL-1091,Volatility 3 windows.dlllist from M57-Jean memory image
M57-Jean,EVT-M57-Jean-DLL-1092,,,unknown,memory,dlllist,module,loaded,,,msimn.exe,,208,,,MSOE.DLL,C:\\Program Files\\Outlook Express\\MSOE.DLL,,,,,,,,,,,M57-Jean-MEM-DLL-1092,Volatility 3 windows.dlllist from M57-Jean memory image
M57-Jean,EVT-M57-Jean-DLL-1093,,,unknown,memory,dlllist,module,loaded,,,msimn.exe,,208,,,ATL.DLL,C:\\WINDOWS\\system32\\ATL.DLL,,,,,,,,,,,M57-Jean-MEM-DLL-1093,Volatility 3 windows.dlllist from M57-Jean memory image
M57-Jean,EVT-M57-Jean-DLL-1094,,,unknown,memory,dlllist,module,loaded,,,msimn.exe,,208,,,MSOERT2.dll,C:\\WINDOWS\\system32\\MSOERT2.dll,,,,,,,,,,,M57-Jean-MEM-DLL-1094,Volatility 3 windows.dlllist from M57-Jean memory image
M57-Jean,EVT-M57-Jean-DLL-1095,,,unknown,memory,dlllist,module,loaded,,,msimn.exe,,208,,,ole32.dll,C:\\WINDOWS\\system32\\ole32.dll,,,,,,,,,,,M57-Jean-MEM-DLL-1095,Volatility 3 windows.dlllist from M57-Jean memory image
M57-Jean,EVT-M57-Jean-DLL-1096,,,unknown,memory,dlllist,module,loaded,,,msimn.exe,,208,,,OLEAUT32.dll,C:\\WINDOWS\\system32\\OLEAUT32.dll,,,,,,,,,,,M57-Jean-MEM-DLL-1096,Volatility 3 windows.dlllist from M57-Jean memory image
M57-Jean,EVT-M57-Jean-DLL-1097,,,unknown,memory,dlllist,module,loaded,,,msimn.exe,,208,,,MSOEACCT.dll,C:\\WINDOWS\\system32\\MSOEACCT.dll,,,,,,,,,,,M57-Jean-MEM-DLL-1097,Volatility 3 windows.dlllist from M57-Jean memory image
M57-Jean,EVT-M57-Jean-DLL-1098,,,unknown,memory,dlllist,module,loaded,,,msimn.exe,,208,,,INETCOMM.dll,C:\\WINDOWS\\system32\\INETCOMM.dll,,,,,,,,,,,M57-Jean-MEM-DLL-1098,Volatility 3 windows.dlllist from M57-Jean memory image
M57-Jean,EVT-M57-Jean-DLL-1099,,,unknown,memory,dlllist,module,loaded,,,msimn.exe,,208,,,SHELL32.dll,C:\\WINDOWS\\system32\\SHELL32.dll,,,,,,,,,,,M57-Jean-MEM-DLL-1099,Volatility 3 windows.dlllist from M57-Jean memory image
M57-Jean,EVT-M57-Jean-DLL-1100,,,unknown,memory,dlllist,module,loaded,,,msimn.exe,,208,,,comctl32.dll,C:\\WINDOWS\\WinSxS\\x86_Microsoft.Windows.Common-Controls_6595b64144ccf1df_6.0.2600.5512_x-ww_35d4ce83\\comctl32.dll,,,,,,,,,,,M57-Jean-MEM-DLL-1100,Volatility 3 windows.dlllist from M57-Jean memory image
M57-Jean,EVT-M57-Jean-DLL-1101,,,unknown,memory,dlllist,module,loaded,,,msimn.exe,,208,,,acctres.dll,C:\\WINDOWS\\system32\\acctres.dll,,,,,,,,,,,M57-Jean-MEM-DLL-1101,Volatility 3 windows.dlllist from M57-Jean memory image
M57-Jean,EVT-M57-Jean-DLL-1102,,,unknown,memory,dlllist,module,loaded,,,msimn.exe,,208,,,inetres.dll,C:\\WINDOWS\\system32\\inetres.dll,,,,,,,,,,,M57-Jean-MEM-DLL-1102,Volatility 3 windows.dlllist from M57-Jean memory image
M57-Jean,EVT-M57-Jean-DLL-1103,,,unknown,memory,dlllist,module,loaded,,,msimn.exe,,208,,,msoeres.dll,C:\\Program Files\\Outlook Express\\msoeres.dll,,,,,,,,,,,M57-Jean-MEM-DLL-1103,Volatility 3 windows.dlllist from M57-Jean memory image
M57-Jean,EVT-M57-Jean-DLL-1104,,,unknown,memory,dlllist,module,loaded,,,msimn.exe,,208,,,xpsp2res.dll,C:\\WINDOWS\\system32\\xpsp2res.dll,,,,,,,,,,,M57-Jean-MEM-DLL-1104,Volatility 3 windows.dlllist from M57-Jean memory image
M57-Jean,EVT-M57-Jean-DLL-1105,,,unknown,memory,dlllist,module,loaded,,,msimn.exe,,208,,,uxtheme.dll,C:\\WINDOWS\\system32\\uxtheme.dll,,,,,,,,,,,M57-Jean-MEM-DLL-1105,Volatility 3 windows.dlllist from M57-Jean memory image
M57-Jean,EVT-M57-Jean-DLL-1106,,,unknown,memory,dlllist,module,loaded,,,msimn.exe,,208,,,MSCTF.dll,C:\\WINDOWS\\system32\\MSCTF.dll,,,,,,,,,,,M57-Jean-MEM-DLL-1106,Volatility 3 windows.dlllist from M57-Jean memory image
M57-Jean,EVT-M57-Jean-DLL-1107,,,unknown,memory,dlllist,module,loaded,,,msimn.exe,,208,,,SHDOCVW.DLL,C:\\WINDOWS\\system32\\SHDOCVW.DLL,,,,,,,,,,,M57-Jean-MEM-DLL-1107,Volatility 3 windows.dlllist from M57-Jean memory image
M57-Jean,EVT-M57-Jean-DLL-1108,,,unknown,memory,dlllist,module,loaded,,,msimn.exe,,208,,,CRYPT32.dll,C:\\WINDOWS\\system32\\CRYPT32.dll,,,,,,,,,,,M57-Jean-MEM-DLL-1108,Volatility 3 windows.dlllist from M57-Jean memory image
M57-Jean,EVT-M57-Jean-DLL-1109,,,unknown,memory,dlllist,module,loaded,,,msimn.exe,,208,,,MSASN1.dll,C:\\WINDOWS\\system32\\MSASN1.dll,,,,,,,,,,,M57-Jean-MEM-DLL-1109,Volatility 3 windows.dlllist from M57-Jean memory image
M57-Jean,EVT-M57-Jean-DLL-1110,,,unknown,memory,dlllist,module,loaded,,,msimn.exe,,208,,,CRYPTUI.dll,C:\\WINDOWS\\system32\\CRYPTUI.dll,,,,,,,,,,,M57-Jean-MEM-DLL-1110,Volatility 3 windows.dlllist from M57-Jean memory image
M57-Jean,EVT-M57-Jean-DLL-1111,,,unknown,memory,dlllist,module,loaded,,,msimn.exe,,208,,,NETAPI32.dll,C:\\WINDOWS\\system32\\NETAPI32.dll,,,,,,,,,,,M57-Jean-MEM-DLL-1111,Volatility 3 windows.dlllist from M57-Jean memory image
M57-Jean,EVT-M57-Jean-DLL-1112,,,unknown,memory,dlllist,module,loaded,,,msimn.exe,,208,,,VERSION.dll,C:\\WINDOWS\\system32\\VERSION.dll,,,,,,,,,,,M57-Jean-MEM-DLL-1112,Volatility 3 windows.dlllist from M57-Jean memory image
M57-Jean,EVT-M57-Jean-DLL-1113,,,unknown,memory,dlllist,module,loaded,,,msimn.exe,,208,,,WININET.dll,C:\\WINDOWS\\system32\\WININET.dll,,,,,,,,,,,M57-Jean-MEM-DLL-1113,Volatility 3 windows.dlllist from M57-Jean memory image
M57-Jean,EVT-M57-Jean-DLL-1114,,,unknown,memory,dlllist,module,loaded,,,msimn.exe,,208,,,Normaliz.dll,C:\\WINDOWS\\system32\\Normaliz.dll,,,,,,,,,,,M57-Jean-MEM-DLL-1114,Volatility 3 windows.dlllist from M57-Jean memory image
M57-Jean,EVT-M57-Jean-DLL-1115,,,unknown,memory,dlllist,module,loaded,,,msimn.exe,,208,,,urlmon.dll,C:\\WINDOWS\\system32\\urlmon.dll,,,,,,,,,,,M57-Jean-MEM-DLL-1115,Volatility 3 windows.dlllist from M57-Jean memory image
M57-Jean,EVT-M57-Jean-DLL-1116,,,unknown,memory,dlllist,module,loaded,,,msimn.exe,,208,,,iertutil.dll,C:\\WINDOWS\\system32\\iertutil.dll,,,,,,,,,,,M57-Jean-MEM-DLL-1116,Volatility 3 windows.dlllist from M57-Jean memory image
M57-Jean,EVT-M57-Jean-DLL-1117,,,unknown,memory,dlllist,module,loaded,,,msimn.exe,,208,,,WINTRUST.dll,C:\\WINDOWS\\system32\\WINTRUST.dll,,,,,,,,,,,M57-Jean-MEM-DLL-1117,Volatility 3 windows.dlllist from M57-Jean memory image
M57-Jean,EVT-M57-Jean-DLL-1118,,,unknown,memory,dlllist,module,loaded,,,msimn.exe,,208,,,IMAGEHLP.dll,C:\\WINDOWS\\system32\\IMAGEHLP.dll,,,,,,,,,,,M57-Jean-MEM-DLL-1118,Volatility 3 windows.dlllist from M57-Jean memory image
M57-Jean,EVT-M57-Jean-DLL-1119,,,unknown,memory,dlllist,module,loaded,,,msimn.exe,,208,,,WLDAP32.dll,C:\\WINDOWS\\system32\\WLDAP32.dll,,,,,,,,,,,M57-Jean-MEM-DLL-1119,Volatility 3 windows.dlllist from M57-Jean memory image
M57-Jean,EVT-M57-Jean-DLL-1120,,,unknown,memory,dlllist,module,loaded,,,msimn.exe,,208,,,ieframe.dll,C:\\WINDOWS\\system32\\ieframe.dll,,,,,,,,,,,M57-Jean-MEM-DLL-1120,Volatility 3 windows.dlllist from M57-Jean memory image
M57-Jean,EVT-M57-Jean-DLL-1121,,,unknown,memory,dlllist,module,loaded,,,msimn.exe,,208,,,CLBCATQ.DLL,C:\\WINDOWS\\system32\\CLBCATQ.DLL,,,,,,,,,,,M57-Jean-MEM-DLL-1121,Volatility 3 windows.dlllist from M57-Jean memory image
M57-Jean,EVT-M57-Jean-DLL-1122,,,unknown,memory,dlllist,module,loaded,,,msimn.exe,,208,,,COMRes.dll,C:\\WINDOWS\\system32\\COMRes.dll,,,,,,,,,,,M57-Jean-MEM-DLL-1122,Volatility 3 windows.dlllist from M57-Jean memory image
M57-Jean,EVT-M57-Jean-DLL-1123,,,unknown,memory,dlllist,module,loaded,,,msimn.exe,,208,,,msident.dll,C:\\WINDOWS\\system32\\msident.dll,,,,,,,,,,,M57-Jean-MEM-DLL-1123,Volatility 3 windows.dlllist from M57-Jean memory image
M57-Jean,EVT-M57-Jean-DLL-1124,,,unknown,memory,dlllist,module,loaded,,,msimn.exe,,208,,,msidntld.dll,C:\\WINDOWS\\system32\\msidntld.dll,,,,,,,,,,,M57-Jean-MEM-DLL-1124,Volatility 3 windows.dlllist from M57-Jean memory image
M57-Jean,EVT-M57-Jean-DLL-1125,,,unknown,memory,dlllist,module,loaded,,,msimn.exe,,208,,,PSTOREC.DLL,C:\\WINDOWS\\system32\\PSTOREC.DLL,,,,,,,,,,,M57-Jean-MEM-DLL-1125,Volatility 3 windows.dlllist from M57-Jean memory image
M57-Jean,EVT-M57-Jean-DLL-1126,,,unknown,memory,dlllist,module,loaded,,,msimn.exe,,208,,,directdb.dll,C:\\Program Files\\Common Files\\System\\directdb.dll,,,,,,,,,,,M57-Jean-MEM-DLL-1126,Volatility 3 windows.dlllist from M57-Jean memory image
M57-Jean,EVT-M57-Jean-DLL-1127,,,unknown,memory,dlllist,module,loaded,,,msimn.exe,,208,,,msctfime.ime,C:\\WINDOWS\\system32\\msctfime.ime,,,,,,,,,,,M57-Jean-MEM-DLL-1127,Volatility 3 windows.dlllist from M57-Jean memory image
M57-Jean,EVT-M57-Jean-DLL-1128,,,unknown,memory,dlllist,module,loaded,,,msimn.exe,,208,,,shdoclc.dll,C:\\WINDOWS\\system32\\shdoclc.dll,,,,,,,,,,,M57-Jean-MEM-DLL-1128,Volatility 3 windows.dlllist from M57-Jean memory image
M57-Jean,EVT-M57-Jean-DLL-1129,,,unknown,memory,dlllist,module,loaded,,,msimn.exe,,208,,,mlang.dll,C:\\WINDOWS\\system32\\mlang.dll,,,,,,,,,,,M57-Jean-MEM-DLL-1129,Volatility 3 windows.dlllist from M57-Jean memory image
M57-Jean,EVT-M57-Jean-DLL-1130,,,unknown,memory,dlllist,module,loaded,,,msimn.exe,,208,,,msgsc.dll,C:\\Program Files\\Messenger\\msgsc.dll,,,,,,,,,,,M57-Jean-MEM-DLL-1130,Volatility 3 windows.dlllist from M57-Jean memory image
M57-Jean,EVT-M57-Jean-DLL-1131,,,unknown,memory,dlllist,module,loaded,,,msimn.exe,,208,,,wab32.dll,C:\\Program Files\\Common Files\\System\\wab32.dll,,,,,,,,,,,M57-Jean-MEM-DLL-1131,Volatility 3 windows.dlllist from M57-Jean memory image
M57-Jean,EVT-M57-Jean-DLL-1132,,,unknown,memory,dlllist,module,loaded,,,msimn.exe,,208,,,wab32res.dll,C:\\Program Files\\Common Files\\System\\wab32res.dll,,,,,,,,,,,M57-Jean-MEM-DLL-1132,Volatility 3 windows.dlllist from M57-Jean memory image
M57-Jean,EVT-M57-Jean-DLL-1133,,,unknown,memory,dlllist,module,loaded,,,msimn.exe,,208,,,ws2_32.dll,C:\\WINDOWS\\system32\\ws2_32.dll,,,,,,,,,,,M57-Jean-MEM-DLL-1133,Volatility 3 windows.dlllist from M57-Jean memory image
M57-Jean,EVT-M57-Jean-DLL-1134,,,unknown,memory,dlllist,module,loaded,,,msimn.exe,,208,,,WS2HELP.dll,C:\\WINDOWS\\system32\\WS2HELP.dll,,,,,,,,,,,M57-Jean-MEM-DLL-1134,Volatility 3 windows.dlllist from M57-Jean memory image
M57-Jean,EVT-M57-Jean-DLL-1135,,,unknown,memory,dlllist,module,loaded,,,msimn.exe,,208,,,RASAPI32.dll,C:\\WINDOWS\\system32\\RASAPI32.dll,,,,,,,,,,,M57-Jean-MEM-DLL-1135,Volatility 3 windows.dlllist from M57-Jean memory image
M57-Jean,EVT-M57-Jean-DLL-1136,,,unknown,memory,dlllist,module,loaded,,,msimn.exe,,208,,,rasman.dll,C:\\WINDOWS\\system32\\rasman.dll,,,,,,,,,,,M57-Jean-MEM-DLL-1136,Volatility 3 windows.dlllist from M57-Jean memory image
M57-Jean,EVT-M57-Jean-DLL-1137,,,unknown,memory,dlllist,module,loaded,,,msimn.exe,,208,,,TAPI32.dll,C:\\WINDOWS\\system32\\TAPI32.dll,,,,,,,,,,,M57-Jean-MEM-DLL-1137,Volatility 3 windows.dlllist from M57-Jean memory image
M57-Jean,EVT-M57-Jean-DLL-1138,,,unknown,memory,dlllist,module,loaded,,,msimn.exe,,208,,,rtutils.dll,C:\\WINDOWS\\system32\\rtutils.dll,,,,,,,,,,,M57-Jean-MEM-DLL-1138,Volatility 3 windows.dlllist from M57-Jean memory image
M57-Jean,EVT-M57-Jean-DLL-1139,,,unknown,memory,dlllist,module,loaded,,,msimn.exe,,208,,,WINMM.dll,C:\\WINDOWS\\system32\\WINMM.dll,,,,,,,,,,,M57-Jean-MEM-DLL-1139,Volatility 3 windows.dlllist from M57-Jean memory image
M57-Jean,EVT-M57-Jean-DLL-1140,,,unknown,memory,dlllist,module,loaded,,,msimn.exe,,208,,,USERENV.dll,C:\\WINDOWS\\system32\\USERENV.dll,,,,,,,,,,,M57-Jean-MEM-DLL-1140,Volatility 3 windows.dlllist from M57-Jean memory image
M57-Jean,EVT-M57-Jean-DLL-1141,,,unknown,memory,dlllist,module,loaded,,,msimn.exe,,208,,,mshtml.dll,C:\\WINDOWS\\system32\\mshtml.dll,,,,,,,,,,,M57-Jean-MEM-DLL-1141,Volatility 3 windows.dlllist from M57-Jean memory image
M57-Jean,EVT-M57-Jean-DLL-1142,,,unknown,memory,dlllist,module,loaded,,,msimn.exe,,208,,,msls31.dll,C:\\WINDOWS\\system32\\msls31.dll,,,,,,,,,,,M57-Jean-MEM-DLL-1142,Volatility 3 windows.dlllist from M57-Jean memory image
M57-Jean,EVT-M57-Jean-DLL-1143,,,unknown,memory,dlllist,module,loaded,,,msimn.exe,,208,,,PSAPI.DLL,C:\\WINDOWS\\system32\\PSAPI.DLL,,,,,,,,,,,M57-Jean-MEM-DLL-1143,Volatility 3 windows.dlllist from M57-Jean memory image
M57-Jean,EVT-M57-Jean-DLL-1144,,,unknown,memory,dlllist,module,loaded,,,msimn.exe,,208,,,sensapi.dll,C:\\WINDOWS\\system32\\sensapi.dll,,,,,,,,,,,M57-Jean-MEM-DLL-1144,Volatility 3 windows.dlllist from M57-Jean memory image
M57-Jean,EVT-M57-Jean-DLL-1145,,,unknown,memory,dlllist,module,loaded,,,msimn.exe,,208,,,msv1_0.dll,C:\\WINDOWS\\system32\\msv1_0.dll,,,,,,,,,,,M57-Jean-MEM-DLL-1145,Volatility 3 windows.dlllist from M57-Jean memory image
M57-Jean,EVT-M57-Jean-DLL-1146,,,unknown,memory,dlllist,module,loaded,,,msimn.exe,,208,,,cryptdll.dll,C:\\WINDOWS\\system32\\cryptdll.dll,,,,,,,,,,,M57-Jean-MEM-DLL-1146,Volatility 3 windows.dlllist from M57-Jean memory image
M57-Jean,EVT-M57-Jean-DLL-1147,,,unknown,memory,dlllist,module,loaded,,,msimn.exe,,208,,,iphlpapi.dll,C:\\WINDOWS\\system32\\iphlpapi.dll,,,,,,,,,,,M57-Jean-MEM-DLL-1147,Volatility 3 windows.dlllist from M57-Jean memory image
M57-Jean,EVT-M57-Jean-DLL-1148,,,unknown,memory,dlllist,module,loaded,,,msimn.exe,,208,,,WSOCK32.DLL,C:\\WINDOWS\\system32\\WSOCK32.DLL,,,,,,,,,,,M57-Jean-MEM-DLL-1148,Volatility 3 windows.dlllist from M57-Jean memory image
M57-Jean,EVT-M57-Jean-DLL-1149,,,unknown,memory,dlllist,module,loaded,,,msimn.exe,,208,,,mswsock.dll,C:\\WINDOWS\\System32\\mswsock.dll,,,,,,,,,,,M57-Jean-MEM-DLL-1149,Volatility 3 windows.dlllist from M57-Jean memory image
M57-Jean,EVT-M57-Jean-DLL-1150,,,unknown,memory,dlllist,module,loaded,,,msimn.exe,,208,,,DNSAPI.dll,C:\\WINDOWS\\system32\\DNSAPI.dll,,,,,,,,,,,M57-Jean-MEM-DLL-1150,Volatility 3 windows.dlllist from M57-Jean memory image
M57-Jean,EVT-M57-Jean-DLL-1151,,,unknown,memory,dlllist,module,loaded,,,msimn.exe,,208,,,winrnr.dll,C:\\WINDOWS\\System32\\winrnr.dll,,,,,,,,,,,M57-Jean-MEM-DLL-1151,Volatility 3 windows.dlllist from M57-Jean memory image
M57-Jean,EVT-M57-Jean-DLL-1152,,,unknown,memory,dlllist,module,loaded,,,msimn.exe,,208,,,rasadhlp.dll,C:\\WINDOWS\\system32\\rasadhlp.dll,,,,,,,,,,,M57-Jean-MEM-DLL-1152,Volatility 3 windows.dlllist from M57-Jean memory image
M57-Jean,EVT-M57-Jean-DLL-1153,,,unknown,memory,dlllist,module,loaded,,,msimn.exe,,208,,,hnetcfg.dll,C:\\WINDOWS\\system32\\hnetcfg.dll,,,,,,,,,,,M57-Jean-MEM-DLL-1153,Volatility 3 windows.dlllist from M57-Jean memory image
M57-Jean,EVT-M57-Jean-DLL-1154,,,unknown,memory,dlllist,module,loaded,,,msimn.exe,,208,,,wshtcpip.dll,C:\\WINDOWS\\System32\\wshtcpip.dll,,,,,,,,,,,M57-Jean-MEM-DLL-1154,Volatility 3 windows.dlllist from M57-Jean memory image
M57-Jean,EVT-M57-Jean-DLL-1155,,,unknown,memory,dlllist,module,loaded,,,msimn.exe,,208,,,schannel.dll,C:\\WINDOWS\\system32\\schannel.dll,,,,,,,,,,,M57-Jean-MEM-DLL-1155,Volatility 3 windows.dlllist from M57-Jean memory image
M57-Jean,EVT-M57-Jean-DLL-1156,,,unknown,memory,dlllist,module,loaded,,,msimn.exe,,208,,,msimtf.dll,C:\\WINDOWS\\system32\\msimtf.dll,,,,,,,,,,,M57-Jean-MEM-DLL-1156,Volatility 3 windows.dlllist from M57-Jean memory image
M57-Jean,EVT-M57-Jean-DLL-1157,,,unknown,memory,dlllist,module,loaded,,,msimn.exe,,208,,,jscript.dll,C:\\WINDOWS\\system32\\jscript.dll,,,,,,,,,,,M57-Jean-MEM-DLL-1157,Volatility 3 windows.dlllist from M57-Jean memory image
M57-Jean,EVT-M57-Jean-DLL-1158,,,unknown,memory,dlllist,module,loaded,,,msimn.exe,,208,,,rsaenh.dll,C:\\WINDOWS\\system32\\rsaenh.dll,,,,,,,,,,,M57-Jean-MEM-DLL-1158,Volatility 3 windows.dlllist from M57-Jean memory image
M57-Jean,EVT-M57-Jean-DLL-1159,,,unknown,memory,dlllist,module,loaded,,,msimn.exe,,208,,,dssenh.dll,C:\\WINDOWS\\system32\\dssenh.dll,,,,,,,,,,,M57-Jean-MEM-DLL-1159,Volatility 3 windows.dlllist from M57-Jean memory image
M57-Jean,EVT-M57-Jean-DLL-1160,,,unknown,memory,dlllist,module,loaded,,,msimn.exe,,208,,,cryptnet.dll,C:\\WINDOWS\\system32\\cryptnet.dll,,,,,,,,,,,M57-Jean-MEM-DLL-1160,Volatility 3 windows.dlllist from M57-Jean memory image
M57-Jean,EVT-M57-Jean-DLL-1161,,,unknown,memory,dlllist,module,loaded,,,msimn.exe,,208,,,WINHTTP.dll,C:\\WINDOWS\\system32\\WINHTTP.dll,,,,,,,,,,,M57-Jean-MEM-DLL-1161,Volatility 3 windows.dlllist from M57-Jean memory image
M57-Jean,EVT-M57-Jean-DLL-1162,,,unknown,memory,dlllist,module,loaded,,,msimn.exe,,208,,,Cabinet.dll,C:\\WINDOWS\\system32\\Cabinet.dll,,,,,,,,,,,M57-Jean-MEM-DLL-1162,Volatility 3 windows.dlllist from M57-Jean memory image
M57-Jean,EVT-M57-Jean-DLL-1163,,,unknown,memory,dlllist,module,loaded,,,msimn.exe,,208,,,Dxtrans.dll,C:\\WINDOWS\\system32\\Dxtrans.dll,,,,,,,,,,,M57-Jean-MEM-DLL-1163,Volatility 3 windows.dlllist from M57-Jean memory image
M57-Jean,EVT-M57-Jean-DLL-1164,,,unknown,memory,dlllist,module,loaded,,,msimn.exe,,208,,,ddrawex.dll,C:\\WINDOWS\\system32\\ddrawex.dll,,,,,,,,,,,M57-Jean-MEM-DLL-1164,Volatility 3 windows.dlllist from M57-Jean memory image
M57-Jean,EVT-M57-Jean-DLL-1165,,,unknown,memory,dlllist,module,loaded,,,msimn.exe,,208,,,DDRAW.dll,C:\\WINDOWS\\system32\\DDRAW.dll,,,,,,,,,,,M57-Jean-MEM-DLL-1165,Volatility 3 windows.dlllist from M57-Jean memory image
M57-Jean,EVT-M57-Jean-DLL-1166,,,unknown,memory,dlllist,module,loaded,,,msimn.exe,,208,,,DCIMAN32.dll,C:\\WINDOWS\\system32\\DCIMAN32.dll,,,,,,,,,,,M57-Jean-MEM-DLL-1166,Volatility 3 windows.dlllist from M57-Jean memory image
M57-Jean,EVT-M57-Jean-DLL-1167,,,unknown,memory,dlllist,module,loaded,,,msimn.exe,,208,,,Dxtmsft.dll,C:\\WINDOWS\\system32\\Dxtmsft.dll,,,,,,,,,,,M57-Jean-MEM-DLL-1167,Volatility 3 windows.dlllist from M57-Jean memory image
M57-Jean,EVT-M57-Jean-DLL-1168,,,unknown,memory,dlllist,module,loaded,,,msimn.exe,,208,,,SXS.DLL,C:\\WINDOWS\\system32\\SXS.DLL,,,,,,,,,,,M57-Jean-MEM-DLL-1168,Volatility 3 windows.dlllist from M57-Jean memory image
M57-Jean,EVT-M57-Jean-DLL-1169,,,unknown,memory,dlllist,module,loaded,,,msimn.exe,,208,,,RICHED20.DLL,C:\\WINDOWS\\system32\\RICHED20.DLL,,,,,,,,,,,M57-Jean-MEM-DLL-1169,Volatility 3 windows.dlllist from M57-Jean memory image
M57-Jean,EVT-M57-Jean-DLL-1170,,,unknown,memory,dlllist,module,loaded,,,msimn.exe,,208,,,MSI.DLL,C:\\WINDOWS\\system32\\MSI.DLL,,,,,,,,,,,M57-Jean-MEM-DLL-1170,Volatility 3 windows.dlllist from M57-Jean memory image
M57-Jean,EVT-M57-Jean-DLL-1171,,,unknown,memory,dlllist,module,loaded,,,firefox.exe,,2892,,,firefox.exe,C:\\Program Files\\Mozilla Firefox\\firefox.exe,,,,,,,,,,,M57-Jean-MEM-DLL-1171,Volatility 3 windows.dlllist from M57-Jean memory image
M57-Jean,EVT-M57-Jean-DLL-1172,,,unknown,memory,dlllist,module,loaded,,,firefox.exe,,2892,,,ntdll.dll,C:\\WINDOWS\\system32\\ntdll.dll,,,,,,,,,,,M57-Jean-MEM-DLL-1172,Volatility 3 windows.dlllist from M57-Jean memory image
M57-Jean,EVT-M57-Jean-DLL-1173,,,unknown,memory,dlllist,module,loaded,,,firefox.exe,,2892,,,kernel32.dll,C:\\WINDOWS\\system32\\kernel32.dll,,,,,,,,,,,M57-Jean-MEM-DLL-1173,Volatility 3 windows.dlllist from M57-Jean memory image
M57-Jean,EVT-M57-Jean-DLL-1174,,,unknown,memory,dlllist,module,loaded,,,firefox.exe,,2892,,,xul.dll,C:\\Program Files\\Mozilla Firefox\\xul.dll,,,,,,,,,,,M57-Jean-MEM-DLL-1174,Volatility 3 windows.dlllist from M57-Jean memory image
M57-Jean,EVT-M57-Jean-DLL-1175,,,unknown,memory,dlllist,module,loaded,,,firefox.exe,,2892,,,sqlite3.dll,C:\\Program Files\\Mozilla Firefox\\sqlite3.dll,,,,,,,,,,,M57-Jean-MEM-DLL-1175,Volatility 3 windows.dlllist from M57-Jean memory image
M57-Jean,EVT-M57-Jean-DLL-1176,,,unknown,memory,dlllist,module,loaded,,,firefox.exe,,2892,,,MOZCRT19.dll,C:\\Program Files\\Mozilla Firefox\\MOZCRT19.dll,,,,,,,,,,,M57-Jean-MEM-DLL-1176,Volatility 3 windows.dlllist from M57-Jean memory image
M57-Jean,EVT-M57-Jean-DLL-1177,,,unknown,memory,dlllist,module,loaded,,,firefox.exe,,2892,,,msvcrt.dll,C:\\WINDOWS\\system32\\msvcrt.dll,,,,,,,,,,,M57-Jean-MEM-DLL-1177,Volatility 3 windows.dlllist from M57-Jean memory image
M57-Jean,EVT-M57-Jean-DLL-1178,,,unknown,memory,dlllist,module,loaded,,,firefox.exe,,2892,,,js3250.dll,C:\\Program Files\\Mozilla Firefox\\js3250.dll,,,,,,,,,,,M57-Jean-MEM-DLL-1178,Volatility 3 windows.dlllist from M57-Jean memory image
M57-Jean,EVT-M57-Jean-DLL-1179,,,unknown,memory,dlllist,module,loaded,,,firefox.exe,,2892,,,nspr4.dll,C:\\Program Files\\Mozilla Firefox\\nspr4.dll,,,,,,,,,,,M57-Jean-MEM-DLL-1179,Volatility 3 windows.dlllist from M57-Jean memory image
M57-Jean,EVT-M57-Jean-DLL-1180,,,unknown,memory,dlllist,module,loaded,,,firefox.exe,,2892,,,ADVAPI32.dll,C:\\WINDOWS\\system32\\ADVAPI32.dll,,,,,,,,,,,M57-Jean-MEM-DLL-1180,Volatility 3 windows.dlllist from M57-Jean memory image
M57-Jean,EVT-M57-Jean-DLL-1181,,,unknown,memory,dlllist,module,loaded,,,firefox.exe,,2892,,,RPCRT4.dll,C:\\WINDOWS\\system32\\RPCRT4.dll,,,,,,,,,,,M57-Jean-MEM-DLL-1181,Volatility 3 windows.dlllist from M57-Jean memory image
M57-Jean,EVT-M57-Jean-DLL-1182,,,unknown,memory,dlllist,module,loaded,,,firefox.exe,,2892,,,Secur32.dll,C:\\WINDOWS\\system32\\Secur32.dll,,,,,,,,,,,M57-Jean-MEM-DLL-1182,Volatility 3 windows.dlllist from M57-Jean memory image
M57-Jean,EVT-M57-Jean-DLL-1183,,,unknown,memory,dlllist,module,loaded,,,firefox.exe,,2892,,,WSOCK32.dll,C:\\WINDOWS\\system32\\WSOCK32.dll,,,,,,,,,,,M57-Jean-MEM-DLL-1183,Volatility 3 windows.dlllist from M57-Jean memory image
M57-Jean,EVT-M57-Jean-DLL-1184,,,unknown,memory,dlllist,module,loaded,,,firefox.exe,,2892,,,WS2_32.dll,C:\\WINDOWS\\system32\\WS2_32.dll,,,,,,,,,,,M57-Jean-MEM-DLL-1184,Volatility 3 windows.dlllist from M57-Jean memory image
M57-Jean,EVT-M57-Jean-DLL-1185,,,unknown,memory,dlllist,module,loaded,,,firefox.exe,,2892,,,WS2HELP.dll,C:\\WINDOWS\\system32\\WS2HELP.dll,,,,,,,,,,,M57-Jean-MEM-DLL-1185,Volatility 3 windows.dlllist from M57-Jean memory image
M57-Jean,EVT-M57-Jean-DLL-1186,,,unknown,memory,dlllist,module,loaded,,,firefox.exe,,2892,,,WINMM.dll,C:\\WINDOWS\\system32\\WINMM.dll,,,,,,,,,,,M57-Jean-MEM-DLL-1186,Volatility 3 windows.dlllist from M57-Jean memory image
M57-Jean,EVT-M57-Jean-DLL-1187,,,unknown,memory,dlllist,module,loaded,,,firefox.exe,,2892,,,GDI32.dll,C:\\WINDOWS\\system32\\GDI32.dll,,,,,,,,,,,M57-Jean-MEM-DLL-1187,Volatility 3 windows.dlllist from M57-Jean memory image
M57-Jean,EVT-M57-Jean-DLL-1188,,,unknown,memory,dlllist,module,loaded,,,firefox.exe,,2892,,,USER32.dll,C:\\WINDOWS\\system32\\USER32.dll,,,,,,,,,,,M57-Jean-MEM-DLL-1188,Volatility 3 windows.dlllist from M57-Jean memory image
M57-Jean,EVT-M57-Jean-DLL-1189,,,unknown,memory,dlllist,module,loaded,,,firefox.exe,,2892,,,smime3.dll,C:\\Program Files\\Mozilla Firefox\\smime3.dll,,,,,,,,,,,M57-Jean-MEM-DLL-1189,Volatility 3 windows.dlllist from M57-Jean memory image
M57-Jean,EVT-M57-Jean-DLL-1190,,,unknown,memory,dlllist,module,loaded,,,firefox.exe,,2892,,,nss3.dll,C:\\Program Files\\Mozilla Firefox\\nss3.dll,,,,,,,,,,,M57-Jean-MEM-DLL-1190,Volatility 3 windows.dlllist from M57-Jean memory image
M57-Jean,EVT-M57-Jean-DLL-1191,,,unknown,memory,dlllist,module,loaded,,,firefox.exe,,2892,,,nssutil3.dll,C:\\Program Files\\Mozilla Firefox\\nssutil3.dll,,,,,,,,,,,M57-Jean-MEM-DLL-1191,Volatility 3 windows.dlllist from M57-Jean memory image
M57-Jean,EVT-M57-Jean-DLL-1192,,,unknown,memory,dlllist,module,loaded,,,firefox.exe,,2892,,,plc4.dll,C:\\Program Files\\Mozilla Firefox\\plc4.dll,,,,,,,,,,,M57-Jean-MEM-DLL-1192,Volatility 3 windows.dlllist from M57-Jean memory image
M57-Jean,EVT-M57-Jean-DLL-1193,,,unknown,memory,dlllist,module,loaded,,,firefox.exe,,2892,,,plds4.dll,C:\\Program Files\\Mozilla Firefox\\plds4.dll,,,,,,,,,,,M57-Jean-MEM-DLL-1193,Volatility 3 windows.dlllist from M57-Jean memory image
M57-Jean,EVT-M57-Jean-DLL-1194,,,unknown,memory,dlllist,module,loaded,,,firefox.exe,,2892,,,ssl3.dll,C:\\Program Files\\Mozilla Firefox\\ssl3.dll,,,,,,,,,,,M57-Jean-MEM-DLL-1194,Volatility 3 windows.dlllist from M57-Jean memory image
M57-Jean,EVT-M57-Jean-DLL-1195,,,unknown,memory,dlllist,module,loaded,,,firefox.exe,,2892,,,SHELL32.dll,C:\\WINDOWS\\system32\\SHELL32.dll,,,,,,,,,,,M57-Jean-MEM-DLL-1195,Volatility 3 windows.dlllist from M57-Jean memory image
M57-Jean,EVT-M57-Jean-DLL-1196,,,unknown,memory,dlllist,module,loaded,,,firefox.exe,,2892,,,SHLWAPI.dll,C:\\WINDOWS\\system32\\SHLWAPI.dll,,,,,,,,,,,M57-Jean-MEM-DLL-1196,Volatility 3 windows.dlllist from M57-Jean memory image
M57-Jean,EVT-M57-Jean-DLL-1197,,,unknown,memory,dlllist,module,loaded,,,firefox.exe,,2892,,,ole32.dll,C:\\WINDOWS\\system32\\ole32.dll,,,,,,,,,,,M57-Jean-MEM-DLL-1197,Volatility 3 windows.dlllist from M57-Jean memory image
M57-Jean,EVT-M57-Jean-DLL-1198,,,unknown,memory,dlllist,module,loaded,,,firefox.exe,,2892,,,VERSION.dll,C:\\WINDOWS\\system32\\VERSION.dll,,,,,,,,,,,M57-Jean-MEM-DLL-1198,Volatility 3 windows.dlllist from M57-Jean memory image
M57-Jean,EVT-M57-Jean-DLL-1199,,,unknown,memory,dlllist,module,loaded,,,firefox.exe,,2892,,,WINSPOOL.DRV,C:\\WINDOWS\\system32\\WINSPOOL.DRV,,,,,,,,,,,M57-Jean-MEM-DLL-1199,Volatility 3 windows.dlllist from M57-Jean memory image
M57-Jean,EVT-M57-Jean-DLL-1200,,,unknown,memory,dlllist,module,loaded,,,firefox.exe,,2892,,,COMDLG32.dll,C:\\WINDOWS\\system32\\COMDLG32.dll,,,,,,,,,,,M57-Jean-MEM-DLL-1200,Volatility 3 windows.dlllist from M57-Jean memory image
M57-Jean,EVT-M57-Jean-DLL-1201,,,unknown,memory,dlllist,module,loaded,,,firefox.exe,,2892,,,COMCTL32.dll,C:\\WINDOWS\\WinSxS\\x86_Microsoft.Windows.Common-Controls_6595b64144ccf1df_6.0.2600.5512_x-ww_35d4ce83\\COMCTL32.dll,,,,,,,,,,,M57-Jean-MEM-DLL-1201,Volatility 3 windows.dlllist from M57-Jean memory image
M57-Jean,EVT-M57-Jean-DLL-1202,,,unknown,memory,dlllist,module,loaded,,,firefox.exe,,2892,,,IMM32.dll,C:\\WINDOWS\\system32\\IMM32.dll,,,,,,,,,,,M57-Jean-MEM-DLL-1202,Volatility 3 windows.dlllist from M57-Jean memory image
M57-Jean,EVT-M57-Jean-DLL-1203,,,unknown,memory,dlllist,module,loaded,,,firefox.exe,,2892,,,MSIMG32.dll,C:\\WINDOWS\\system32\\MSIMG32.dll,,,,,,,,,,,M57-Jean-MEM-DLL-1203,Volatility 3 windows.dlllist from M57-Jean memory image
M57-Jean,EVT-M57-Jean-DLL-1204,,,unknown,memory,dlllist,module,loaded,,,firefox.exe,,2892,,,USP10.dll,C:\\WINDOWS\\system32\\USP10.dll,,,,,,,,,,,M57-Jean-MEM-DLL-1204,Volatility 3 windows.dlllist from M57-Jean memory image
M57-Jean,EVT-M57-Jean-DLL-1205,,,unknown,memory,dlllist,module,loaded,,,firefox.exe,,2892,,,OLEAUT32.dll,C:\\WINDOWS\\system32\\OLEAUT32.dll,,,,,,,,,,,M57-Jean-MEM-DLL-1205,Volatility 3 windows.dlllist from M57-Jean memory image
M57-Jean,EVT-M57-Jean-DLL-1206,,,unknown,memory,dlllist,module,loaded,,,firefox.exe,,2892,,,xpcom.dll,C:\\Program Files\\Mozilla Firefox\\xpcom.dll,,,,,,,,,,,M57-Jean-MEM-DLL-1206,Volatility 3 windows.dlllist from M57-Jean memory image
M57-Jean,EVT-M57-Jean-DLL-1207,,,unknown,memory,dlllist,module,loaded,,,firefox.exe,,2892,,,uxtheme.dll,C:\\WINDOWS\\system32\\uxtheme.dll,,,,,,,,,,,M57-Jean-MEM-DLL-1207,Volatility 3 windows.dlllist from M57-Jean memory image
M57-Jean,EVT-M57-Jean-DLL-1208,,,unknown,memory,dlllist,module,loaded,,,firefox.exe,,2892,,,dbghelp.dll,C:\\WINDOWS\\system32\\dbghelp.dll,,,,,,,,,,,M57-Jean-MEM-DLL-1208,Volatility 3 windows.dlllist from M57-Jean memory image
M57-Jean,EVT-M57-Jean-DLL-1209,,,unknown,memory,dlllist,module,loaded,,,firefox.exe,,2892,,,MSCTF.dll,C:\\WINDOWS\\system32\\MSCTF.dll,,,,,,,,,,,M57-Jean-MEM-DLL-1209,Volatility 3 windows.dlllist from M57-Jean memory image
M57-Jean,EVT-M57-Jean-DLL-1210,,,unknown,memory,dlllist,module,loaded,,,firefox.exe,,2892,,,SETUPAPI.dll,C:\\WINDOWS\\system32\\SETUPAPI.dll,,,,,,,,,,,M57-Jean-MEM-DLL-1210,Volatility 3 windows.dlllist from M57-Jean memory image
M57-Jean,EVT-M57-Jean-DLL-1211,,,unknown,memory,dlllist,module,loaded,,,firefox.exe,,2892,,,msctfime.ime,C:\\WINDOWS\\system32\\msctfime.ime,,,,,,,,,,,M57-Jean-MEM-DLL-1211,Volatility 3 windows.dlllist from M57-Jean memory image
M57-Jean,EVT-M57-Jean-DLL-1212,,,unknown,memory,dlllist,module,loaded,,,firefox.exe,,2892,,,CLBCATQ.DLL,C:\\WINDOWS\\system32\\CLBCATQ.DLL,,,,,,,,,,,M57-Jean-MEM-DLL-1212,Volatility 3 windows.dlllist from M57-Jean memory image
M57-Jean,EVT-M57-Jean-DLL-1213,,,unknown,memory,dlllist,module,loaded,,,firefox.exe,,2892,,,COMRes.dll,C:\\WINDOWS\\system32\\COMRes.dll,,,,,,,,,,,M57-Jean-MEM-DLL-1213,Volatility 3 windows.dlllist from M57-Jean memory image
M57-Jean,EVT-M57-Jean-DLL-1214,,,unknown,memory,dlllist,module,loaded,,,firefox.exe,,2892,,,browserdirprovider.dll,C:\\Program Files\\Mozilla Firefox\\components\\browserdirprovider.dll,,,,,,,,,,,M57-Jean-MEM-DLL-1214,Volatility 3 windows.dlllist from M57-Jean memory image
M57-Jean,EVT-M57-Jean-DLL-1215,,,unknown,memory,dlllist,module,loaded,,,firefox.exe,,2892,,,mswsock.dll,C:\\WINDOWS\\system32\\mswsock.dll,,,,,,,,,,,M57-Jean-MEM-DLL-1215,Volatility 3 windows.dlllist from M57-Jean memory image
M57-Jean,EVT-M57-Jean-DLL-1216,,,unknown,memory,dlllist,module,loaded,,,firefox.exe,,2892,,,hnetcfg.dll,C:\\WINDOWS\\system32\\hnetcfg.dll,,,,,,,,,,,M57-Jean-MEM-DLL-1216,Volatility 3 windows.dlllist from M57-Jean memory image
M57-Jean,EVT-M57-Jean-DLL-1217,,,unknown,memory,dlllist,module,loaded,,,firefox.exe,,2892,,,wshtcpip.dll,C:\\WINDOWS\\System32\\wshtcpip.dll,,,,,,,,,,,M57-Jean-MEM-DLL-1217,Volatility 3 windows.dlllist from M57-Jean memory image
M57-Jean,EVT-M57-Jean-DLL-1218,,,unknown,memory,dlllist,module,loaded,,,firefox.exe,,2892,,,iphlpapi.dll,C:\\WINDOWS\\system32\\iphlpapi.dll,,,,,,,,,,,M57-Jean-MEM-DLL-1218,Volatility 3 windows.dlllist from M57-Jean memory image
M57-Jean,EVT-M57-Jean-DLL-1219,,,unknown,memory,dlllist,module,loaded,,,firefox.exe,,2892,,,brwsrcmp.dll,C:\\Program Files\\Mozilla Firefox\\components\\brwsrcmp.dll,,,,,,,,,,,M57-Jean-MEM-DLL-1219,Volatility 3 windows.dlllist from M57-Jean memory image
M57-Jean,EVT-M57-Jean-DLL-1220,,,unknown,memory,dlllist,module,loaded,,,firefox.exe,,2892,,,DNSAPI.dll,C:\\WINDOWS\\system32\\DNSAPI.dll,,,,,,,,,,,M57-Jean-MEM-DLL-1220,Volatility 3 windows.dlllist from M57-Jean memory image
M57-Jean,EVT-M57-Jean-DLL-1221,,,unknown,memory,dlllist,module,loaded,,,firefox.exe,,2892,,,winrnr.dll,C:\\WINDOWS\\System32\\winrnr.dll,,,,,,,,,,,M57-Jean-MEM-DLL-1221,Volatility 3 windows.dlllist from M57-Jean memory image
M57-Jean,EVT-M57-Jean-DLL-1222,,,unknown,memory,dlllist,module,loaded,,,firefox.exe,,2892,,,WLDAP32.dll,C:\\WINDOWS\\system32\\WLDAP32.dll,,,,,,,,,,,M57-Jean-MEM-DLL-1222,Volatility 3 windows.dlllist from M57-Jean memory image
M57-Jean,EVT-M57-Jean-DLL-1223,,,unknown,memory,dlllist,module,loaded,,,firefox.exe,,2892,,,t2embed.dll,C:\\WINDOWS\\system32\\t2embed.dll,,,,,,,,,,,M57-Jean-MEM-DLL-1223,Volatility 3 windows.dlllist from M57-Jean memory image
M57-Jean,EVT-M57-Jean-DLL-1224,,,unknown,memory,dlllist,module,loaded,,,firefox.exe,,2892,,,LZ32.dll,C:\\WINDOWS\\system32\\LZ32.dll,,,,,,,,,,,M57-Jean-MEM-DLL-1224,Volatility 3 windows.dlllist from M57-Jean memory image
M57-Jean,EVT-M57-Jean-DLL-1225,,,unknown,memory,dlllist,module,loaded,,,firefox.exe,,2892,,,xpsp2res.dll,C:\\WINDOWS\\system32\\xpsp2res.dll,,,,,,,,,,,M57-Jean-MEM-DLL-1225,Volatility 3 windows.dlllist from M57-Jean memory image
M57-Jean,EVT-M57-Jean-DLL-1226,,,unknown,memory,dlllist,module,loaded,,,firefox.exe,,2892,,,netapi32.dll,C:\\WINDOWS\\system32\\netapi32.dll,,,,,,,,,,,M57-Jean-MEM-DLL-1226,Volatility 3 windows.dlllist from M57-Jean memory image
M57-Jean,EVT-M57-Jean-DLL-1227,,,unknown,memory,dlllist,module,loaded,,,firefox.exe,,2892,,,urlmon.dll,C:\\WINDOWS\\system32\\urlmon.dll,,,,,,,,,,,M57-Jean-MEM-DLL-1227,Volatility 3 windows.dlllist from M57-Jean memory image
M57-Jean,EVT-M57-Jean-DLL-1228,,,unknown,memory,dlllist,module,loaded,,,firefox.exe,,2892,,,iertutil.dll,C:\\WINDOWS\\system32\\iertutil.dll,,,,,,,,,,,M57-Jean-MEM-DLL-1228,Volatility 3 windows.dlllist from M57-Jean memory image
M57-Jean,EVT-M57-Jean-DLL-1229,,,unknown,memory,dlllist,module,loaded,,,firefox.exe,,2892,,,mscms.dll,C:\\WINDOWS\\system32\\mscms.dll,,,,,,,,,,,M57-Jean-MEM-DLL-1229,Volatility 3 windows.dlllist from M57-Jean memory image
M57-Jean,EVT-M57-Jean-DLL-1230,,,unknown,memory,dlllist,module,loaded,,,firefox.exe,,2892,,,rasadhlp.dll,C:\\WINDOWS\\system32\\rasadhlp.dll,,,,,,,,,,,M57-Jean-MEM-DLL-1230,Volatility 3 windows.dlllist from M57-Jean memory image
M57-Jean,EVT-M57-Jean-DLL-1231,,,unknown,memory,dlllist,module,loaded,,,firefox.exe,,2892,,,softokn3.dll,C:\\Program Files\\Mozilla Firefox\\softokn3.dll,,,,,,,,,,,M57-Jean-MEM-DLL-1231,Volatility 3 windows.dlllist from M57-Jean memory image
M57-Jean,EVT-M57-Jean-DLL-1232,,,unknown,memory,dlllist,module,loaded,,,firefox.exe,,2892,,,nssdbm3.dll,C:\\Program Files\\Mozilla Firefox\\nssdbm3.dll,,,,,,,,,,,M57-Jean-MEM-DLL-1232,Volatility 3 windows.dlllist from M57-Jean memory image
M57-Jean,EVT-M57-Jean-DLL-1233,,,unknown,memory,dlllist,module,loaded,,,firefox.exe,,2892,,,freebl3.dll,C:\\Program Files\\Mozilla Firefox\\freebl3.dll,,,,,,,,,,,M57-Jean-MEM-DLL-1233,Volatility 3 windows.dlllist from M57-Jean memory image
M57-Jean,EVT-M57-Jean-DLL-1234,,,unknown,memory,dlllist,module,loaded,,,firefox.exe,,2892,,,nssckbi.dll,C:\\Program Files\\Mozilla Firefox\\nssckbi.dll,,,,,,,,,,,M57-Jean-MEM-DLL-1234,Volatility 3 windows.dlllist from M57-Jean memory image
M57-Jean,EVT-M57-Jean-DLL-1235,,,unknown,memory,dlllist,module,loaded,,,firefox.exe,,2892,,,shdocvw.dll,C:\\WINDOWS\\system32\\shdocvw.dll,,,,,,,,,,,M57-Jean-MEM-DLL-1235,Volatility 3 windows.dlllist from M57-Jean memory image
M57-Jean,EVT-M57-Jean-DLL-1236,,,unknown,memory,dlllist,module,loaded,,,firefox.exe,,2892,,,CRYPT32.dll,C:\\WINDOWS\\system32\\CRYPT32.dll,,,,,,,,,,,M57-Jean-MEM-DLL-1236,Volatility 3 windows.dlllist from M57-Jean memory image
M57-Jean,EVT-M57-Jean-DLL-1237,,,unknown,memory,dlllist,module,loaded,,,firefox.exe,,2892,,,MSASN1.dll,C:\\WINDOWS\\system32\\MSASN1.dll,,,,,,,,,,,M57-Jean-MEM-DLL-1237,Volatility 3 windows.dlllist from M57-Jean memory image
M57-Jean,EVT-M57-Jean-DLL-1238,,,unknown,memory,dlllist,module,loaded,,,firefox.exe,,2892,,,CRYPTUI.dll,C:\\WINDOWS\\system32\\CRYPTUI.dll,,,,,,,,,,,M57-Jean-MEM-DLL-1238,Volatility 3 windows.dlllist from M57-Jean memory image
M57-Jean,EVT-M57-Jean-DLL-1239,,,unknown,memory,dlllist,module,loaded,,,firefox.exe,,2892,,,WININET.dll,C:\\WINDOWS\\system32\\WININET.dll,,,,,,,,,,,M57-Jean-MEM-DLL-1239,Volatility 3 windows.dlllist from M57-Jean memory image
M57-Jean,EVT-M57-Jean-DLL-1240,,,unknown,memory,dlllist,module,loaded,,,firefox.exe,,2892,,,Normaliz.dll,C:\\WINDOWS\\system32\\Normaliz.dll,,,,,,,,,,,M57-Jean-MEM-DLL-1240,Volatility 3 windows.dlllist from M57-Jean memory image
M57-Jean,EVT-M57-Jean-DLL-1241,,,unknown,memory,dlllist,module,loaded,,,firefox.exe,,2892,,,WINTRUST.dll,C:\\WINDOWS\\system32\\WINTRUST.dll,,,,,,,,,,,M57-Jean-MEM-DLL-1241,Volatility 3 windows.dlllist from M57-Jean memory image
M57-Jean,EVT-M57-Jean-DLL-1242,,,unknown,memory,dlllist,module,loaded,,,firefox.exe,,2892,,,IMAGEHLP.dll,C:\\WINDOWS\\system32\\IMAGEHLP.dll,,,,,,,,,,,M57-Jean-MEM-DLL-1242,Volatility 3 windows.dlllist from M57-Jean memory image
M57-Jean,EVT-M57-Jean-DLL-1243,,,unknown,memory,dlllist,module,loaded,,,firefox.exe,,2892,,,NTMARTA.DLL,C:\\WINDOWS\\system32\\NTMARTA.DLL,,,,,,,,,,,M57-Jean-MEM-DLL-1243,Volatility 3 windows.dlllist from M57-Jean memory image
M57-Jean,EVT-M57-Jean-DLL-1244,,,unknown,memory,dlllist,module,loaded,,,firefox.exe,,2892,,,SAMLIB.dll,C:\\WINDOWS\\system32\\SAMLIB.dll,,,,,,,,,,,M57-Jean-MEM-DLL-1244,Volatility 3 windows.dlllist from M57-Jean memory image
M57-Jean,EVT-M57-Jean-DLL-1245,,,unknown,memory,dlllist,module,loaded,,,firefox.exe,,2892,,,appHelp.dll,C:\\WINDOWS\\system32\\appHelp.dll,,,,,,,,,,,M57-Jean-MEM-DLL-1245,Volatility 3 windows.dlllist from M57-Jean memory image
M57-Jean,EVT-M57-Jean-DLL-1246,,,unknown,memory,dlllist,module,loaded,,,firefox.exe,,2892,,,cscui.dll,C:\\WINDOWS\\System32\\cscui.dll,,,,,,,,,,,M57-Jean-MEM-DLL-1246,Volatility 3 windows.dlllist from M57-Jean memory image
M57-Jean,EVT-M57-Jean-DLL-1247,,,unknown,memory,dlllist,module,loaded,,,firefox.exe,,2892,,,CSCDLL.dll,C:\\WINDOWS\\System32\\CSCDLL.dll,,,,,,,,,,,M57-Jean-MEM-DLL-1247,Volatility 3 windows.dlllist from M57-Jean memory image
M57-Jean,EVT-M57-Jean-DLL-1248,,,unknown,memory,dlllist,module,loaded,,,firefox.exe,,2892,,,USERENV.dll,C:\\WINDOWS\\system32\\USERENV.dll,,,,,,,,,,,M57-Jean-MEM-DLL-1248,Volatility 3 windows.dlllist from M57-Jean memory image
M57-Jean,EVT-M57-Jean-DLL-1249,,,unknown,memory,dlllist,module,loaded,,,firefox.exe,,2892,,,RASAPI32.dll,C:\\WINDOWS\\system32\\RASAPI32.dll,,,,,,,,,,,M57-Jean-MEM-DLL-1249,Volatility 3 windows.dlllist from M57-Jean memory image
M57-Jean,EVT-M57-Jean-DLL-1250,,,unknown,memory,dlllist,module,loaded,,,firefox.exe,,2892,,,rasman.dll,C:\\WINDOWS\\system32\\rasman.dll,,,,,,,,,,,M57-Jean-MEM-DLL-1250,Volatility 3 windows.dlllist from M57-Jean memory image
M57-Jean,EVT-M57-Jean-DLL-1251,,,unknown,memory,dlllist,module,loaded,,,firefox.exe,,2892,,,TAPI32.dll,C:\\WINDOWS\\system32\\TAPI32.dll,,,,,,,,,,,M57-Jean-MEM-DLL-1251,Volatility 3 windows.dlllist from M57-Jean memory image
M57-Jean,EVT-M57-Jean-DLL-1252,,,unknown,memory,dlllist,module,loaded,,,firefox.exe,,2892,,,rtutils.dll,C:\\WINDOWS\\system32\\rtutils.dll,,,,,,,,,,,M57-Jean-MEM-DLL-1252,Volatility 3 windows.dlllist from M57-Jean memory image
M57-Jean,EVT-M57-Jean-DLL-1253,,,unknown,memory,dlllist,module,loaded,,,firefox.exe,,2892,,,msv1_0.dll,C:\\WINDOWS\\system32\\msv1_0.dll,,,,,,,,,,,M57-Jean-MEM-DLL-1253,Volatility 3 windows.dlllist from M57-Jean memory image
M57-Jean,EVT-M57-Jean-DLL-1254,,,unknown,memory,dlllist,module,loaded,,,firefox.exe,,2892,,,cryptdll.dll,C:\\WINDOWS\\system32\\cryptdll.dll,,,,,,,,,,,M57-Jean-MEM-DLL-1254,Volatility 3 windows.dlllist from M57-Jean memory image
M57-Jean,EVT-M57-Jean-DLL-1255,,,unknown,memory,dlllist,module,loaded,,,firefox.exe,,2892,,,sensapi.dll,C:\\WINDOWS\\system32\\sensapi.dll,,,,,,,,,,,M57-Jean-MEM-DLL-1255,Volatility 3 windows.dlllist from M57-Jean memory image
M57-Jean,EVT-M57-Jean-DLL-1256,,,unknown,memory,dlllist,module,loaded,,,firefox.exe,,2892,,,wuapi.dll,C:\\WINDOWS\\system32\\wuapi.dll,,,,,,,,,,,M57-Jean-MEM-DLL-1256,Volatility 3 windows.dlllist from M57-Jean memory image
M57-Jean,EVT-M57-Jean-DLL-1257,,,unknown,memory,dlllist,module,loaded,,,firefox.exe,,2892,,,Cabinet.dll,C:\\WINDOWS\\system32\\Cabinet.dll,,,,,,,,,,,M57-Jean-MEM-DLL-1257,Volatility 3 windows.dlllist from M57-Jean memory image
M57-Jean,EVT-M57-Jean-DLL-1258,,,unknown,memory,dlllist,module,loaded,,,swriter.exe,,2080,,,swriter.exe,C:\\Program Files\\OpenOffice.org 3\\program\\swriter.exe,,,,,,,,,,,M57-Jean-MEM-DLL-1258,Volatility 3 windows.dlllist from M57-Jean memory image
M57-Jean,EVT-M57-Jean-DLL-1259,,,unknown,memory,dlllist,module,loaded,,,swriter.exe,,2080,,,ntdll.dll,C:\\WINDOWS\\system32\\ntdll.dll,,,,,,,,,,,M57-Jean-MEM-DLL-1259,Volatility 3 windows.dlllist from M57-Jean memory image
M57-Jean,EVT-M57-Jean-DLL-1260,,,unknown,memory,dlllist,module,loaded,,,swriter.exe,,2080,,,kernel32.dll,C:\\WINDOWS\\system32\\kernel32.dll,,,,,,,,,,,M57-Jean-MEM-DLL-1260,Volatility 3 windows.dlllist from M57-Jean memory image
M57-Jean,EVT-M57-Jean-DLL-1261,,,unknown,memory,dlllist,module,loaded,,,swriter.exe,,2080,,,SHELL32.dll,C:\\WINDOWS\\system32\\SHELL32.dll,,,,,,,,,,,M57-Jean-MEM-DLL-1261,Volatility 3 windows.dlllist from M57-Jean memory image
M57-Jean,EVT-M57-Jean-DLL-1262,,,unknown,memory,dlllist,module,loaded,,,swriter.exe,,2080,,,ADVAPI32.dll,C:\\WINDOWS\\system32\\ADVAPI32.dll,,,,,,,,,,,M57-Jean-MEM-DLL-1262,Volatility 3 windows.dlllist from M57-Jean memory image
M57-Jean,EVT-M57-Jean-DLL-1263,,,unknown,memory,dlllist,module,loaded,,,swriter.exe,,2080,,,RPCRT4.dll,C:\\WINDOWS\\system32\\RPCRT4.dll,,,,,,,,,,,M57-Jean-MEM-DLL-1263,Volatility 3 windows.dlllist from M57-Jean memory image
M57-Jean,EVT-M57-Jean-DLL-1264,,,unknown,memory,dlllist,module,loaded,,,swriter.exe,,2080,,,Secur32.dll,C:\\WINDOWS\\system32\\Secur32.dll,,,,,,,,,,,M57-Jean-MEM-DLL-1264,Volatility 3 windows.dlllist from M57-Jean memory image
M57-Jean,EVT-M57-Jean-DLL-1265,,,unknown,memory,dlllist,module,loaded,,,swriter.exe,,2080,,,GDI32.dll,C:\\WINDOWS\\system32\\GDI32.dll,,,,,,,,,,,M57-Jean-MEM-DLL-1265,Volatility 3 windows.dlllist from M57-Jean memory image
M57-Jean,EVT-M57-Jean-DLL-1266,,,unknown,memory,dlllist,module,loaded,,,swriter.exe,,2080,,,USER32.dll,C:\\WINDOWS\\system32\\USER32.dll,,,,,,,,,,,M57-Jean-MEM-DLL-1266,Volatility 3 windows.dlllist from M57-Jean memory image
M57-Jean,EVT-M57-Jean-DLL-1267,,,unknown,memory,dlllist,module,loaded,,,swriter.exe,,2080,,,msvcrt.dll,C:\\WINDOWS\\system32\\msvcrt.dll,,,,,,,,,,,M57-Jean-MEM-DLL-1267,Volatility 3 windows.dlllist from M57-Jean memory image
M57-Jean,EVT-M57-Jean-DLL-1268,,,unknown,memory,dlllist,module,loaded,,,swriter.exe,,2080,,,SHLWAPI.dll,C:\\WINDOWS\\system32\\SHLWAPI.dll,,,,,,,,,,,M57-Jean-MEM-DLL-1268,Volatility 3 windows.dlllist from M57-Jean memory image
M57-Jean,EVT-M57-Jean-DLL-1269,,,unknown,memory,dlllist,module,loaded,,,swriter.exe,,2080,,,MSVCR90.dll,C:\\WINDOWS\\WinSxS\\x86_Microsoft.VC90.CRT_1fc8b3b9a1e18e3b_9.0.21022.8_x-ww_d08d0375\\MSVCR90.dll,,,,,,,,,,,M57-Jean-MEM-DLL-1269,Volatility 3 windows.dlllist from M57-Jean memory image
M57-Jean,EVT-M57-Jean-DLL-1270,,,unknown,memory,dlllist,module,loaded,,,swriter.exe,,2080,,,IMM32.DLL,C:\\WINDOWS\\system32\\IMM32.DLL,,,,,,,,,,,M57-Jean-MEM-DLL-1270,Volatility 3 windows.dlllist from M57-Jean memory image
M57-Jean,EVT-M57-Jean-DLL-1271,,,unknown,memory,dlllist,module,loaded,,,swriter.exe,,2080,,,comctl32.dll,C:\\WINDOWS\\WinSxS\\x86_Microsoft.Windows.Common-Controls_6595b64144ccf1df_6.0.2600.5512_x-ww_35d4ce83\\comctl32.dll,,,,,,,,,,,M57-Jean-MEM-DLL-1271,Volatility 3 windows.dlllist from M57-Jean memory image
M57-Jean,EVT-M57-Jean-DLL-1272,,,unknown,memory,dlllist,module,loaded,,,swriter.exe,,2080,,,comctl32.dll,C:\\WINDOWS\\system32\\comctl32.dll,,,,,,,,,,,M57-Jean-MEM-DLL-1272,Volatility 3 windows.dlllist from M57-Jean memory image
M57-Jean,EVT-M57-Jean-DLL-1273,,,unknown,memory,dlllist,module,loaded,,,swriter.exe,,2080,,,Apphelp.dll,C:\\WINDOWS\\system32\\Apphelp.dll,,,,,,,,,,,M57-Jean-MEM-DLL-1273,Volatility 3 windows.dlllist from M57-Jean memory image
M57-Jean,EVT-M57-Jean-DLL-1274,,,unknown,memory,dlllist,module,loaded,,,soffice.exe,,3908,,,soffice.exe,C:\\Program Files\\OpenOffice.org 3\\program\\soffice.exe,,,,,,,,,,,M57-Jean-MEM-DLL-1274,Volatility 3 windows.dlllist from M57-Jean memory image
M57-Jean,EVT-M57-Jean-DLL-1275,,,unknown,memory,dlllist,module,loaded,,,soffice.exe,,3908,,,ntdll.dll,C:\\WINDOWS\\system32\\ntdll.dll,,,,,,,,,,,M57-Jean-MEM-DLL-1275,Volatility 3 windows.dlllist from M57-Jean memory image
M57-Jean,EVT-M57-Jean-DLL-1276,,,unknown,memory,dlllist,module,loaded,,,soffice.exe,,3908,,,kernel32.dll,C:\\WINDOWS\\system32\\kernel32.dll,,,,,,,,,,,M57-Jean-MEM-DLL-1276,Volatility 3 windows.dlllist from M57-Jean memory image
M57-Jean,EVT-M57-Jean-DLL-1277,,,unknown,memory,dlllist,module,loaded,,,soffice.exe,,3908,,,MSVCR90.dll,C:\\WINDOWS\\WinSxS\\x86_Microsoft.VC90.CRT_1fc8b3b9a1e18e3b_9.0.21022.8_x-ww_d08d0375\\MSVCR90.dll,,,,,,,,,,,M57-Jean-MEM-DLL-1277,Volatility 3 windows.dlllist from M57-Jean memory image
M57-Jean,EVT-M57-Jean-DLL-1278,,,unknown,memory,dlllist,module,loaded,,,soffice.exe,,3908,,,USER32.dll,C:\\WINDOWS\\system32\\USER32.dll,,,,,,,,,,,M57-Jean-MEM-DLL-1278,Volatility 3 windows.dlllist from M57-Jean memory image
M57-Jean,EVT-M57-Jean-DLL-1279,,,unknown,memory,dlllist,module,loaded,,,soffice.exe,,3908,,,GDI32.dll,C:\\WINDOWS\\system32\\GDI32.dll,,,,,,,,,,,M57-Jean-MEM-DLL-1279,Volatility 3 windows.dlllist from M57-Jean memory image
M57-Jean,EVT-M57-Jean-DLL-1280,,,unknown,memory,dlllist,module,loaded,,,soffice.exe,,3908,,,ADVAPI32.dll,C:\\WINDOWS\\system32\\ADVAPI32.dll,,,,,,,,,,,M57-Jean-MEM-DLL-1280,Volatility 3 windows.dlllist from M57-Jean memory image
M57-Jean,EVT-M57-Jean-DLL-1281,,,unknown,memory,dlllist,module,loaded,,,soffice.exe,,3908,,,RPCRT4.dll,C:\\WINDOWS\\system32\\RPCRT4.dll,,,,,,,,,,,M57-Jean-MEM-DLL-1281,Volatility 3 windows.dlllist from M57-Jean memory image
M57-Jean,EVT-M57-Jean-DLL-1282,,,unknown,memory,dlllist,module,loaded,,,soffice.exe,,3908,,,Secur32.dll,C:\\WINDOWS\\system32\\Secur32.dll,,,,,,,,,,,M57-Jean-MEM-DLL-1282,Volatility 3 windows.dlllist from M57-Jean memory image
M57-Jean,EVT-M57-Jean-DLL-1283,,,unknown,memory,dlllist,module,loaded,,,soffice.exe,,3908,,,SHELL32.dll,C:\\WINDOWS\\system32\\SHELL32.dll,,,,,,,,,,,M57-Jean-MEM-DLL-1283,Volatility 3 windows.dlllist from M57-Jean memory image
M57-Jean,EVT-M57-Jean-DLL-1284,,,unknown,memory,dlllist,module,loaded,,,soffice.exe,,3908,,,msvcrt.dll,C:\\WINDOWS\\system32\\msvcrt.dll,,,,,,,,,,,M57-Jean-MEM-DLL-1284,Volatility 3 windows.dlllist from M57-Jean memory image
M57-Jean,EVT-M57-Jean-DLL-1285,,,unknown,memory,dlllist,module,loaded,,,soffice.exe,,3908,,,SHLWAPI.dll,C:\\WINDOWS\\system32\\SHLWAPI.dll,,,,,,,,,,,M57-Jean-MEM-DLL-1285,Volatility 3 windows.dlllist from M57-Jean memory image
M57-Jean,EVT-M57-Jean-DLL-1286,,,unknown,memory,dlllist,module,loaded,,,soffice.exe,,3908,,,IMM32.DLL,C:\\WINDOWS\\system32\\IMM32.DLL,,,,,,,,,,,M57-Jean-MEM-DLL-1286,Volatility 3 windows.dlllist from M57-Jean memory image
M57-Jean,EVT-M57-Jean-DLL-1287,,,unknown,memory,dlllist,module,loaded,,,soffice.exe,,3908,,,comctl32.dll,C:\\WINDOWS\\WinSxS\\x86_Microsoft.Windows.Common-Controls_6595b64144ccf1df_6.0.2600.5512_x-ww_35d4ce83\\comctl32.dll,,,,,,,,,,,M57-Jean-MEM-DLL-1287,Volatility 3 windows.dlllist from M57-Jean memory image
M57-Jean,EVT-M57-Jean-DLL-1288,,,unknown,memory,dlllist,module,loaded,,,soffice.exe,,3908,,,comctl32.dll,C:\\WINDOWS\\system32\\comctl32.dll,,,,,,,,,,,M57-Jean-MEM-DLL-1288,Volatility 3 windows.dlllist from M57-Jean memory image
M57-Jean,EVT-M57-Jean-DLL-1289,,,unknown,memory,dlllist,module,loaded,,,soffice.bin,,3560,,,soffice.bin,C:\\Program Files\\OpenOffice.org 3\\program\\soffice.bin,,,,,,,,,,,M57-Jean-MEM-DLL-1289,Volatility 3 windows.dlllist from M57-Jean memory image
M57-Jean,EVT-M57-Jean-DLL-1290,,,unknown,memory,dlllist,module,loaded,,,soffice.bin,,3560,,,ntdll.dll,C:\\WINDOWS\\system32\\ntdll.dll,,,,,,,,,,,M57-Jean-MEM-DLL-1290,Volatility 3 windows.dlllist from M57-Jean memory image
M57-Jean,EVT-M57-Jean-DLL-1291,,,unknown,memory,dlllist,module,loaded,,,soffice.bin,,3560,,,kernel32.dll,C:\\WINDOWS\\system32\\kernel32.dll,,,,,,,,,,,M57-Jean-MEM-DLL-1291,Volatility 3 windows.dlllist from M57-Jean memory image
M57-Jean,EVT-M57-Jean-DLL-1292,,,unknown,memory,dlllist,module,loaded,,,soffice.bin,,3560,,,sal3.dll,C:\\Program Files\\OpenOffice.org 3\\URE\\bin\\sal3.dll,,,,,,,,,,,M57-Jean-MEM-DLL-1292,Volatility 3 windows.dlllist from M57-Jean memory image
M57-Jean,EVT-M57-Jean-DLL-1293,,,unknown,memory,dlllist,module,loaded,,,soffice.bin,,3560,,,uwinapi.dll,C:\\Program Files\\OpenOffice.org 3\\URE\\bin\\uwinapi.dll,,,,,,,,,,,M57-Jean-MEM-DLL-1293,Volatility 3 windows.dlllist from M57-Jean memory image
M57-Jean,EVT-M57-Jean-DLL-1294,,,unknown,memory,dlllist,module,loaded,,,soffice.bin,,3560,,,USER32.dll,C:\\WINDOWS\\system32\\USER32.dll,,,,,,,,,,,M57-Jean-MEM-DLL-1294,Volatility 3 windows.dlllist from M57-Jean memory image
M57-Jean,EVT-M57-Jean-DLL-1295,,,unknown,memory,dlllist,module,loaded,,,soffice.bin,,3560,,,GDI32.dll,C:\\WINDOWS\\system32\\GDI32.dll,,,,,,,,,,,M57-Jean-MEM-DLL-1295,Volatility 3 windows.dlllist from M57-Jean memory image
M57-Jean,EVT-M57-Jean-DLL-1296,,,unknown,memory,dlllist,module,loaded,,,soffice.bin,,3560,,,ADVAPI32.dll,C:\\WINDOWS\\system32\\ADVAPI32.dll,,,,,,,,,,,M57-Jean-MEM-DLL-1296,Volatility 3 windows.dlllist from M57-Jean memory image
M57-Jean,EVT-M57-Jean-DLL-1297,,,unknown,memory,dlllist,module,loaded,,,soffice.bin,,3560,,,RPCRT4.dll,C:\\WINDOWS\\system32\\RPCRT4.dll,,,,,,,,,,,M57-Jean-MEM-DLL-1297,Volatility 3 windows.dlllist from M57-Jean memory image
M57-Jean,EVT-M57-Jean-DLL-1298,,,unknown,memory,dlllist,module,loaded,,,soffice.bin,,3560,,,Secur32.dll,C:\\WINDOWS\\system32\\Secur32.dll,,,,,,,,,,,M57-Jean-MEM-DLL-1298,Volatility 3 windows.dlllist from M57-Jean memory image
M57-Jean,EVT-M57-Jean-DLL-1299,,,unknown,memory,dlllist,module,loaded,,,soffice.bin,,3560,,,VERSION.dll,C:\\WINDOWS\\system32\\VERSION.dll,,,,,,,,,,,M57-Jean-MEM-DLL-1299,Volatility 3 windows.dlllist from M57-Jean memory image
M57-Jean,EVT-M57-Jean-DLL-1300,,,unknown,memory,dlllist,module,loaded,,,soffice.bin,,3560,,,MSVCR90.dll,C:\\WINDOWS\\WinSxS\\x86_Microsoft.VC90.CRT_1fc8b3b9a1e18e3b_9.0.21022.8_x-ww_d08d0375\\MSVCR90.dll,,,,,,,,,,,M57-Jean-MEM-DLL-1300,Volatility 3 windows.dlllist from M57-Jean memory image
M57-Jean,EVT-M57-Jean-DLL-1301,,,unknown,memory,dlllist,module,loaded,,,soffice.bin,,3560,,,SHLWAPI.dll,C:\\WINDOWS\\system32\\SHLWAPI.dll,,,,,,,,,,,M57-Jean-MEM-DLL-1301,Volatility 3 windows.dlllist from M57-Jean memory image
M57-Jean,EVT-M57-Jean-DLL-1302,,,unknown,memory,dlllist,module,loaded,,,soffice.bin,,3560,,,msvcrt.dll,C:\\WINDOWS\\system32\\msvcrt.dll,,,,,,,,,,,M57-Jean-MEM-DLL-1302,Volatility 3 windows.dlllist from M57-Jean memory image
M57-Jean,EVT-M57-Jean-DLL-1303,,,unknown,memory,dlllist,module,loaded,,,soffice.bin,,3560,,,WSOCK32.dll,C:\\WINDOWS\\system32\\WSOCK32.dll,,,,,,,,,,,M57-Jean-MEM-DLL-1303,Volatility 3 windows.dlllist from M57-Jean memory image
M57-Jean,EVT-M57-Jean-DLL-1304,,,unknown,memory,dlllist,module,loaded,,,soffice.bin,,3560,,,WS2_32.dll,C:\\WINDOWS\\system32\\WS2_32.dll,,,,,,,,,,,M57-Jean-MEM-DLL-1304,Volatility 3 windows.dlllist from M57-Jean memory image
M57-Jean,EVT-M57-Jean-DLL-1305,,,unknown,memory,dlllist,module,loaded,,,soffice.bin,,3560,,,WS2HELP.dll,C:\\WINDOWS\\system32\\WS2HELP.dll,,,,,,,,,,,M57-Jean-MEM-DLL-1305,Volatility 3 windows.dlllist from M57-Jean memory image
M57-Jean,EVT-M57-Jean-DLL-1306,,,unknown,memory,dlllist,module,loaded,,,soffice.bin,,3560,,,MPR.dll,C:\\WINDOWS\\system32\\MPR.dll,,,,,,,,,,,M57-Jean-MEM-DLL-1306,Volatility 3 windows.dlllist from M57-Jean memory image
M57-Jean,EVT-M57-Jean-DLL-1307,,,unknown,memory,dlllist,module,loaded,,,soffice.bin,,3560,,,ole32.dll,C:\\WINDOWS\\system32\\ole32.dll,,,,,,,,,,,M57-Jean-MEM-DLL-1307,Volatility 3 windows.dlllist from M57-Jean memory image
M57-Jean,EVT-M57-Jean-DLL-1308,,,unknown,memory,dlllist,module,loaded,,,soffice.bin,,3560,,,sofficeapp.dll,C:\\Program Files\\OpenOffice.org 3\\Basis\\program\\sofficeapp.dll,,,,,,,,,,,M57-Jean-MEM-DLL-1308,Volatility 3 windows.dlllist from M57-Jean memory image
M57-Jean,EVT-M57-Jean-DLL-1309,,,unknown,memory,dlllist,module,loaded,,,soffice.bin,,3560,,,comphelp4MSC.dll,C:\\Program Files\\OpenOffice.org 3\\Basis\\program\\comphelp4MSC.dll,,,,,,,,,,,M57-Jean-MEM-DLL-1309,Volatility 3 windows.dlllist from M57-Jean memory image
M57-Jean,EVT-M57-Jean-DLL-1310,,,unknown,memory,dlllist,module,loaded,,,soffice.bin,,3560,,,cppuhelper3MSC.dll,C:\\Program Files\\OpenOffice.org 3\\URE\\bin\\cppuhelper3MSC.dll,,,,,,,,,,,M57-Jean-MEM-DLL-1310,Volatility 3 windows.dlllist from M57-Jean memory image
M57-Jean,EVT-M57-Jean-DLL-1311,,,unknown,memory,dlllist,module,loaded,,,soffice.bin,,3560,,,salhelper3MSC.dll,C:\\Program Files\\OpenOffice.org 3\\URE\\bin\\salhelper3MSC.dll,,,,,,,,,,,M57-Jean-MEM-DLL-1311,Volatility 3 windows.dlllist from M57-Jean memory image
M57-Jean,EVT-M57-Jean-DLL-1312,,,unknown,memory,dlllist,module,loaded,,,soffice.bin,,3560,,,cppu3.dll,C:\\Program Files\\OpenOffice.org 3\\URE\\bin\\cppu3.dll,,,,,,,,,,,M57-Jean-MEM-DLL-1312,Volatility 3 windows.dlllist from M57-Jean memory image
M57-Jean,EVT-M57-Jean-DLL-1313,,,unknown,memory,dlllist,module,loaded,,,soffice.bin,,3560,,,stlport_vc7145.dll,C:\\Program Files\\OpenOffice.org 3\\URE\\bin\\stlport_vc7145.dll,,,,,,,,,,,M57-Jean-MEM-DLL-1313,Volatility 3 windows.dlllist from M57-Jean memory image
M57-Jean,EVT-M57-Jean-DLL-1314,,,unknown,memory,dlllist,module,loaded,,,soffice.bin,,3560,,,ucbhelper4MSC.dll,C:\\Program Files\\OpenOffice.org 3\\Basis\\program\\ucbhelper4MSC.dll,,,,,,,,,,,M57-Jean-MEM-DLL-1314,Volatility 3 windows.dlllist from M57-Jean memory image
M57-Jean,EVT-M57-Jean-DLL-1315,,,unknown,memory,dlllist,module,loaded,,,soffice.bin,,3560,,,vos3MSC.dll,C:\\Program Files\\OpenOffice.org 3\\Basis\\program\\vos3MSC.dll,,,,,,,,,,,M57-Jean-MEM-DLL-1315,Volatility 3 windows.dlllist from M57-Jean memory image
M57-Jean,EVT-M57-Jean-DLL-1316,,,unknown,memory,dlllist,module,loaded,,,soffice.bin,,3560,,,i18nisolang1MSC.dll,C:\\Program Files\\OpenOffice.org 3\\Basis\\program\\i18nisolang1MSC.dll,,,,,,,,,,,M57-Jean-MEM-DLL-1316,Volatility 3 windows.dlllist from M57-Jean memory image
M57-Jean,EVT-M57-Jean-DLL-1317,,,unknown,memory,dlllist,module,loaded,,,soffice.bin,,3560,,,sfxmi.dll,C:\\Program Files\\OpenOffice.org 3\\Basis\\program\\sfxmi.dll,,,,,,,,,,,M57-Jean-MEM-DLL-1317,Volatility 3 windows.dlllist from M57-Jean memory image
M57-Jean,EVT-M57-Jean-DLL-1318,,,unknown,memory,dlllist,module,loaded,,,soffice.bin,,3560,,,fwemi.dll,C:\\Program Files\\OpenOffice.org 3\\Basis\\program\\fwemi.dll,,,,,,,,,,,M57-Jean-MEM-DLL-1318,Volatility 3 windows.dlllist from M57-Jean memory image
M57-Jean,EVT-M57-Jean-DLL-1319,,,unknown,memory,dlllist,module,loaded,,,soffice.bin,,3560,,,fwimi.dll,C:\\Program Files\\OpenOffice.org 3\\Basis\\program\\fwimi.dll,,,,,,,,,,,M57-Jean-MEM-DLL-1319,Volatility 3 windows.dlllist from M57-Jean memory image
M57-Jean,EVT-M57-Jean-DLL-1320,,,unknown,memory,dlllist,module,loaded,,,soffice.bin,,3560,,,utlmi.dll,C:\\Program Files\\OpenOffice.org 3\\Basis\\program\\utlmi.dll,,,,,,,,,,,M57-Jean-MEM-DLL-1320,Volatility 3 windows.dlllist from M57-Jean memory image
M57-Jean,EVT-M57-Jean-DLL-1321,,,unknown,memory,dlllist,module,loaded,,,soffice.bin,,3560,,,tlmi.dll,C:\\Program Files\\OpenOffice.org 3\\Basis\\program\\tlmi.dll,,,,,,,,,,,M57-Jean-MEM-DLL-1321,Volatility 3 windows.dlllist from M57-Jean memory image
M57-Jean,EVT-M57-Jean-DLL-1322,,,unknown,memory,dlllist,module,loaded,,,soffice.bin,,3560,,,basegfxmi.dll,C:\\Program Files\\OpenOffice.org 3\\Basis\\program\\basegfxmi.dll,,,,,,,,,,,M57-Jean-MEM-DLL-1322,Volatility 3 windows.dlllist from M57-Jean memory image
M57-Jean,EVT-M57-Jean-DLL-1323,,,unknown,memory,dlllist,module,loaded,,,soffice.bin,,3560,,,SHELL32.dll,C:\\WINDOWS\\system32\\SHELL32.dll,,,,,,,,,,,M57-Jean-MEM-DLL-1323,Volatility 3 windows.dlllist from M57-Jean memory image
M57-Jean,EVT-M57-Jean-DLL-1324,,,unknown,memory,dlllist,module,loaded,,,soffice.bin,,3560,,,vclmi.dll,C:\\Program Files\\OpenOffice.org 3\\Basis\\program\\vclmi.dll,,,,,,,,,,,M57-Jean-MEM-DLL-1324,Volatility 3 windows.dlllist from M57-Jean memory image
M57-Jean,EVT-M57-Jean-DLL-1325,,,unknown,memory,dlllist,module,loaded,,,soffice.bin,,3560,,,sotmi.dll,C:\\Program Files\\OpenOffice.org 3\\Basis\\program\\sotmi.dll,,,,,,,,,,,M57-Jean-MEM-DLL-1325,Volatility 3 windows.dlllist from M57-Jean memory image
M57-Jean,EVT-M57-Jean-DLL-1326,,,unknown,memory,dlllist,module,loaded,,,soffice.bin,,3560,,,i18nutilMSC.dll,C:\\Program Files\\OpenOffice.org 3\\Basis\\program\\i18nutilMSC.dll,,,,,,,,,,,M57-Jean-MEM-DLL-1326,Volatility 3 windows.dlllist from M57-Jean memory image
M57-Jean,EVT-M57-Jean-DLL-1327,,,unknown,memory,dlllist,module,loaded,,,soffice.bin,,3560,,,icuuc40.dll,C:\\Program Files\\OpenOffice.org 3\\Basis\\program\\icuuc40.dll,,,,,,,,,,,M57-Jean-MEM-DLL-1327,Volatility 3 windows.dlllist from M57-Jean memory image
M57-Jean,EVT-M57-Jean-DLL-1328,,,unknown,memory,dlllist,module,loaded,,,soffice.bin,,3560,,,icudt40.dll,C:\\Program Files\\OpenOffice.org 3\\Basis\\program\\icudt40.dll,,,,,,,,,,,M57-Jean-MEM-DLL-1328,Volatility 3 windows.dlllist from M57-Jean memory image
M57-Jean,EVT-M57-Jean-DLL-1329,,,unknown,memory,dlllist,module,loaded,,,soffice.bin,,3560,,,gdiplus.dll,C:\\WINDOWS\\WinSxS\\x86_Microsoft.Windows.GdiPlus_6595b64144ccf1df_1.0.6001.22319_x-ww_f0b4c2df\\gdiplus.dll,,,,,,,,,,,M57-Jean-MEM-DLL-1329,Volatility 3 windows.dlllist from M57-Jean memory image
M57-Jean,EVT-M57-Jean-DLL-1330,,,unknown,memory,dlllist,module,loaded,,,soffice.bin,,3560,,,MSIMG32.dll,C:\\WINDOWS\\system32\\MSIMG32.dll,,,,,,,,,,,M57-Jean-MEM-DLL-1330,Volatility 3 windows.dlllist from M57-Jean memory image
M57-Jean,EVT-M57-Jean-DLL-1331,,,unknown,memory,dlllist,module,loaded,,,soffice.bin,,3560,,,WINSPOOL.DRV,C:\\WINDOWS\\system32\\WINSPOOL.DRV,,,,,,,,,,,M57-Jean-MEM-DLL-1331,Volatility 3 windows.dlllist from M57-Jean memory image
M57-Jean,EVT-M57-Jean-DLL-1332,,,unknown,memory,dlllist,module,loaded,,,soffice.bin,,3560,,,IMM32.dll,C:\\WINDOWS\\system32\\IMM32.dll,,,,,,,,,,,M57-Jean-MEM-DLL-1332,Volatility 3 windows.dlllist from M57-Jean memory image
M57-Jean,EVT-M57-Jean-DLL-1333,,,unknown,memory,dlllist,module,loaded,,,soffice.bin,,3560,,,svlmi.dll,C:\\Program Files\\OpenOffice.org 3\\Basis\\program\\svlmi.dll,,,,,,,,,,,M57-Jean-MEM-DLL-1333,Volatility 3 windows.dlllist from M57-Jean memory image
M57-Jean,EVT-M57-Jean-DLL-1334,,,unknown,memory,dlllist,module,loaded,,,soffice.bin,,3560,,,svtmi.dll,C:\\Program Files\\OpenOffice.org 3\\Basis\\program\\svtmi.dll,,,,,,,,,,,M57-Jean-MEM-DLL-1334,Volatility 3 windows.dlllist from M57-Jean memory image
M57-Jean,EVT-M57-Jean-DLL-1335,,,unknown,memory,dlllist,module,loaded,,,soffice.bin,,3560,,,tkmi.dll,C:\\Program Files\\OpenOffice.org 3\\Basis\\program\\tkmi.dll,,,,,,,,,,,M57-Jean-MEM-DLL-1335,Volatility 3 windows.dlllist from M57-Jean memory image
M57-Jean,EVT-M57-Jean-DLL-1336,,,unknown,memory,dlllist,module,loaded,,,soffice.bin,,3560,,,jvmfwk3.dll,C:\\Program Files\\OpenOffice.org 3\\URE\\bin\\jvmfwk3.dll,,,,,,,,,,,M57-Jean-MEM-DLL-1336,Volatility 3 windows.dlllist from M57-Jean memory image
M57-Jean,EVT-M57-Jean-DLL-1337,,,unknown,memory,dlllist,module,loaded,,,soffice.bin,,3560,,,libxml2.dll,C:\\Program Files\\OpenOffice.org 3\\program\\libxml2.dll,,,,,,,,,,,M57-Jean-MEM-DLL-1337,Volatility 3 windows.dlllist from M57-Jean memory image
M57-Jean,EVT-M57-Jean-DLL-1338,,,unknown,memory,dlllist,module,loaded,,,soffice.bin,,3560,,,sbmi.dll,C:\\Program Files\\OpenOffice.org 3\\Basis\\program\\sbmi.dll,,,,,,,,,,,M57-Jean-MEM-DLL-1338,Volatility 3 windows.dlllist from M57-Jean memory image
M57-Jean,EVT-M57-Jean-DLL-1339,,,unknown,memory,dlllist,module,loaded,,,soffice.bin,,3560,,,xcrmi.dll,C:\\Program Files\\OpenOffice.org 3\\Basis\\program\\xcrmi.dll,,,,,,,,,,,M57-Jean-MEM-DLL-1339,Volatility 3 windows.dlllist from M57-Jean memory image
M57-Jean,EVT-M57-Jean-DLL-1340,,,unknown,memory,dlllist,module,loaded,,,soffice.bin,,3560,,,OLEAUT32.dll,C:\\WINDOWS\\system32\\OLEAUT32.dll,,,,,,,,,,,M57-Jean-MEM-DLL-1340,Volatility 3 windows.dlllist from M57-Jean memory image
M57-Jean,EVT-M57-Jean-DLL-1341,,,unknown,memory,dlllist,module,loaded,,,soffice.bin,,3560,,,saxmi.dll,C:\\Program Files\\OpenOffice.org 3\\Basis\\program\\saxmi.dll,,,,,,,,,,,M57-Jean-MEM-DLL-1341,Volatility 3 windows.dlllist from M57-Jean memory image
M57-Jean,EVT-M57-Jean-DLL-1342,,,unknown,memory,dlllist,module,loaded,,,soffice.bin,,3560,,,jmi_g.dll,C:\\Program Files\\OpenOffice.org 3\\Basis\\program\\jmi_g.dll,,,,,,,,,,,M57-Jean-MEM-DLL-1342,Volatility 3 windows.dlllist from M57-Jean memory image
M57-Jean,EVT-M57-Jean-DLL-1343,,,unknown,memory,dlllist,module,loaded,,,soffice.bin,,3560,,,jvmaccess3MSC.dll,C:\\Program Files\\OpenOffice.org 3\\URE\\bin\\jvmaccess3MSC.dll,,,,,,,,,,,M57-Jean-MEM-DLL-1343,Volatility 3 windows.dlllist from M57-Jean memory image
M57-Jean,EVT-M57-Jean-DLL-1344,,,unknown,memory,dlllist,module,loaded,,,soffice.bin,,3560,,,comctl32.dll,C:\\WINDOWS\\WinSxS\\x86_Microsoft.Windows.Common-Controls_6595b64144ccf1df_6.0.2600.5512_x-ww_35d4ce83\\comctl32.dll,,,,,,,,,,,M57-Jean-MEM-DLL-1344,Volatility 3 windows.dlllist from M57-Jean memory image
M57-Jean,EVT-M57-Jean-DLL-1345,,,unknown,memory,dlllist,module,loaded,,,soffice.bin,,3560,,,uxtheme.dll,C:\\WINDOWS\\system32\\uxtheme.dll,,,,,,,,,,,M57-Jean-MEM-DLL-1345,Volatility 3 windows.dlllist from M57-Jean memory image
M57-Jean,EVT-M57-Jean-DLL-1346,,,unknown,memory,dlllist,module,loaded,,,soffice.bin,,3560,,,MSCTF.dll,C:\\WINDOWS\\system32\\MSCTF.dll,,,,,,,,,,,M57-Jean-MEM-DLL-1346,Volatility 3 windows.dlllist from M57-Jean memory image
M57-Jean,EVT-M57-Jean-DLL-1347,,,unknown,memory,dlllist,module,loaded,,,soffice.bin,,3560,,,msctfime.ime,C:\\WINDOWS\\system32\\msctfime.ime,,,,,,,,,,,M57-Jean-MEM-DLL-1347,Volatility 3 windows.dlllist from M57-Jean memory image
M57-Jean,EVT-M57-Jean-DLL-1348,,,unknown,memory,dlllist,module,loaded,,,soffice.bin,,3560,,,PSAPI.DLL,C:\\WINDOWS\\system32\\PSAPI.DLL,,,,,,,,,,,M57-Jean-MEM-DLL-1348,Volatility 3 windows.dlllist from M57-Jean memory image
M57-Jean,EVT-M57-Jean-DLL-1349,,,unknown,memory,dlllist,module,loaded,,,soffice.bin,,3560,,,msci_uno.dll,C:\\Program Files\\OpenOffice.org 3\\URE\\bin\\msci_uno.dll,,,,,,,,,,,M57-Jean-MEM-DLL-1349,Volatility 3 windows.dlllist from M57-Jean memory image
M57-Jean,EVT-M57-Jean-DLL-1350,,,unknown,memory,dlllist,module,loaded,,,soffice.bin,,3560,,,bootstrap.uno.dll,C:\\Program Files\\OpenOffice.org 3\\URE\\bin\\bootstrap.uno.dll,,,,,,,,,,,M57-Jean-MEM-DLL-1350,Volatility 3 windows.dlllist from M57-Jean memory image
M57-Jean,EVT-M57-Jean-DLL-1351,,,unknown,memory,dlllist,module,loaded,,,soffice.bin,,3560,,,reg3.dll,C:\\Program Files\\OpenOffice.org 3\\URE\\bin\\reg3.dll,,,,,,,,,,,M57-Jean-MEM-DLL-1351,Volatility 3 windows.dlllist from M57-Jean memory image
M57-Jean,EVT-M57-Jean-DLL-1352,,,unknown,memory,dlllist,module,loaded,,,soffice.bin,,3560,,,store3.dll,C:\\Program Files\\OpenOffice.org 3\\URE\\bin\\store3.dll,,,,,,,,,,,M57-Jean-MEM-DLL-1352,Volatility 3 windows.dlllist from M57-Jean memory image
M57-Jean,EVT-M57-Jean-DLL-1353,,,unknown,memory,dlllist,module,loaded,,,soffice.bin,,3560,,,unsafe_uno_uno.dll,C:\\Program Files\\OpenOffice.org 3\\URE\\bin\\unsafe_uno_uno.dll,,,,,,,,,,,M57-Jean-MEM-DLL-1353,Volatility 3 windows.dlllist from M57-Jean memory image
M57-Jean,EVT-M57-Jean-DLL-1354,,,unknown,memory,dlllist,module,loaded,,,soffice.bin,,3560,,,purpenvhelper3MSC.dll,C:\\Program Files\\OpenOffice.org 3\\URE\\bin\\purpenvhelper3MSC.dll,,,,,,,,,,,M57-Jean-MEM-DLL-1354,Volatility 3 windows.dlllist from M57-Jean memory image
M57-Jean,EVT-M57-Jean-DLL-1355,,,unknown,memory,dlllist,module,loaded,,,soffice.bin,,3560,,,configmgr2.uno.dll,C:\\Program Files\\OpenOffice.org 3\\Basis\\program\\configmgr2.uno.dll,,,,,,,,,,,M57-Jean-MEM-DLL-1355,Volatility 3 windows.dlllist from M57-Jean memory image
M57-Jean,EVT-M57-Jean-DLL-1356,,,unknown,memory,dlllist,module,loaded,,,soffice.bin,,3560,,,stocservices.uno.dll,C:\\Program Files\\OpenOffice.org 3\\URE\\bin\\stocservices.uno.dll,,,,,,,,,,,M57-Jean-MEM-DLL-1356,Volatility 3 windows.dlllist from M57-Jean memory image
M57-Jean,EVT-M57-Jean-DLL-1357,,,unknown,memory,dlllist,module,loaded,,,soffice.bin,,3560,,,sysmgr1.uno.dll,C:\\Program Files\\OpenOffice.org 3\\Basis\\program\\sysmgr1.uno.dll,,,,,,,,,,,M57-Jean-MEM-DLL-1357,Volatility 3 windows.dlllist from M57-Jean memory image
M57-Jean,EVT-M57-Jean-DLL-1358,,,unknown,memory,dlllist,module,loaded,,,soffice.bin,,3560,,,sax.uno.dll,C:\\Program Files\\OpenOffice.org 3\\Basis\\program\\sax.uno.dll,,,,,,,,,,,M57-Jean-MEM-DLL-1358,Volatility 3 windows.dlllist from M57-Jean memory image
M57-Jean,EVT-M57-Jean-DLL-1359,,,unknown,memory,dlllist,module,loaded,,,soffice.bin,,3560,,,localebe1.uno.dll,C:\\Program Files\\OpenOffice.org 3\\Basis\\program\\localebe1.uno.dll,,,,,,,,,,,M57-Jean-MEM-DLL-1359,Volatility 3 windows.dlllist from M57-Jean memory image
M57-Jean,EVT-M57-Jean-DLL-1360,,,unknown,memory,dlllist,module,loaded,,,soffice.bin,,3560,,,behelper.uno.dll,C:\\Program Files\\OpenOffice.org 3\\Basis\\program\\behelper.uno.dll,,,,,,,,,,,M57-Jean-MEM-DLL-1360,Volatility 3 windows.dlllist from M57-Jean memory image
M57-Jean,EVT-M57-Jean-DLL-1361,,,unknown,memory,dlllist,module,loaded,,,soffice.bin,,3560,,,splmi.dll,C:\\Program Files\\OpenOffice.org 3\\Basis\\program\\splmi.dll,,,,,,,,,,,M57-Jean-MEM-DLL-1361,Volatility 3 windows.dlllist from M57-Jean memory image
M57-Jean,EVT-M57-Jean-DLL-1362,,,unknown,memory,dlllist,module,loaded,,,soffice.bin,,3560,,,ucb1.dll,C:\\Program Files\\OpenOffice.org 3\\Basis\\program\\ucb1.dll,,,,,,,,,,,M57-Jean-MEM-DLL-1362,Volatility 3 windows.dlllist from M57-Jean memory image
M57-Jean,EVT-M57-Jean-DLL-1363,,,unknown,memory,dlllist,module,loaded,,,soffice.bin,,3560,,,fwlmi.dll,C:\\Program Files\\OpenOffice.org 3\\Basis\\program\\fwlmi.dll,,,,,,,,,,,M57-Jean-MEM-DLL-1363,Volatility 3 windows.dlllist from M57-Jean memory image
M57-Jean,EVT-M57-Jean-DLL-1364,,,unknown,memory,dlllist,module,loaded,,,soffice.bin,,3560,,,ucpfile1.dll,C:\\Program Files\\OpenOffice.org 3\\Basis\\program\\ucpfile1.dll,,,,,,,,,,,M57-Jean-MEM-DLL-1364,Volatility 3 windows.dlllist from M57-Jean memory image
M57-Jean,EVT-M57-Jean-DLL-1365,,,unknown,memory,dlllist,module,loaded,,,soffice.bin,,3560,,,fwkmi.dll,C:\\Program Files\\OpenOffice.org 3\\Basis\\program\\fwkmi.dll,,,,,,,,,,,M57-Jean-MEM-DLL-1365,Volatility 3 windows.dlllist from M57-Jean memory image
M57-Jean,EVT-M57-Jean-DLL-1366,,,unknown,memory,dlllist,module,loaded,,,soffice.bin,,3560,,,oooimprovementmi.dll,C:\\Program Files\\OpenOffice.org 3\\Basis\\program\\oooimprovementmi.dll,,,,,,,,,,,M57-Jean-MEM-DLL-1366,Volatility 3 windows.dlllist from M57-Jean memory image
M57-Jean,EVT-M57-Jean-DLL-1367,,,unknown,memory,dlllist,module,loaded,,,soffice.bin,,3560,,,usp10.dll,C:\\WINDOWS\\system32\\usp10.dll,,,,,,,,,,,M57-Jean-MEM-DLL-1367,Volatility 3 windows.dlllist from M57-Jean memory image
M57-Jean,EVT-M57-Jean-DLL-1368,,,unknown,memory,dlllist,module,loaded,,,soffice.bin,,3560,,,SETUPAPI.dll,C:\\WINDOWS\\system32\\SETUPAPI.dll,,,,,,,,,,,M57-Jean-MEM-DLL-1368,Volatility 3 windows.dlllist from M57-Jean memory image
M57-Jean,EVT-M57-Jean-DLL-1369,,,unknown,memory,dlllist,module,loaded,,,soffice.bin,,3560,,,uuimi.dll,C:\\Program Files\\OpenOffice.org 3\\Basis\\program\\uuimi.dll,,,,,,,,,,,M57-Jean-MEM-DLL-1369,Volatility 3 windows.dlllist from M57-Jean memory image
M57-Jean,EVT-M57-Jean-DLL-1370,,,unknown,memory,dlllist,module,loaded,,,soffice.bin,,3560,,,filterconfig1.dll,C:\\Program Files\\OpenOffice.org 3\\Basis\\program\\filterconfig1.dll,,,,,,,,,,,M57-Jean-MEM-DLL-1370,Volatility 3 windows.dlllist from M57-Jean memory image
M57-Jean,EVT-M57-Jean-DLL-1371,,,unknown,memory,dlllist,module,loaded,,,soffice.bin,,3560,,,swdmi.dll,C:\\Program Files\\OpenOffice.org 3\\Basis\\program\\swdmi.dll,,,,,,,,,,,M57-Jean-MEM-DLL-1371,Volatility 3 windows.dlllist from M57-Jean memory image
M57-Jean,EVT-M57-Jean-DLL-1372,,,unknown,memory,dlllist,module,loaded,,,soffice.bin,,3560,,,xstor.dll,C:\\Program Files\\OpenOffice.org 3\\Basis\\program\\xstor.dll,,,,,,,,,,,M57-Jean-MEM-DLL-1372,Volatility 3 windows.dlllist from M57-Jean memory image
M57-Jean,EVT-M57-Jean-DLL-1373,,,unknown,memory,dlllist,module,loaded,,,soffice.bin,,3560,,,xomi.dll,C:\\Program Files\\OpenOffice.org 3\\Basis\\program\\xomi.dll,,,,,,,,,,,M57-Jean-MEM-DLL-1373,Volatility 3 windows.dlllist from M57-Jean memory image
M57-Jean,EVT-M57-Jean-DLL-1374,,,unknown,memory,dlllist,module,loaded,,,soffice.bin,,3560,,,package2.dll,C:\\Program Files\\OpenOffice.org 3\\Basis\\program\\package2.dll,,,,,,,,,,,M57-Jean-MEM-DLL-1374,Volatility 3 windows.dlllist from M57-Jean memory image
M57-Jean,EVT-M57-Jean-DLL-1375,,,unknown,memory,dlllist,module,loaded,,,soffice.bin,,3560,,,dnd.dll,C:\\Program Files\\OpenOffice.org 3\\Basis\\program\\dnd.dll,,,,,,,,,,,M57-Jean-MEM-DLL-1375,Volatility 3 windows.dlllist from M57-Jean memory image
M57-Jean,EVT-M57-Jean-DLL-1376,,,unknown,memory,dlllist,module,loaded,,,soffice.bin,,3560,,,xpsp2res.dll,C:\\WINDOWS\\system32\\xpsp2res.dll,,,,,,,,,,,M57-Jean-MEM-DLL-1376,Volatility 3 windows.dlllist from M57-Jean memory image
M57-Jean,EVT-M57-Jean-DLL-1377,,,unknown,memory,dlllist,module,loaded,,,soffice.bin,,3560,,,swmi.dll,C:\\Program Files\\OpenOffice.org 3\\Basis\\program\\swmi.dll,,,,,,,,,,,M57-Jean-MEM-DLL-1377,Volatility 3 windows.dlllist from M57-Jean memory image
M57-Jean,EVT-M57-Jean-DLL-1378,,,unknown,memory,dlllist,module,loaded,,,soffice.bin,,3560,,,lngmi.dll,C:\\Program Files\\OpenOffice.org 3\\Basis\\program\\lngmi.dll,,,,,,,,,,,M57-Jean-MEM-DLL-1378,Volatility 3 windows.dlllist from M57-Jean memory image
M57-Jean,EVT-M57-Jean-DLL-1379,,,unknown,memory,dlllist,module,loaded,,,soffice.bin,,3560,,,svxmi.dll,C:\\Program Files\\OpenOffice.org 3\\Basis\\program\\svxmi.dll,,,,,,,,,,,M57-Jean-MEM-DLL-1379,Volatility 3 windows.dlllist from M57-Jean memory image
M57-Jean,EVT-M57-Jean-DLL-1380,,,unknown,memory,dlllist,module,loaded,,,soffice.bin,,3560,,,avmediami.dll,C:\\Program Files\\OpenOffice.org 3\\Basis\\program\\avmediami.dll,,,,,,,,,,,M57-Jean-MEM-DLL-1380,Volatility 3 windows.dlllist from M57-Jean memory image
M57-Jean,EVT-M57-Jean-DLL-1381,,,unknown,memory,dlllist,module,loaded,,,soffice.bin,,3560,,,gomi.dll,C:\\Program Files\\OpenOffice.org 3\\Basis\\program\\gomi.dll,,,,,,,,,,,M57-Jean-MEM-DLL-1381,Volatility 3 windows.dlllist from M57-Jean memory image
M57-Jean,EVT-M57-Jean-DLL-1382,,,unknown,memory,dlllist,module,loaded,,,soffice.bin,,3560,,,drawinglayermi.dll,C:\\Program Files\\OpenOffice.org 3\\Basis\\program\\drawinglayermi.dll,,,,,,,,,,,M57-Jean-MEM-DLL-1382,Volatility 3 windows.dlllist from M57-Jean memory image
M57-Jean,EVT-M57-Jean-DLL-1383,,,unknown,memory,dlllist,module,loaded,,,soffice.bin,,3560,,,canvastoolsmi.dll,C:\\Program Files\\OpenOffice.org 3\\Basis\\program\\canvastoolsmi.dll,,,,,,,,,,,M57-Jean-MEM-DLL-1383,Volatility 3 windows.dlllist from M57-Jean memory image
M57-Jean,EVT-M57-Jean-DLL-1384,,,unknown,memory,dlllist,module,loaded,,,soffice.bin,,3560,,,aggmi.dll,C:\\Program Files\\OpenOffice.org 3\\Basis\\program\\aggmi.dll,,,,,,,,,,,M57-Jean-MEM-DLL-1384,Volatility 3 windows.dlllist from M57-Jean memory image
M57-Jean,EVT-M57-Jean-DLL-1385,,,unknown,memory,dlllist,module,loaded,,,soffice.bin,,3560,,,WINMM.dll,C:\\WINDOWS\\system32\\WINMM.dll,,,,,,,,,,,M57-Jean-MEM-DLL-1385,Volatility 3 windows.dlllist from M57-Jean memory image
M57-Jean,EVT-M57-Jean-DLL-1386,,,unknown,memory,dlllist,module,loaded,,,soffice.bin,,3560,,,cppcanvasmi.dll,C:\\Program Files\\OpenOffice.org 3\\Basis\\program\\cppcanvasmi.dll,,,,,,,,,,,M57-Jean-MEM-DLL-1386,Volatility 3 windows.dlllist from M57-Jean memory image
M57-Jean,EVT-M57-Jean-DLL-1387,,,unknown,memory,dlllist,module,loaded,,,soffice.bin,,3560,,,i18npool.uno.dll,C:\\Program Files\\OpenOffice.org 3\\Basis\\program\\i18npool.uno.dll,,,,,,,,,,,M57-Jean-MEM-DLL-1387,Volatility 3 windows.dlllist from M57-Jean memory image
M57-Jean,EVT-M57-Jean-DLL-1388,,,unknown,memory,dlllist,module,loaded,,,soffice.bin,,3560,,,icuin40.dll,C:\\Program Files\\OpenOffice.org 3\\Basis\\program\\icuin40.dll,,,,,,,,,,,M57-Jean-MEM-DLL-1388,Volatility 3 windows.dlllist from M57-Jean memory image
M57-Jean,EVT-M57-Jean-DLL-1389,,,unknown,memory,dlllist,module,loaded,,,soffice.bin,,3560,,,localedata_en.dll,C:\\Program Files\\OpenOffice.org 3\\Basis\\program\\localedata_en.dll,,,,,,,,,,,M57-Jean-MEM-DLL-1389,Volatility 3 windows.dlllist from M57-Jean memory image
M57-Jean,EVT-M57-Jean-DLL-1390,,,unknown,memory,dlllist,module,loaded,,,soffice.bin,,3560,,,unoxmlmi.dll,C:\\Program Files\\OpenOffice.org 3\\Basis\\program\\unoxmlmi.dll,,,,,,,,,,,M57-Jean-MEM-DLL-1390,Volatility 3 windows.dlllist from M57-Jean memory image
M57-Jean,EVT-M57-Jean-DLL-1391,,,unknown,memory,dlllist,module,loaded,,,soffice.bin,,3560,,,reflection.uno.dll,C:\\Program Files\\OpenOffice.org 3\\URE\\bin\\reflection.uno.dll,,,,,,,,,,,M57-Jean-MEM-DLL-1391,Volatility 3 windows.dlllist from M57-Jean memory image
M57-Jean,EVT-M57-Jean-DLL-1392,,,unknown,memory,dlllist,module,loaded,,,soffice.bin,,3560,,,ldapbe2.uno.dll,C:\\Program Files\\OpenOffice.org 3\\Basis\\program\\ldapbe2.uno.dll,,,,,,,,,,,M57-Jean-MEM-DLL-1392,Volatility 3 windows.dlllist from M57-Jean memory image
M57-Jean,EVT-M57-Jean-DLL-1393,,,unknown,memory,dlllist,module,loaded,,,soffice.bin,,3560,,,NSLDAP32V50.dll,C:\\Program Files\\OpenOffice.org 3\\Basis\\program\\NSLDAP32V50.dll,,,,,,,,,,,M57-Jean-MEM-DLL-1393,Volatility 3 windows.dlllist from M57-Jean memory image
M57-Jean,EVT-M57-Jean-DLL-1394,,,unknown,memory,dlllist,module,loaded,,,soffice.bin,,3560,,,MSVCR71.dll,C:\\Program Files\\OpenOffice.org 3\\Basis\\program\\MSVCR71.dll,,,,,,,,,,,M57-Jean-MEM-DLL-1394,Volatility 3 windows.dlllist from M57-Jean memory image
M57-Jean,EVT-M57-Jean-DLL-1395,,,unknown,memory,dlllist,module,loaded,,,soffice.bin,,3560,,,mswsock.dll,C:\\WINDOWS\\System32\\mswsock.dll,,,,,,,,,,,M57-Jean-MEM-DLL-1395,Volatility 3 windows.dlllist from M57-Jean memory image
M57-Jean,EVT-M57-Jean-DLL-1396,,,unknown,memory,dlllist,module,loaded,,,soffice.bin,,3560,,,DNSAPI.dll,C:\\WINDOWS\\system32\\DNSAPI.dll,,,,,,,,,,,M57-Jean-MEM-DLL-1396,Volatility 3 windows.dlllist from M57-Jean memory image
M57-Jean,EVT-M57-Jean-DLL-1397,,,unknown,memory,dlllist,module,loaded,,,soffice.bin,,3560,,,winrnr.dll,C:\\WINDOWS\\System32\\winrnr.dll,,,,,,,,,,,M57-Jean-MEM-DLL-1397,Volatility 3 windows.dlllist from M57-Jean memory image
M57-Jean,EVT-M57-Jean-DLL-1398,,,unknown,memory,dlllist,module,loaded,,,soffice.bin,,3560,,,WLDAP32.dll,C:\\WINDOWS\\system32\\WLDAP32.dll,,,,,,,,,,,M57-Jean-MEM-DLL-1398,Volatility 3 windows.dlllist from M57-Jean memory image
M57-Jean,EVT-M57-Jean-DLL-1399,,,unknown,memory,dlllist,module,loaded,,,soffice.bin,,3560,,,rasadhlp.dll,C:\\WINDOWS\\system32\\rasadhlp.dll,,,,,,,,,,,M57-Jean-MEM-DLL-1399,Volatility 3 windows.dlllist from M57-Jean memory image
M57-Jean,EVT-M57-Jean-DLL-1400,,,unknown,memory,dlllist,module,loaded,,,soffice.bin,,3560,,,fileacc.dll,C:\\Program Files\\OpenOffice.org 3\\Basis\\program\\fileacc.dll,,,,,,,,,,,M57-Jean-MEM-DLL-1400,Volatility 3 windows.dlllist from M57-Jean memory image
M57-Jean,EVT-M57-Jean-DLL-1401,,,unknown,memory,dlllist,module,loaded,,,soffice.bin,,3560,,,updchk.uno.dll,C:\\Program Files\\OpenOffice.org 3\\Basis\\program\\updchk.uno.dll,,,,,,,,,,,M57-Jean-MEM-DLL-1401,Volatility 3 windows.dlllist from M57-Jean memory image
M57-Jean,EVT-M57-Jean-DLL-1402,,,unknown,memory,dlllist,module,loaded,,,soffice.bin,,3560,,,LIBCURL.dll,C:\\Program Files\\OpenOffice.org 3\\Basis\\program\\LIBCURL.dll,,,,,,,,,,,M57-Jean-MEM-DLL-1402,Volatility 3 windows.dlllist from M57-Jean memory image
M57-Jean,EVT-M57-Jean-DLL-1403,,,unknown,memory,dlllist,module,loaded,,,soffice.bin,,3560,,,deploymentmi.uno.dll,C:\\Program Files\\OpenOffice.org 3\\Basis\\program\\deploymentmi.uno.dll,,,,,,,,,,,M57-Jean-MEM-DLL-1403,Volatility 3 windows.dlllist from M57-Jean memory image
M57-Jean,EVT-M57-Jean-DLL-1404,,,unknown,memory,dlllist,module,loaded,,,soffice.bin,,3560,,,deploymentmiscmi.dll,C:\\Program Files\\OpenOffice.org 3\\Basis\\program\\deploymentmiscmi.dll,,,,,,,,,,,M57-Jean-MEM-DLL-1404,Volatility 3 windows.dlllist from M57-Jean memory image
M57-Jean,EVT-M57-Jean-DLL-1405,,,unknown,memory,dlllist,module,loaded,,,soffice.bin,,3560,,,libdb42.dll,C:\\Program Files\\OpenOffice.org 3\\Basis\\program\\libdb42.dll,,,,,,,,,,,M57-Jean-MEM-DLL-1405,Volatility 3 windows.dlllist from M57-Jean memory image
M57-Jean,EVT-M57-Jean-DLL-1406,,,unknown,memory,dlllist,module,loaded,,,soffice.bin,,3560,,,helplinkermi.dll,C:\\Program Files\\OpenOffice.org 3\\Basis\\program\\helplinkermi.dll,,,,,,,,,,,M57-Jean-MEM-DLL-1406,Volatility 3 windows.dlllist from M57-Jean memory image
M57-Jean,EVT-M57-Jean-DLL-1407,,,unknown,memory,dlllist,module,loaded,,,soffice.bin,,3560,,,libxslt.dll,C:\\Program Files\\OpenOffice.org 3\\Basis\\program\\libxslt.dll,,,,,,,,,,,M57-Jean-MEM-DLL-1407,Volatility 3 windows.dlllist from M57-Jean memory image
M57-Jean,EVT-M57-Jean-DLL-1408,,,unknown,memory,dlllist,module,loaded,,,soffice.bin,,3560,,,updatefeed.uno.dll,C:\\Program Files\\OpenOffice.org 3\\Basis\\program\\updatefeed.uno.dll,,,,,,,,,,,M57-Jean-MEM-DLL-1408,Volatility 3 windows.dlllist from M57-Jean memory image
M57-Jean,EVT-M57-Jean-DLL-1409,,,unknown,memory,dlllist,module,loaded,,,soffice.bin,,3560,,,ucpexpand1.uno.dll,C:\\Program Files\\OpenOffice.org 3\\Basis\\program\\ucpexpand1.uno.dll,,,,,,,,,,,M57-Jean-MEM-DLL-1409,Volatility 3 windows.dlllist from M57-Jean memory image
M57-Jean,EVT-M57-Jean-DLL-1410,,,unknown,memory,dlllist,module,loaded,,,soffice.bin,,3560,,,xmlsecurity.dll,C:\\Program Files\\OpenOffice.org 3\\Basis\\program\\xmlsecurity.dll,,,,,,,,,,,M57-Jean-MEM-DLL-1410,Volatility 3 windows.dlllist from M57-Jean memory image
M57-Jean,EVT-M57-Jean-DLL-1411,,,unknown,memory,dlllist,module,loaded,,,soffice.bin,,3560,,,fsstorage.uno.dll,C:\\Program Files\\OpenOffice.org 3\\Basis\\program\\fsstorage.uno.dll,,,,,,,,,,,M57-Jean-MEM-DLL-1411,Volatility 3 windows.dlllist from M57-Jean memory image
M57-Jean,EVT-M57-Jean-DLL-1412,,,unknown,memory,dlllist,module,loaded,,,soffice.bin,,3560,,,guesslangmi.dll,C:\\Program Files\\OpenOffice.org 3\\Basis\\program\\guesslangmi.dll,,,,,,,,,,,M57-Jean-MEM-DLL-1412,Volatility 3 windows.dlllist from M57-Jean memory image
M57-Jean,EVT-M57-Jean-DLL-1413,,,unknown,memory,dlllist,module,loaded,,,soffice.bin,,3560,,,libtextcat.dll,C:\\Program Files\\OpenOffice.org 3\\Basis\\program\\libtextcat.dll,,,,,,,,,,,M57-Jean-MEM-DLL-1413,Volatility 3 windows.dlllist from M57-Jean memory image
M57-Jean,EVT-M57-Jean-DLL-1414,,,unknown,memory,dlllist,module,loaded,,,soffice.bin,,3560,,,introspection.uno.dll,C:\\Program Files\\OpenOffice.org 3\\URE\\bin\\introspection.uno.dll,,,,,,,,,,,M57-Jean-MEM-DLL-1414,Volatility 3 windows.dlllist from M57-Jean memory image
M57-Jean,EVT-M57-Jean-DLL-1415,,,unknown,memory,dlllist,module,loaded,,,soffice.bin,,3560,,,oleautobridge.uno.dll,C:\\Program Files\\OpenOffice.org 3\\Basis\\program\\oleautobridge.uno.dll,,,,,,,,,,,M57-Jean-MEM-DLL-1415,Volatility 3 windows.dlllist from M57-Jean memory image
M57-Jean,EVT-M57-Jean-DLL-1416,,,unknown,memory,dlllist,module,loaded,,,soffice.bin,,3560,,,CLBCATQ.DLL,C:\\WINDOWS\\system32\\CLBCATQ.DLL,,,,,,,,,,,M57-Jean-MEM-DLL-1416,Volatility 3 windows.dlllist from M57-Jean memory image
M57-Jean,EVT-M57-Jean-DLL-1417,,,unknown,memory,dlllist,module,loaded,,,soffice.bin,,3560,,,COMRes.dll,C:\\WINDOWS\\system32\\COMRes.dll,,,,,,,,,,,M57-Jean-MEM-DLL-1417,Volatility 3 windows.dlllist from M57-Jean memory image
M57-Jean,EVT-M57-Jean-DLL-1418,,,unknown,memory,dlllist,module,loaded,,,soffice.bin,,3560,,,emsermi.dll,C:\\Program Files\\OpenOffice.org 3\\Basis\\program\\emsermi.dll,,,,,,,,,,,M57-Jean-MEM-DLL-1418,Volatility 3 windows.dlllist from M57-Jean memory image
M57-Jean,EVT-M57-Jean-DLL-1419,,,unknown,memory,dlllist,module,loaded,,,soffice.bin,,3560,,,sysdtrans.dll,C:\\Program Files\\OpenOffice.org 3\\Basis\\program\\sysdtrans.dll,,,,,,,,,,,M57-Jean-MEM-DLL-1419,Volatility 3 windows.dlllist from M57-Jean memory image
M57-Jean,EVT-M57-Jean-DLL-1420,,,unknown,memory,dlllist,module,loaded,,,soffice.bin,,3560,,,ftransl.dll,C:\\Program Files\\OpenOffice.org 3\\Basis\\program\\ftransl.dll,,,,,,,,,,,M57-Jean-MEM-DLL-1420,Volatility 3 windows.dlllist from M57-Jean memory image
M57-Jean,EVT-M57-Jean-DLL-1421,,,unknown,memory,dlllist,module,loaded,,,soffice.bin,,3560,,,mcnttype.dll,C:\\Program Files\\OpenOffice.org 3\\Basis\\program\\mcnttype.dll,,,,,,,,,,,M57-Jean-MEM-DLL-1421,Volatility 3 windows.dlllist from M57-Jean memory image
M57-Jean,EVT-M57-Jean-DLL-1422,,,unknown,memory,dlllist,module,loaded,,,soffice.bin,,3560,,,spellmi.dll,C:\\Program Files\\OpenOffice.org 3\\Basis\\program\\spellmi.dll,,,,,,,,,,,M57-Jean-MEM-DLL-1422,Volatility 3 windows.dlllist from M57-Jean memory image
M57-Jean,EVT-M57-Jean-DLL-1423,,,unknown,memory,dlllist,module,loaded,,,soffice.bin,,3560,,,hyphenmi.dll,C:\\Program Files\\OpenOffice.org 3\\Basis\\program\\hyphenmi.dll,,,,,,,,,,,M57-Jean-MEM-DLL-1423,Volatility 3 windows.dlllist from M57-Jean memory image
M57-Jean,EVT-M57-Jean-DLL-1424,,,unknown,memory,dlllist,module,loaded,,,soffice.bin,,3560,,,lnthmi.dll,C:\\Program Files\\OpenOffice.org 3\\Basis\\program\\lnthmi.dll,,,,,,,,,,,M57-Jean-MEM-DLL-1424,Volatility 3 windows.dlllist from M57-Jean memory image
M57-Jean,EVT-M57-Jean-DLL-1425,,,unknown,memory,dlllist,module,loaded,,,soffice.bin,,3560,,,ucpchelp1.dll,C:\\Program Files\\OpenOffice.org 3\\Basis\\program\\ucpchelp1.dll,,,,,,,,,,,M57-Jean-MEM-DLL-1425,Volatility 3 windows.dlllist from M57-Jean memory image
M57-Jean,EVT-M57-Jean-DLL-1426,,,unknown,memory,dlllist,module,loaded,,,soffice.bin,,3560,,,svtmisc.uno.dll,C:\\Program Files\\OpenOffice.org 3\\Basis\\program\\svtmisc.uno.dll,,,,,,,,,,,M57-Jean-MEM-DLL-1426,Volatility 3 windows.dlllist from M57-Jean memory image
M57-Jean,EVT-M57-Jean-DLL-1427,,,unknown,memory,dlllist,module,loaded,,,soffice.bin,,3560,,,sdmi.dll,C:\\Program Files\\OpenOffice.org 3\\Basis\\program\\sdmi.dll,,,,,,,,,,,M57-Jean-MEM-DLL-1427,Volatility 3 windows.dlllist from M57-Jean memory image
M57-Jean,EVT-M57-Jean-DLL-1428,,,unknown,memory,dlllist,module,loaded,,,soffice.bin,,3560,,,sduimi.dll,C:\\Program Files\\OpenOffice.org 3\\Basis\\program\\sduimi.dll,,,,,,,,,,,M57-Jean-MEM-DLL-1428,Volatility 3 windows.dlllist from M57-Jean memory image
M57-Jean,EVT-M57-Jean-DLL-1429,,,unknown,memory,dlllist,module,loaded,,,soffice.bin,,3560,,,streams.uno.dll,C:\\Program Files\\OpenOffice.org 3\\URE\\bin\\streams.uno.dll,,,,,,,,,,,M57-Jean-MEM-DLL-1429,Volatility 3 windows.dlllist from M57-Jean memory image
M57-Jean,EVT-M57-Jean-DLL-1430,,,unknown,memory,dlllist,module,loaded,,,soffice.bin,,3560,,,animcore.dll,C:\\Program Files\\OpenOffice.org 3\\Basis\\program\\animcore.dll,,,,,,,,,,,M57-Jean-MEM-DLL-1430,Volatility 3 windows.dlllist from M57-Jean memory image
M57-Jean,EVT-M57-Jean-DLL-1431,,,unknown,memory,dlllist,module,loaded,,,soffice.bin,,3560,,,ucphier1.dll,C:\\Program Files\\OpenOffice.org 3\\Basis\\program\\ucphier1.dll,,,,,,,,,,,M57-Jean-MEM-DLL-1431,Volatility 3 windows.dlllist from M57-Jean memory image
M57-Jean,EVT-M57-Jean-DLL-1432,,,unknown,memory,dlllist,module,loaded,,,soffice.bin,,3560,,,sddmi.dll,C:\\Program Files\\OpenOffice.org 3\\Basis\\program\\sddmi.dll,,,,,,,,,,,M57-Jean-MEM-DLL-1432,Volatility 3 windows.dlllist from M57-Jean memory image
M57-Jean,EVT-M57-Jean-DLL-1433,,,unknown,memory,dlllist,module,loaded,,,soffice.bin,,3560,,,srtrs1.dll,C:\\Program Files\\OpenOffice.org 3\\Basis\\program\\srtrs1.dll,,,,,,,,,,,M57-Jean-MEM-DLL-1433,Volatility 3 windows.dlllist from M57-Jean memory image
M57-Jean,EVT-M57-Jean-DLL-1434,,,unknown,memory,dlllist,module,loaded,,,soffice.bin,,3560,,,slideshow.uno.dll,C:\\Program Files\\OpenOffice.org 3\\Basis\\program\\slideshow.uno.dll,,,,,,,,,,,M57-Jean-MEM-DLL-1434,Volatility 3 windows.dlllist from M57-Jean memory image
M57-Jean,EVT-M57-Jean-DLL-1435,,,unknown,memory,dlllist,module,loaded,,,soffice.bin,,3560,,,canvasfactory.uno.dll,C:\\Program Files\\OpenOffice.org 3\\Basis\\program\\canvasfactory.uno.dll,,,,,,,,,,,M57-Jean-MEM-DLL-1435,Volatility 3 windows.dlllist from M57-Jean memory image
M57-Jean,EVT-M57-Jean-DLL-1436,,,unknown,memory,dlllist,module,loaded,,,soffice.bin,,3560,,,directx9canvas.uno.dll,C:\\Program Files\\OpenOffice.org 3\\Basis\\program\\directx9canvas.uno.dll,,,,,,,,,,,M57-Jean-MEM-DLL-1436,Volatility 3 windows.dlllist from M57-Jean memory image
M57-Jean,EVT-M57-Jean-DLL-1437,,,unknown,memory,dlllist,module,loaded,,,soffice.bin,,3560,,,d3d9.dll,C:\\WINDOWS\\system32\\d3d9.dll,,,,,,,,,,,M57-Jean-MEM-DLL-1437,Volatility 3 windows.dlllist from M57-Jean memory image
M57-Jean,EVT-M57-Jean-DLL-1438,,,unknown,memory,dlllist,module,loaded,,,soffice.bin,,3560,,,d3d8thk.dll,C:\\WINDOWS\\system32\\d3d8thk.dll,,,,,,,,,,,M57-Jean-MEM-DLL-1438,Volatility 3 windows.dlllist from M57-Jean memory image
M57-Jean,EVT-M57-Jean-DLL-1439,,,unknown,memory,dlllist,module,loaded,,,soffice.bin,,3560,,,ddraw.dll,C:\\WINDOWS\\system32\\ddraw.dll,,,,,,,,,,,M57-Jean-MEM-DLL-1439,Volatility 3 windows.dlllist from M57-Jean memory image
M57-Jean,EVT-M57-Jean-DLL-1440,,,unknown,memory,dlllist,module,loaded,,,soffice.bin,,3560,,,DCIMAN32.dll,C:\\WINDOWS\\system32\\DCIMAN32.dll,,,,,,,,,,,M57-Jean-MEM-DLL-1440,Volatility 3 windows.dlllist from M57-Jean memory image
M57-Jean,EVT-M57-Jean-DLL-1441,,,unknown,memory,dlllist,module,loaded,,,soffice.bin,,3560,,,D3DIM700.DLL,C:\\WINDOWS\\system32\\D3DIM700.DLL,,,,,,,,,,,M57-Jean-MEM-DLL-1441,Volatility 3 windows.dlllist from M57-Jean memory image
M57-Jean,EVT-M57-Jean-DLL-1442,,,unknown,memory,dlllist,module,loaded,,,soffice.bin,,3560,,,scnmi.dll,C:\\Program Files\\OpenOffice.org 3\\Basis\\program\\scnmi.dll,,,,,,,,,,,M57-Jean-MEM-DLL-1442,Volatility 3 windows.dlllist from M57-Jean memory image
M57-Jean,EVT-M57-Jean-DLL-1443,,,unknown,memory,dlllist,module,loaded,,,soffice.bin,,3560,,,dtrans.dll,C:\\Program Files\\OpenOffice.org 3\\Basis\\program\\dtrans.dll,,,,,,,,,,,M57-Jean-MEM-DLL-1443,Volatility 3 windows.dlllist from M57-Jean memory image
M57-Jean,EVT-M57-Jean-DLL-1444,,,unknown,memory,dlllist,module,loaded,,,soffice.bin,,3560,,,frmmi.dll,C:\\Program Files\\OpenOffice.org 3\\Basis\\program\\frmmi.dll,,,,,,,,,,,M57-Jean-MEM-DLL-1444,Volatility 3 windows.dlllist from M57-Jean memory image
M57-Jean,EVT-M57-Jean-DLL-1445,,,unknown,memory,dlllist,module,loaded,,,soffice.bin,,3560,,,dbtoolsmi.dll,C:\\Program Files\\OpenOffice.org 3\\Basis\\program\\dbtoolsmi.dll,,,,,,,,,,,M57-Jean-MEM-DLL-1445,Volatility 3 windows.dlllist from M57-Jean memory image
M57-Jean,EVT-M57-Jean-DLL-1446,,,unknown,memory,dlllist,module,loaded,,,soffice.bin,,3560,,,evtatt.dll,C:\\Program Files\\OpenOffice.org 3\\Basis\\program\\evtatt.dll,,,,,,,,,,,M57-Jean-MEM-DLL-1446,Volatility 3 windows.dlllist from M57-Jean memory image
M57-Jean,EVT-M57-Jean-DLL-1447,,,unknown,memory,dlllist,module,loaded,,,soffice.bin,,3560,,,fpicker.uno.dll,C:\\Program Files\\OpenOffice.org 3\\Basis\\program\\fpicker.uno.dll,,,,,,,,,,,M57-Jean-MEM-DLL-1447,Volatility 3 windows.dlllist from M57-Jean memory image
M57-Jean,EVT-M57-Jean-DLL-1448,,,unknown,memory,dlllist,module,loaded,,,soffice.bin,,3560,,,fps.dll,C:\\Program Files\\OpenOffice.org 3\\Basis\\program\\fps.dll,,,,,,,,,,,M57-Jean-MEM-DLL-1448,Volatility 3 windows.dlllist from M57-Jean memory image
M57-Jean,EVT-M57-Jean-DLL-1449,,,unknown,memory,dlllist,module,loaded,,,soffice.bin,,3560,,,COMDLG32.dll,C:\\WINDOWS\\system32\\COMDLG32.dll,,,,,,,,,,,M57-Jean-MEM-DLL-1449,Volatility 3 windows.dlllist from M57-Jean memory image
M57-Jean,EVT-M57-Jean-DLL-1450,,,unknown,memory,dlllist,module,loaded,,,soffice.bin,,3560,,,appHelp.dll,C:\\WINDOWS\\system32\\appHelp.dll,,,,,,,,,,,M57-Jean-MEM-DLL-1450,Volatility 3 windows.dlllist from M57-Jean memory image
M57-Jean,EVT-M57-Jean-DLL-1451,,,unknown,memory,dlllist,module,loaded,,,soffice.bin,,3560,,,ntshrui.dll,C:\\WINDOWS\\system32\\ntshrui.dll,,,,,,,,,,,M57-Jean-MEM-DLL-1451,Volatility 3 windows.dlllist from M57-Jean memory image
M57-Jean,EVT-M57-Jean-DLL-1452,,,unknown,memory,dlllist,module,loaded,,,soffice.bin,,3560,,,ATL.DLL,C:\\WINDOWS\\system32\\ATL.DLL,,,,,,,,,,,M57-Jean-MEM-DLL-1452,Volatility 3 windows.dlllist from M57-Jean memory image
M57-Jean,EVT-M57-Jean-DLL-1453,,,unknown,memory,dlllist,module,loaded,,,soffice.bin,,3560,,,NETAPI32.dll,C:\\WINDOWS\\system32\\NETAPI32.dll,,,,,,,,,,,M57-Jean-MEM-DLL-1453,Volatility 3 windows.dlllist from M57-Jean memory image
M57-Jean,EVT-M57-Jean-DLL-1454,,,unknown,memory,dlllist,module,loaded,,,soffice.bin,,3560,,,USERENV.dll,C:\\WINDOWS\\system32\\USERENV.dll,,,,,,,,,,,M57-Jean-MEM-DLL-1454,Volatility 3 windows.dlllist from M57-Jean memory image
M57-Jean,EVT-M57-Jean-DLL-1455,,,unknown,memory,dlllist,module,loaded,,,soffice.bin,,3560,,,drprov.dll,C:\\WINDOWS\\System32\\drprov.dll,,,,,,,,,,,M57-Jean-MEM-DLL-1455,Volatility 3 windows.dlllist from M57-Jean memory image
M57-Jean,EVT-M57-Jean-DLL-1456,,,unknown,memory,dlllist,module,loaded,,,soffice.bin,,3560,,,ntlanman.dll,C:\\WINDOWS\\System32\\ntlanman.dll,,,,,,,,,,,M57-Jean-MEM-DLL-1456,Volatility 3 windows.dlllist from M57-Jean memory image
M57-Jean,EVT-M57-Jean-DLL-1457,,,unknown,memory,dlllist,module,loaded,,,soffice.bin,,3560,,,NETUI0.dll,C:\\WINDOWS\\System32\\NETUI0.dll,,,,,,,,,,,M57-Jean-MEM-DLL-1457,Volatility 3 windows.dlllist from M57-Jean memory image
M57-Jean,EVT-M57-Jean-DLL-1458,,,unknown,memory,dlllist,module,loaded,,,soffice.bin,,3560,,,NETUI1.dll,C:\\WINDOWS\\System32\\NETUI1.dll,,,,,,,,,,,M57-Jean-MEM-DLL-1458,Volatility 3 windows.dlllist from M57-Jean memory image
M57-Jean,EVT-M57-Jean-DLL-1459,,,unknown,memory,dlllist,module,loaded,,,soffice.bin,,3560,,,NETRAP.dll,C:\\WINDOWS\\System32\\NETRAP.dll,,,,,,,,,,,M57-Jean-MEM-DLL-1459,Volatility 3 windows.dlllist from M57-Jean memory image
M57-Jean,EVT-M57-Jean-DLL-1460,,,unknown,memory,dlllist,module,loaded,,,soffice.bin,,3560,,,SAMLIB.dll,C:\\WINDOWS\\System32\\SAMLIB.dll,,,,,,,,,,,M57-Jean-MEM-DLL-1460,Volatility 3 windows.dlllist from M57-Jean memory image
M57-Jean,EVT-M57-Jean-DLL-1461,,,unknown,memory,dlllist,module,loaded,,,soffice.bin,,3560,,,davclnt.dll,C:\\WINDOWS\\System32\\davclnt.dll,,,,,,,,,,,M57-Jean-MEM-DLL-1461,Volatility 3 windows.dlllist from M57-Jean memory image
M57-Jean,EVT-M57-Jean-DLL-1462,,,unknown,memory,dlllist,module,loaded,,,soffice.bin,,3560,,,MSGINA.dll,C:\\WINDOWS\\system32\\MSGINA.dll,,,,,,,,,,,M57-Jean-MEM-DLL-1462,Volatility 3 windows.dlllist from M57-Jean memory image
M57-Jean,EVT-M57-Jean-DLL-1463,,,unknown,memory,dlllist,module,loaded,,,soffice.bin,,3560,,,ODBC32.dll,C:\\WINDOWS\\system32\\ODBC32.dll,,,,,,,,,,,M57-Jean-MEM-DLL-1463,Volatility 3 windows.dlllist from M57-Jean memory image
M57-Jean,EVT-M57-Jean-DLL-1464,,,unknown,memory,dlllist,module,loaded,,,soffice.bin,,3560,,,WINSTA.dll,C:\\WINDOWS\\system32\\WINSTA.dll,,,,,,,,,,,M57-Jean-MEM-DLL-1464,Volatility 3 windows.dlllist from M57-Jean memory image
M57-Jean,EVT-M57-Jean-DLL-1465,,,unknown,memory,dlllist,module,loaded,,,soffice.bin,,3560,,,odbcint.dll,C:\\WINDOWS\\system32\\odbcint.dll,,,,,,,,,,,M57-Jean-MEM-DLL-1465,Volatility 3 windows.dlllist from M57-Jean memory image
M57-Jean,EVT-M57-Jean-DLL-1466,,,unknown,memory,dlllist,module,loaded,,,soffice.bin,,3560,,,ucppkg1.dll,C:\\Program Files\\OpenOffice.org 3\\Basis\\program\\ucppkg1.dll,,,,,,,,,,,M57-Jean-MEM-DLL-1466,Volatility 3 windows.dlllist from M57-Jean memory image
M57-Jean,EVT-M57-Jean-DLL-1467,,,unknown,memory,dlllist,module,loaded,,,soffice.bin,,3560,,,ucpdav1.dll,C:\\Program Files\\OpenOffice.org 3\\Basis\\program\\ucpdav1.dll,,,,,,,,,,,M57-Jean-MEM-DLL-1467,Volatility 3 windows.dlllist from M57-Jean memory image
M57-Jean,EVT-M57-Jean-DLL-1468,,,unknown,memory,dlllist,module,loaded,,,soffice.bin,,3560,,,SSLEAY32.dll,C:\\Program Files\\OpenOffice.org 3\\Basis\\program\\SSLEAY32.dll,,,,,,,,,,,M57-Jean-MEM-DLL-1468,Volatility 3 windows.dlllist from M57-Jean memory image
M57-Jean,EVT-M57-Jean-DLL-1469,,,unknown,memory,dlllist,module,loaded,,,soffice.bin,,3560,,,LIBEAY32.dll,C:\\Program Files\\OpenOffice.org 3\\Basis\\program\\LIBEAY32.dll,,,,,,,,,,,M57-Jean-MEM-DLL-1469,Volatility 3 windows.dlllist from M57-Jean memory image
M57-Jean,EVT-M57-Jean-DLL-1470,,,unknown,memory,dlllist,module,loaded,,,soffice.bin,,3560,,,wininetbe1.uno.dll,C:\\Program Files\\OpenOffice.org 3\\Basis\\program\\wininetbe1.uno.dll,,,,,,,,,,,M57-Jean-MEM-DLL-1470,Volatility 3 windows.dlllist from M57-Jean memory image
M57-Jean,EVT-M57-Jean-DLL-1471,,,unknown,memory,dlllist,module,loaded,,,soffice.bin,,3560,,,wininet.dll,C:\\WINDOWS\\system32\\wininet.dll,,,,,,,,,,,M57-Jean-MEM-DLL-1471,Volatility 3 windows.dlllist from M57-Jean memory image
M57-Jean,EVT-M57-Jean-DLL-1472,,,unknown,memory,dlllist,module,loaded,,,soffice.bin,,3560,,,Normaliz.dll,C:\\WINDOWS\\system32\\Normaliz.dll,,,,,,,,,,,M57-Jean-MEM-DLL-1472,Volatility 3 windows.dlllist from M57-Jean memory image
M57-Jean,EVT-M57-Jean-DLL-1473,,,unknown,memory,dlllist,module,loaded,,,soffice.bin,,3560,,,urlmon.dll,C:\\WINDOWS\\system32\\urlmon.dll,,,,,,,,,,,M57-Jean-MEM-DLL-1473,Volatility 3 windows.dlllist from M57-Jean memory image
M57-Jean,EVT-M57-Jean-DLL-1474,,,unknown,memory,dlllist,module,loaded,,,soffice.bin,,3560,,,iertutil.dll,C:\\WINDOWS\\system32\\iertutil.dll,,,,,,,,,,,M57-Jean-MEM-DLL-1474,Volatility 3 windows.dlllist from M57-Jean memory image
M57-Jean,EVT-M57-Jean-DLL-1475,,,unknown,memory,dlllist,module,loaded,,,soffice.bin,,3560,,,RASAPI32.dll,C:\\WINDOWS\\system32\\RASAPI32.dll,,,,,,,,,,,M57-Jean-MEM-DLL-1475,Volatility 3 windows.dlllist from M57-Jean memory image
M57-Jean,EVT-M57-Jean-DLL-1476,,,unknown,memory,dlllist,module,loaded,,,soffice.bin,,3560,,,rasman.dll,C:\\WINDOWS\\system32\\rasman.dll,,,,,,,,,,,M57-Jean-MEM-DLL-1476,Volatility 3 windows.dlllist from M57-Jean memory image
M57-Jean,EVT-M57-Jean-DLL-1477,,,unknown,memory,dlllist,module,loaded,,,soffice.bin,,3560,,,TAPI32.dll,C:\\WINDOWS\\system32\\TAPI32.dll,,,,,,,,,,,M57-Jean-MEM-DLL-1477,Volatility 3 windows.dlllist from M57-Jean memory image
M57-Jean,EVT-M57-Jean-DLL-1478,,,unknown,memory,dlllist,module,loaded,,,soffice.bin,,3560,,,rtutils.dll,C:\\WINDOWS\\system32\\rtutils.dll,,,,,,,,,,,M57-Jean-MEM-DLL-1478,Volatility 3 windows.dlllist from M57-Jean memory image
M57-Jean,EVT-M57-Jean-DLL-1479,,,unknown,memory,dlllist,module,loaded,,,soffice.bin,,3560,,,sensapi.dll,C:\\WINDOWS\\system32\\sensapi.dll,,,,,,,,,,,M57-Jean-MEM-DLL-1479,Volatility 3 windows.dlllist from M57-Jean memory image
M57-Jean,EVT-M57-Jean-DLL-1480,,,unknown,memory,dlllist,module,loaded,,,soffice.bin,,3560,,,security.dll,C:\\WINDOWS\\system32\\security.dll,,,,,,,,,,,M57-Jean-MEM-DLL-1480,Volatility 3 windows.dlllist from M57-Jean memory image
M57-Jean,EVT-M57-Jean-DLL-1481,,,unknown,memory,dlllist,module,loaded,,,soffice.bin,,3560,,,msv1_0.dll,C:\\WINDOWS\\system32\\msv1_0.dll,,,,,,,,,,,M57-Jean-MEM-DLL-1481,Volatility 3 windows.dlllist from M57-Jean memory image
M57-Jean,EVT-M57-Jean-DLL-1482,,,unknown,memory,dlllist,module,loaded,,,soffice.bin,,3560,,,cryptdll.dll,C:\\WINDOWS\\system32\\cryptdll.dll,,,,,,,,,,,M57-Jean-MEM-DLL-1482,Volatility 3 windows.dlllist from M57-Jean memory image
M57-Jean,EVT-M57-Jean-DLL-1483,,,unknown,memory,dlllist,module,loaded,,,soffice.bin,,3560,,,iphlpapi.dll,C:\\WINDOWS\\system32\\iphlpapi.dll,,,,,,,,,,,M57-Jean-MEM-DLL-1483,Volatility 3 windows.dlllist from M57-Jean memory image
M57-Jean,EVT-M57-Jean-DLL-1484,,,unknown,memory,dlllist,module,loaded,,,soffice.bin,,3560,,,hnetcfg.dll,C:\\WINDOWS\\system32\\hnetcfg.dll,,,,,,,,,,,M57-Jean-MEM-DLL-1484,Volatility 3 windows.dlllist from M57-Jean memory image
M57-Jean,EVT-M57-Jean-DLL-1485,,,unknown,memory,dlllist,module,loaded,,,soffice.bin,,3560,,,wshtcpip.dll,C:\\WINDOWS\\System32\\wshtcpip.dll,,,,,,,,,,,M57-Jean-MEM-DLL-1485,Volatility 3 windows.dlllist from M57-Jean memory image
M57-Jean,EVT-M57-Jean-DLL-1486,,,unknown,memory,dlllist,module,loaded,,,cmd.exe,,620,,,cmd.exe,C:\\WINDOWS\\system32\\cmd.exe,,,,,,,,,,,M57-Jean-MEM-DLL-1486,Volatility 3 windows.dlllist from M57-Jean memory image
M57-Jean,EVT-M57-Jean-DLL-1487,,,unknown,memory,dlllist,module,loaded,,,cmd.exe,,620,,,ntdll.dll,C:\\WINDOWS\\system32\\ntdll.dll,,,,,,,,,,,M57-Jean-MEM-DLL-1487,Volatility 3 windows.dlllist from M57-Jean memory image
M57-Jean,EVT-M57-Jean-DLL-1488,,,unknown,memory,dlllist,module,loaded,,,cmd.exe,,620,,,kernel32.dll,C:\\WINDOWS\\system32\\kernel32.dll,,,,,,,,,,,M57-Jean-MEM-DLL-1488,Volatility 3 windows.dlllist from M57-Jean memory image
M57-Jean,EVT-M57-Jean-DLL-1489,,,unknown,memory,dlllist,module,loaded,,,cmd.exe,,620,,,msvcrt.dll,C:\\WINDOWS\\system32\\msvcrt.dll,,,,,,,,,,,M57-Jean-MEM-DLL-1489,Volatility 3 windows.dlllist from M57-Jean memory image
M57-Jean,EVT-M57-Jean-DLL-1490,,,unknown,memory,dlllist,module,loaded,,,cmd.exe,,620,,,USER32.dll,C:\\WINDOWS\\system32\\USER32.dll,,,,,,,,,,,M57-Jean-MEM-DLL-1490,Volatility 3 windows.dlllist from M57-Jean memory image
M57-Jean,EVT-M57-Jean-DLL-1491,,,unknown,memory,dlllist,module,loaded,,,cmd.exe,,620,,,GDI32.dll,C:\\WINDOWS\\system32\\GDI32.dll,,,,,,,,,,,M57-Jean-MEM-DLL-1491,Volatility 3 windows.dlllist from M57-Jean memory image
M57-Jean,EVT-M57-Jean-DLL-1492,,,unknown,memory,dlllist,module,loaded,,,cmd.exe,,620,,,ShimEng.dll,C:\\WINDOWS\\system32\\ShimEng.dll,,,,,,,,,,,M57-Jean-MEM-DLL-1492,Volatility 3 windows.dlllist from M57-Jean memory image
M57-Jean,EVT-M57-Jean-DLL-1493,,,unknown,memory,dlllist,module,loaded,,,cmd.exe,,620,,,AcGenral.DLL,C:\\WINDOWS\\AppPatch\\AcGenral.DLL,,,,,,,,,,,M57-Jean-MEM-DLL-1493,Volatility 3 windows.dlllist from M57-Jean memory image
M57-Jean,EVT-M57-Jean-DLL-1494,,,unknown,memory,dlllist,module,loaded,,,cmd.exe,,620,,,ADVAPI32.dll,C:\\WINDOWS\\system32\\ADVAPI32.dll,,,,,,,,,,,M57-Jean-MEM-DLL-1494,Volatility 3 windows.dlllist from M57-Jean memory image
M57-Jean,EVT-M57-Jean-DLL-1495,,,unknown,memory,dlllist,module,loaded,,,cmd.exe,,620,,,RPCRT4.dll,C:\\WINDOWS\\system32\\RPCRT4.dll,,,,,,,,,,,M57-Jean-MEM-DLL-1495,Volatility 3 windows.dlllist from M57-Jean memory image
M57-Jean,EVT-M57-Jean-DLL-1496,,,unknown,memory,dlllist,module,loaded,,,cmd.exe,,620,,,Secur32.dll,C:\\WINDOWS\\system32\\Secur32.dll,,,,,,,,,,,M57-Jean-MEM-DLL-1496,Volatility 3 windows.dlllist from M57-Jean memory image
M57-Jean,EVT-M57-Jean-DLL-1497,,,unknown,memory,dlllist,module,loaded,,,cmd.exe,,620,,,WINMM.dll,C:\\WINDOWS\\system32\\WINMM.dll,,,,,,,,,,,M57-Jean-MEM-DLL-1497,Volatility 3 windows.dlllist from M57-Jean memory image
M57-Jean,EVT-M57-Jean-DLL-1498,,,unknown,memory,dlllist,module,loaded,,,cmd.exe,,620,,,ole32.dll,C:\\WINDOWS\\system32\\ole32.dll,,,,,,,,,,,M57-Jean-MEM-DLL-1498,Volatility 3 windows.dlllist from M57-Jean memory image
M57-Jean,EVT-M57-Jean-DLL-1499,,,unknown,memory,dlllist,module,loaded,,,cmd.exe,,620,,,OLEAUT32.dll,C:\\WINDOWS\\system32\\OLEAUT32.dll,,,,,,,,,,,M57-Jean-MEM-DLL-1499,Volatility 3 windows.dlllist from M57-Jean memory image
M57-Jean,EVT-M57-Jean-DLL-1500,,,unknown,memory,dlllist,module,loaded,,,cmd.exe,,620,,,MSACM32.dll,C:\\WINDOWS\\system32\\MSACM32.dll,,,,,,,,,,,M57-Jean-MEM-DLL-1500,Volatility 3 windows.dlllist from M57-Jean memory image
M57-Jean,EVT-M57-Jean-DLL-1501,,,unknown,memory,dlllist,module,loaded,,,cmd.exe,,620,,,VERSION.dll,C:\\WINDOWS\\system32\\VERSION.dll,,,,,,,,,,,M57-Jean-MEM-DLL-1501,Volatility 3 windows.dlllist from M57-Jean memory image
M57-Jean,EVT-M57-Jean-DLL-1502,,,unknown,memory,dlllist,module,loaded,,,cmd.exe,,620,,,SHELL32.dll,C:\\WINDOWS\\system32\\SHELL32.dll,,,,,,,,,,,M57-Jean-MEM-DLL-1502,Volatility 3 windows.dlllist from M57-Jean memory image
M57-Jean,EVT-M57-Jean-DLL-1503,,,unknown,memory,dlllist,module,loaded,,,cmd.exe,,620,,,SHLWAPI.dll,C:\\WINDOWS\\system32\\SHLWAPI.dll,,,,,,,,,,,M57-Jean-MEM-DLL-1503,Volatility 3 windows.dlllist from M57-Jean memory image
M57-Jean,EVT-M57-Jean-DLL-1504,,,unknown,memory,dlllist,module,loaded,,,cmd.exe,,620,,,USERENV.dll,C:\\WINDOWS\\system32\\USERENV.dll,,,,,,,,,,,M57-Jean-MEM-DLL-1504,Volatility 3 windows.dlllist from M57-Jean memory image
M57-Jean,EVT-M57-Jean-DLL-1505,,,unknown,memory,dlllist,module,loaded,,,cmd.exe,,620,,,UxTheme.dll,C:\\WINDOWS\\system32\\UxTheme.dll,,,,,,,,,,,M57-Jean-MEM-DLL-1505,Volatility 3 windows.dlllist from M57-Jean memory image
M57-Jean,EVT-M57-Jean-DLL-1506,,,unknown,memory,dlllist,module,loaded,,,cmd.exe,,620,,,IMM32.DLL,C:\\WINDOWS\\system32\\IMM32.DLL,,,,,,,,,,,M57-Jean-MEM-DLL-1506,Volatility 3 windows.dlllist from M57-Jean memory image
M57-Jean,EVT-M57-Jean-DLL-1507,,,unknown,memory,dlllist,module,loaded,,,cmd.exe,,620,,,comctl32.dll,C:\\WINDOWS\\WinSxS\\x86_Microsoft.Windows.Common-Controls_6595b64144ccf1df_6.0.2600.5512_x-ww_35d4ce83\\comctl32.dll,,,,,,,,,,,M57-Jean-MEM-DLL-1507,Volatility 3 windows.dlllist from M57-Jean memory image
M57-Jean,EVT-M57-Jean-DLL-1508,,,unknown,memory,dlllist,module,loaded,,,cmd.exe,,620,,,comctl32.dll,C:\\WINDOWS\\system32\\comctl32.dll,,,,,,,,,,,M57-Jean-MEM-DLL-1508,Volatility 3 windows.dlllist from M57-Jean memory image
M57-Jean,EVT-M57-Jean-DLL-1509,,,unknown,memory,dlllist,module,loaded,,,mdd_1.3.exe,,2992,,,mdd_1.3.exe,z:\\ram\\mdd_1.3.exe,,,,,,,,,,,M57-Jean-MEM-DLL-1509,Volatility 3 windows.dlllist from M57-Jean memory image
M57-Jean,EVT-M57-Jean-DLL-1510,,,unknown,memory,dlllist,module,loaded,,,mdd_1.3.exe,,2992,,,ntdll.dll,C:\\WINDOWS\\system32\\ntdll.dll,,,,,,,,,,,M57-Jean-MEM-DLL-1510,Volatility 3 windows.dlllist from M57-Jean memory image
M57-Jean,EVT-M57-Jean-DLL-1511,,,unknown,memory,dlllist,module,loaded,,,mdd_1.3.exe,,2992,,,kernel32.dll,C:\\WINDOWS\\system32\\kernel32.dll,,,,,,,,,,,M57-Jean-MEM-DLL-1511,Volatility 3 windows.dlllist from M57-Jean memory image
M57-Jean,EVT-M57-Jean-DLL-1512,,,unknown,memory,dlllist,module,loaded,,,mdd_1.3.exe,,2992,,,ADVAPI32.dll,C:\\WINDOWS\\system32\\ADVAPI32.dll,,,,,,,,,,,M57-Jean-MEM-DLL-1512,Volatility 3 windows.dlllist from M57-Jean memory image
M57-Jean,EVT-M57-Jean-DLL-1513,,,unknown,memory,dlllist,module,loaded,,,mdd_1.3.exe,,2992,,,RPCRT4.dll,C:\\WINDOWS\\system32\\RPCRT4.dll,,,,,,,,,,,M57-Jean-MEM-DLL-1513,Volatility 3 windows.dlllist from M57-Jean memory image
M57-Jean,EVT-M57-Jean-DLL-1514,,,unknown,memory,dlllist,module,loaded,,,mdd_1.3.exe,,2992,,,Secur32.dll,C:\\WINDOWS\\system32\\Secur32.dll,,,,,,,,,,,M57-Jean-MEM-DLL-1514,Volatility 3 windows.dlllist from M57-Jean memory image
M57-Jean,EVT-M57-Jean-DLL-1515,,,unknown,memory,dlllist,module,loaded,,,mdd_1.3.exe,,2992,,,SHELL32.dll,C:\\WINDOWS\\system32\\SHELL32.dll,,,,,,,,,,,M57-Jean-MEM-DLL-1515,Volatility 3 windows.dlllist from M57-Jean memory image
M57-Jean,EVT-M57-Jean-DLL-1516,,,unknown,memory,dlllist,module,loaded,,,mdd_1.3.exe,,2992,,,GDI32.dll,C:\\WINDOWS\\system32\\GDI32.dll,,,,,,,,,,,M57-Jean-MEM-DLL-1516,Volatility 3 windows.dlllist from M57-Jean memory image
M57-Jean,EVT-M57-Jean-DLL-1517,,,unknown,memory,dlllist,module,loaded,,,mdd_1.3.exe,,2992,,,USER32.dll,C:\\WINDOWS\\system32\\USER32.dll,,,,,,,,,,,M57-Jean-MEM-DLL-1517,Volatility 3 windows.dlllist from M57-Jean memory image
M57-Jean,EVT-M57-Jean-DLL-1518,,,unknown,memory,dlllist,module,loaded,,,mdd_1.3.exe,,2992,,,msvcrt.dll,C:\\WINDOWS\\system32\\msvcrt.dll,,,,,,,,,,,M57-Jean-MEM-DLL-1518,Volatility 3 windows.dlllist from M57-Jean memory image
M57-Jean,EVT-M57-Jean-DLL-1519,,,unknown,memory,dlllist,module,loaded,,,mdd_1.3.exe,,2992,,,SHLWAPI.dll,C:\\WINDOWS\\system32\\SHLWAPI.dll,,,,,,,,,,,M57-Jean-MEM-DLL-1519,Volatility 3 windows.dlllist from M57-Jean memory image
M57-Jean,EVT-M57-Jean-DLL-1520,,,unknown,memory,dlllist,module,loaded,,,mdd_1.3.exe,,2992,,,IMM32.DLL,C:\\WINDOWS\\system32\\IMM32.DLL,,,,,,,,,,,M57-Jean-MEM-DLL-1520,Volatility 3 windows.dlllist from M57-Jean memory image
M57-Jean,EVT-M57-Jean-DLL-1521,,,unknown,memory,dlllist,module,loaded,,,mdd_1.3.exe,,2992,,,comctl32.dll,C:\\WINDOWS\\WinSxS\\x86_Microsoft.Windows.Common-Controls_6595b64144ccf1df_6.0.2600.5512_x-ww_35d4ce83\\comctl32.dll,,,,,,,,,,,M57-Jean-MEM-DLL-1521,Volatility 3 windows.dlllist from M57-Jean memory image
M57-Jean,EVT-M57-Jean-DLL-1522,,,unknown,memory,dlllist,module,loaded,,,mdd_1.3.exe,,2992,,,comctl32.dll,C:\\WINDOWS\\system32\\comctl32.dll,,,,,,,,,,,M57-Jean-MEM-DLL-1522,Volatility 3 windows.dlllist from M57-Jean memory image
M57-Jean,EVT-M57-Jean-DLL-1523,,,unknown,memory,dlllist,module,loaded,,,mdd_1.3.exe,,2992,,,rsaenh.dll,C:\\WINDOWS\\system32\\rsaenh.dll,,,,,,,,,,,M57-Jean-MEM-DLL-1523,Volatility 3 windows.dlllist from M57-Jean memory image
M57-Jean,EVT-M57-Jean-MEMORY-0,,,unknown,memory,malfind,memory_region,suspicious_region_observed,,,csrss.exe,,908,,,,0x850000 - 0xb4ffff,,,,,,,,,,PAGE_EXECUTE_READ,M57-Jean-MEM-MALFIND-0,Volatility 3 windows.malware.malfind observation from M57-Jean memory image
M57-Jean,EVT-M57-Jean-MEMORY-1,,,unknown,memory,malfind,memory_region,suspicious_region_observed,,,csrss.exe,,908,,,,0x7f6f0000 - 0x7f7effff,,,,,,,,,,PAGE_EXECUTE_READWRITE,M57-Jean-MEM-MALFIND-1,Volatility 3 windows.malware.malfind observation from M57-Jean memory image
M57-Jean,EVT-M57-Jean-MEMORY-2,,,unknown,memory,malfind,memory_region,suspicious_region_observed,,,winlogon.exe,,932,,,,0x580000 - 0x59ffff,,,,,,,,,,PAGE_EXECUTE_READ,M57-Jean-MEM-MALFIND-2,Volatility 3 windows.malware.malfind observation from M57-Jean memory image
M57-Jean,EVT-M57-Jean-MEMORY-3,,,unknown,memory,malfind,memory_region,suspicious_region_observed,,,winlogon.exe,,932,,,,0x7f6f0000 - 0x7f7effff,,,,,,,,,,PAGE_EXECUTE_READ,M57-Jean-MEM-MALFIND-3,Volatility 3 windows.malware.malfind observation from M57-Jean memory image
M57-Jean,EVT-M57-Jean-MEMORY-4,,,unknown,memory,malfind,memory_region,suspicious_region_observed,,,services.exe,,976,,,,0x280000 - 0x347fff,,,,,,,,,,PAGE_EXECUTE_READ,M57-Jean-MEM-MALFIND-4,Volatility 3 windows.malware.malfind observation from M57-Jean memory image
M57-Jean,EVT-M57-Jean-MEMORY-5,,,unknown,memory,malfind,memory_region,suspicious_region_observed,,,lsass.exe,,988,,,,0x280000 - 0x347fff,,,,,,,,,,PAGE_EXECUTE_READ,M57-Jean-MEM-MALFIND-5,Volatility 3 windows.malware.malfind observation from M57-Jean memory image
M57-Jean,EVT-M57-Jean-MEMORY-6,,,unknown,memory,malfind,memory_region,suspicious_region_observed,,,svchost.exe,,1152,,,,0x7f6f0000 - 0x7f7effff,,,,,,,,,,PAGE_EXECUTE_READ,M57-Jean-MEM-MALFIND-6,Volatility 3 windows.malware.malfind observation from M57-Jean memory image
M57-Jean,EVT-M57-Jean-MEMORY-7,,,unknown,memory,malfind,memory_region,suspicious_region_observed,,,svchost.exe,,1248,,,,0x7f6f0000 - 0x7f7effff,,,,,,,,,,PAGE_EXECUTE_READ,M57-Jean-MEM-MALFIND-7,Volatility 3 windows.malware.malfind observation from M57-Jean memory image
M57-Jean,EVT-M57-Jean-MEMORY-8,,,unknown,memory,malfind,memory_region,suspicious_region_observed,,,svchost.exe,,1372,,,,0x530000 - 0x5affff,,,,,,,,,,PAGE_EXECUTE_READ,M57-Jean-MEM-MALFIND-8,Volatility 3 windows.malware.malfind observation from M57-Jean memory image
M57-Jean,EVT-M57-Jean-MEMORY-9,,,unknown,memory,malfind,memory_region,suspicious_region_observed,,,svchost.exe,,1372,,,,0x7f6f0000 - 0x7f7effff,,,,,,,,,,PAGE_EXECUTE_READ,M57-Jean-MEM-MALFIND-9,Volatility 3 windows.malware.malfind observation from M57-Jean memory image
M57-Jean,EVT-M57-Jean-MEMORY-10,,,unknown,memory,malfind,memory_region,suspicious_region_observed,,,svchost.exe,,1432,,,,0x7f6f0000 - 0x7f7effff,,,,,,,,,,PAGE_EXECUTE_READ,M57-Jean-MEM-MALFIND-10,Volatility 3 windows.malware.malfind observation from M57-Jean memory image
M57-Jean,EVT-M57-Jean-MEMORY-11,,,unknown,memory,malfind,memory_region,suspicious_region_observed,,,svchost.exe,,1732,,,,0x7f6f0000 - 0x7f7effff,,,,,,,,,,PAGE_EXECUTE_READ,M57-Jean-MEM-MALFIND-11,Volatility 3 windows.malware.malfind observation from M57-Jean memory image
M57-Jean,EVT-M57-Jean-MEMORY-12,,,unknown,memory,malfind,memory_region,suspicious_region_observed,,,spoolsv.exe,,1996,,,,0x280000 - 0x347fff,,,,,,,,,,PAGE_EXECUTE_READ,M57-Jean-MEM-MALFIND-12,Volatility 3 windows.malware.malfind observation from M57-Jean memory image
M57-Jean,EVT-M57-Jean-MEMORY-13,,,unknown,memory,malfind,memory_region,suspicious_region_observed,,,AVGIDSAgent.exe,,2028,,,,0x380000 - 0x3fffff,,,,,,,,,,PAGE_EXECUTE_READ,M57-Jean-MEM-MALFIND-13,Volatility 3 windows.malware.malfind observation from M57-Jean memory image
M57-Jean,EVT-M57-Jean-MEMORY-14,,,unknown,memory,malfind,memory_region,suspicious_region_observed,,,AVGIDSAgent.exe,,2028,,,,0x9e0000 - 0xaa7fff,,,,,,,,,,PAGE_EXECUTE_READ,M57-Jean-MEM-MALFIND-14,Volatility 3 windows.malware.malfind observation from M57-Jean memory image
M57-Jean,EVT-M57-Jean-MEMORY-15,,,unknown,memory,malfind,memory_region,suspicious_region_observed,,,AVGIDSAgent.exe,,2028,,,,0x7f6f0000 - 0x7f7effff,,,,,,,,,,PAGE_EXECUTE_READ,M57-Jean-MEM-MALFIND-15,Volatility 3 windows.malware.malfind observation from M57-Jean memory image
M57-Jean,EVT-M57-Jean-MEMORY-16,,,unknown,memory,malfind,memory_region,suspicious_region_observed,,,svchost.exe,,1572,,,,0x7f6f0000 - 0x7f7effff,,,,,,,,,,PAGE_EXECUTE_READ,M57-Jean-MEM-MALFIND-16,Volatility 3 windows.malware.malfind observation from M57-Jean memory image
M57-Jean,EVT-M57-Jean-MEMORY-17,,,unknown,memory,malfind,memory_region,suspicious_region_observed,,,avgwdsvc.exe,,1664,,,,0x450000 - 0x517fff,,,,,,,,,,PAGE_EXECUTE_READ,M57-Jean-MEM-MALFIND-17,Volatility 3 windows.malware.malfind observation from M57-Jean memory image
M57-Jean,EVT-M57-Jean-MEMORY-18,,,unknown,memory,malfind,memory_region,suspicious_region_observed,,,avgwdsvc.exe,,1664,,,,0x7f6f0000 - 0x7f7effff,,,,,,,,,,PAGE_EXECUTE_READ,M57-Jean-MEM-MALFIND-18,Volatility 3 windows.malware.malfind observation from M57-Jean memory image
M57-Jean,EVT-M57-Jean-MEMORY-19,,,unknown,memory,malfind,memory_region,suspicious_region_observed,,,explorer.exe,,1944,,,,0x290000 - 0x357fff,,,,,,,,,,PAGE_EXECUTE_READ,M57-Jean-MEM-MALFIND-19,Volatility 3 windows.malware.malfind observation from M57-Jean memory image
M57-Jean,EVT-M57-Jean-MEMORY-20,,,unknown,memory,malfind,memory_region,suspicious_region_observed,,,explorer.exe,,1944,,,,0x560000 - 0x85ffff,,,,,,,,,,PAGE_EXECUTE_READ,M57-Jean-MEM-MALFIND-20,Volatility 3 windows.malware.malfind observation from M57-Jean memory image
M57-Jean,EVT-M57-Jean-MEMORY-21,,,unknown,memory,malfind,memory_region,suspicious_region_observed,,,explorer.exe,,1944,,,,0x7f6f0000 - 0x7f7effff,,,,,,,,,,PAGE_EXECUTE_READ,M57-Jean-MEM-MALFIND-21,Volatility 3 windows.malware.malfind observation from M57-Jean memory image
M57-Jean,EVT-M57-Jean-MEMORY-22,,,unknown,memory,malfind,memory_region,suspicious_region_observed,,,hkcmd.exe,,1504,,,,0x540000 - 0x83ffff,,,,,,,,,,PAGE_EXECUTE_READ,M57-Jean-MEM-MALFIND-22,Volatility 3 windows.malware.malfind observation from M57-Jean memory image
M57-Jean,EVT-M57-Jean-MEMORY-23,,,unknown,memory,malfind,memory_region,suspicious_region_observed,,,avgtray.exe,,1508,,,,0x7e0000 - 0xadffff,,,,,,,,,,PAGE_EXECUTE_READ,M57-Jean-MEM-MALFIND-23,Volatility 3 windows.malware.malfind observation from M57-Jean memory image
M57-Jean,EVT-M57-Jean-MEMORY-24,,,unknown,memory,malfind,memory_region,suspicious_region_observed,,,avgtray.exe,,1508,,,,0x600000 - 0x6c7fff,,,,,,,,,,PAGE_EXECUTE_READ,M57-Jean-MEM-MALFIND-24,Volatility 3 windows.malware.malfind observation from M57-Jean memory image
M57-Jean,EVT-M57-Jean-MEMORY-25,,,unknown,memory,malfind,memory_region,suspicious_region_observed,,,jusched.exe,,1528,,,,0x430000 - 0x4f7fff,,,,,,,,,,PAGE_EXECUTE_READ,M57-Jean-MEM-MALFIND-25,Volatility 3 windows.malware.malfind observation from M57-Jean memory image
M57-Jean,EVT-M57-Jean-MEMORY-26,,,unknown,memory,malfind,memory_region,suspicious_region_observed,,,ctfmon.exe,,1676,,,,0x560000 - 0x85ffff,,,,,,,,,,PAGE_EXECUTE_READ,M57-Jean-MEM-MALFIND-26,Volatility 3 windows.malware.malfind observation from M57-Jean memory image
M57-Jean,EVT-M57-Jean-MEMORY-27,,,unknown,memory,malfind,memory_region,suspicious_region_observed,,,msmsgs.exe,,1752,,,,0x2a0000 - 0x367fff,,,,,,,,,,PAGE_EXECUTE_READ,M57-Jean-MEM-MALFIND-27,Volatility 3 windows.malware.malfind observation from M57-Jean memory image
M57-Jean,EVT-M57-Jean-MEMORY-28,,,unknown,memory,malfind,memory_region,suspicious_region_observed,,,msmsgs.exe,,1752,,,,0x520000 - 0x81ffff,,,,,,,,,,PAGE_EXECUTE_READ,M57-Jean-MEM-MALFIND-28,Volatility 3 windows.malware.malfind observation from M57-Jean memory image
M57-Jean,EVT-M57-Jean-MEMORY-29,,,unknown,memory,malfind,memory_region,suspicious_region_observed,,,AVGIDSMonitor.e,,1836,,,,0x4a0000 - 0x567fff,,,,,,,,,,PAGE_EXECUTE_READ,M57-Jean-MEM-MALFIND-29,Volatility 3 windows.malware.malfind observation from M57-Jean memory image
M57-Jean,EVT-M57-Jean-MEMORY-30,,,unknown,memory,malfind,memory_region,suspicious_region_observed,,,AVGIDSMonitor.e,,1836,,,,0x680000 - 0x97ffff,,,,,,,,,,PAGE_EXECUTE_READ,M57-Jean-MEM-MALFIND-30,Volatility 3 windows.malware.malfind observation from M57-Jean memory image
M57-Jean,EVT-M57-Jean-MEMORY-31,,,unknown,memory,malfind,memory_region,suspicious_region_observed,,,AVGIDSMonitor.e,,1836,,,,0x7f6f0000 - 0x7f7effff,,,,,,,,,,PAGE_EXECUTE_READ,M57-Jean-MEM-MALFIND-31,Volatility 3 windows.malware.malfind observation from M57-Jean memory image
M57-Jean,EVT-M57-Jean-MEMORY-32,,,unknown,memory,malfind,memory_region,suspicious_region_observed,,,avgemc.exe,,2132,,,,0x4e0000 - 0x5a7fff,,,,,,,,,,PAGE_EXECUTE_READ,M57-Jean-MEM-MALFIND-32,Volatility 3 windows.malware.malfind observation from M57-Jean memory image
M57-Jean,EVT-M57-Jean-MEMORY-33,,,unknown,memory,malfind,memory_region,suspicious_region_observed,,,msimn.exe,,208,,,,0x490000 - 0x78ffff,,,,,,,,,,PAGE_EXECUTE_READ,M57-Jean-MEM-MALFIND-33,Volatility 3 windows.malware.malfind observation from M57-Jean memory image
M57-Jean,EVT-M57-Jean-MEMORY-34,,,unknown,memory,malfind,memory_region,suspicious_region_observed,,,msimn.exe,,208,,,,0x7f6f0000 - 0x7f7effff,,,,,,,,,,PAGE_EXECUTE_READ,M57-Jean-MEM-MALFIND-34,Volatility 3 windows.malware.malfind observation from M57-Jean memory image
M57-Jean,EVT-M57-Jean-MEMORY-35,,,unknown,memory,malfind,memory_region,suspicious_region_observed,,,firefox.exe,,2892,,,,0xce0000 - 0xfdffff,,,,,,,,,,PAGE_EXECUTE_READ,M57-Jean-MEM-MALFIND-35,Volatility 3 windows.malware.malfind observation from M57-Jean memory image
M57-Jean,EVT-M57-Jean-MEMORY-36,,,unknown,memory,malfind,memory_region,suspicious_region_observed,,,firefox.exe,,2892,,,,0x1790000 - 0x1790fff,,,,,,,,,,PAGE_EXECUTE_READWRITE,M57-Jean-MEM-MALFIND-36,Volatility 3 windows.malware.malfind observation from M57-Jean memory image
M57-Jean,EVT-M57-Jean-MEMORY-37,,,unknown,memory,malfind,memory_region,suspicious_region_observed,,,firefox.exe,,2892,,,,0x17a0000 - 0x17a1fff,,,,,,,,,,PAGE_EXECUTE_READWRITE,M57-Jean-MEM-MALFIND-37,Volatility 3 windows.malware.malfind observation from M57-Jean memory image
M57-Jean,EVT-M57-Jean-MEMORY-38,,,unknown,memory,malfind,memory_region,suspicious_region_observed,,,firefox.exe,,2892,,,,0x17b0000 - 0x17b0fff,,,,,,,,,,PAGE_EXECUTE_READWRITE,M57-Jean-MEM-MALFIND-38,Volatility 3 windows.malware.malfind observation from M57-Jean memory image
M57-Jean,EVT-M57-Jean-MEMORY-39,,,unknown,memory,malfind,memory_region,suspicious_region_observed,,,firefox.exe,,2892,,,,0x17c0000 - 0x17c1fff,,,,,,,,,,PAGE_EXECUTE_READWRITE,M57-Jean-MEM-MALFIND-39,Volatility 3 windows.malware.malfind observation from M57-Jean memory image
M57-Jean,EVT-M57-Jean-MEMORY-40,,,unknown,memory,malfind,memory_region,suspicious_region_observed,,,firefox.exe,,2892,,,,0x2250000 - 0x228ffff,,,,,,,,,,PAGE_EXECUTE_READWRITE,M57-Jean-MEM-MALFIND-40,Volatility 3 windows.malware.malfind observation from M57-Jean memory image
M57-Jean,EVT-M57-Jean-MEMORY-41,,,unknown,memory,malfind,memory_region,suspicious_region_observed,,,firefox.exe,,2892,,,,0x2290000 - 0x229ffff,,,,,,,,,,PAGE_EXECUTE_READWRITE,M57-Jean-MEM-MALFIND-41,Volatility 3 windows.malware.malfind observation from M57-Jean memory image
M57-Jean,EVT-M57-Jean-MEMORY-42,,,unknown,memory,malfind,memory_region,suspicious_region_observed,,,firefox.exe,,2892,,,,0x2bc0000 - 0x2bdffff,,,,,,,,,,PAGE_EXECUTE_READWRITE,M57-Jean-MEM-MALFIND-42,Volatility 3 windows.malware.malfind observation from M57-Jean memory image
M57-Jean,EVT-M57-Jean-MEMORY-43,,,unknown,memory,malfind,memory_region,suspicious_region_observed,,,firefox.exe,,2892,,,,0x33f0000 - 0x33f3fff,,,,,,,,,,PAGE_EXECUTE_READWRITE,M57-Jean-MEM-MALFIND-43,Volatility 3 windows.malware.malfind observation from M57-Jean memory image
M57-Jean,EVT-M57-Jean-MEMORY-44,,,unknown,memory,malfind,memory_region,suspicious_region_observed,,,firefox.exe,,2892,,,,0x33e0000 - 0x33e3fff,,,,,,,,,,PAGE_EXECUTE_READWRITE,M57-Jean-MEM-MALFIND-44,Volatility 3 windows.malware.malfind observation from M57-Jean memory image
M57-Jean,EVT-M57-Jean-MEMORY-45,,,unknown,memory,malfind,memory_region,suspicious_region_observed,,,firefox.exe,,2892,,,,0x3470000 - 0x3477fff,,,,,,,,,,PAGE_EXECUTE_READWRITE,M57-Jean-MEM-MALFIND-45,Volatility 3 windows.malware.malfind observation from M57-Jean memory image
M57-Jean,EVT-M57-Jean-MEMORY-46,,,unknown,memory,malfind,memory_region,suspicious_region_observed,,,firefox.exe,,2892,,,,0x3610000 - 0x361ffff,,,,,,,,,,PAGE_EXECUTE_READWRITE,M57-Jean-MEM-MALFIND-46,Volatility 3 windows.malware.malfind observation from M57-Jean memory image
M57-Jean,EVT-M57-Jean-MEMORY-47,,,unknown,memory,malfind,memory_region,suspicious_region_observed,,,firefox.exe,,2892,,,,0x45b0000 - 0x45b7fff,,,,,,,,,,PAGE_EXECUTE_READWRITE,M57-Jean-MEM-MALFIND-47,Volatility 3 windows.malware.malfind observation from M57-Jean memory image
M57-Jean,EVT-M57-Jean-MEMORY-48,,,unknown,memory,malfind,memory_region,suspicious_region_observed,,,soffice.bin,,3560,,,,0x2960000 - 0x2960fff,,,,,,,,,,PAGE_EXECUTE_READWRITE,M57-Jean-MEM-MALFIND-48,Volatility 3 windows.malware.malfind observation from M57-Jean memory image
